// Generado por tools/fonts/make_vlw.py desde SpecialElite-Regular.ttf (Regular, 18 px). No editar.
#pragma once
#include <pgmspace.h>

const uint8_t elite18[] PROGMEM = {
  0x00, 0x00, 0x00, 0x73, 0x00, 0x00, 0x00, 0x0B, 0x00, 0x00, 0x00, 0x12, 0x00, 0x00, 0x00, 0x00, 0x00, 0x00, 0x00, 0x0D, 0x00, 0x00, 0x00, 0x06,
  0x00, 0x00, 0x00, 0x21, 0x00, 0x00, 0x00, 0x0D, 0x00, 0x00, 0x00, 0x05, 0x00, 0x00, 0x00, 0x05, 0x00, 0x00, 0x00, 0x0D, 0x00, 0x00, 0x00, 0x00,
  0x00, 0x00, 0x00, 0x00, 0x00, 0x00, 0x00, 0x22, 0x00, 0x00, 0x00, 0x0D, 0x00, 0x00, 0x00, 0x06, 0x00, 0x00, 0x00, 0x06, 0x00, 0x00, 0x00, 0x0D,
  0x00, 0x00, 0x00, 0x00, 0x00, 0x00, 0x00, 0x00, 0x00, 0x00, 0x00, 0x23, 0x00, 0x00, 0x00, 0x0E, 0x00, 0x00, 0x00, 0x0A, 0x00, 0x00, 0x00, 0x0A,
  0x00, 0x00, 0x00, 0x0D, 0x00, 0x00, 0x00, 0x00, 0x00, 0x00, 0x00, 0x00, 0x00, 0x00, 0x00, 0x24, 0x00, 0x00, 0x00, 0x15, 0x00, 0x00, 0x00, 0x09,
  0x00, 0x00, 0x00, 0x09, 0x00, 0x00, 0x00, 0x11, 0x00, 0x00, 0x00, 0x00, 0x00, 0x00, 0x00, 0x00, 0x00, 0x00, 0x00, 0x25, 0x00, 0x00, 0x00, 0x14,
  0x00, 0x00, 0x00, 0x0C, 0x00, 0x00, 0x00, 0x0C, 0x00, 0x00, 0x00, 0x10, 0x00, 0x00, 0x00, 0x00, 0x00, 0x00, 0x00, 0x00, 0x00, 0x00, 0x00, 0x26,
  0x00, 0x00, 0x00, 0x0E, 0x00, 0x00, 0x00, 0x0C, 0x00, 0x00, 0x00, 0x0C, 0x00, 0x00, 0x00, 0x0D, 0x00, 0x00, 0x00, 0x00, 0x00, 0x00, 0x00, 0x00,
  0x00, 0x00, 0x00, 0x27, 0x00, 0x00, 0x00, 0x0D, 0x00, 0x00, 0x00, 0x04, 0x00, 0x00, 0x00, 0x04, 0x00, 0x00, 0x00, 0x0D, 0x00, 0x00, 0x00, 0x00,
  0x00, 0x00, 0x00, 0x00, 0x00, 0x00, 0x00, 0x28, 0x00, 0x00, 0x00, 0x10, 0x00, 0x00, 0x00, 0x05, 0x00, 0x00, 0x00, 0x05, 0x00, 0x00, 0x00, 0x0E,
  0x00, 0x00, 0x00, 0x00, 0x00, 0x00, 0x00, 0x00, 0x00, 0x00, 0x00, 0x29, 0x00, 0x00, 0x00, 0x10, 0x00, 0x00, 0x00, 0x05, 0x00, 0x00, 0x00, 0x05,
  0x00, 0x00, 0x00, 0x0E, 0x00, 0x00, 0x00, 0x00, 0x00, 0x00, 0x00, 0x00, 0x00, 0x00, 0x00, 0x2A, 0x00, 0x00, 0x00, 0x0D, 0x00, 0x00, 0x00, 0x09,
  0x00, 0x00, 0x00, 0x09, 0x00, 0x00, 0x00, 0x0D, 0x00, 0x00, 0x00, 0x00, 0x00, 0x00, 0x00, 0x00, 0x00, 0x00, 0x00, 0x2B, 0x00, 0x00, 0x00, 0x0B,
  0x00, 0x00, 0x00, 0x09, 0x00, 0x00, 0x00, 0x09, 0x00, 0x00, 0x00, 0x0B, 0x00, 0x00, 0x00, 0x00, 0x00, 0x00, 0x00, 0x00, 0x00, 0x00, 0x00, 0x2C,
  0x00, 0x00, 0x00, 0x09, 0x00, 0x00, 0x00, 0x06, 0x00, 0x00, 0x00, 0x06, 0x00, 0x00, 0x00, 0x05, 0x00, 0x00, 0x00, 0x00, 0x00, 0x00, 0x00, 0x00,
  0x00, 0x00, 0x00, 0x2D, 0x00, 0x00, 0x00, 0x08, 0x00, 0x00, 0x00, 0x0B, 0x00, 0x00, 0x00, 0x0B, 0x00, 0x00, 0x00, 0x08, 0x00, 0x00, 0x00, 0x00,
  0x00, 0x00, 0x00, 0x00, 0x00, 0x00, 0x00, 0x2E, 0x00, 0x00, 0x00, 0x06, 0x00, 0x00, 0x00, 0x06, 0x00, 0x00, 0x00, 0x06, 0x00, 0x00, 0x00, 0x05,
  0x00, 0x00, 0x00, 0x00, 0x00, 0x00, 0x00, 0x00, 0x00, 0x00, 0x00, 0x2F, 0x00, 0x00, 0x00, 0x0F, 0x00, 0x00, 0x00, 0x0A, 0x00, 0x00, 0x00, 0x0A,
  0x00, 0x00, 0x00, 0x0E, 0x00, 0x00, 0x00, 0x00, 0x00, 0x00, 0x00, 0x00, 0x00, 0x00, 0x00, 0x30, 0x00, 0x00, 0x00, 0x0D, 0x00, 0x00, 0x00, 0x0B,
  0x00, 0x00, 0x00, 0x0B, 0x00, 0x00, 0x00, 0x0D, 0x00, 0x00, 0x00, 0x00, 0x00, 0x00, 0x00, 0x00, 0x00, 0x00, 0x00, 0x31, 0x00, 0x00, 0x00, 0x0E,
  0x00, 0x00, 0x00, 0x0B, 0x00, 0x00, 0x00, 0x0A, 0x00, 0x00, 0x00, 0x0D, 0x00, 0x00, 0x00, 0x00, 0x00, 0x00, 0x00, 0x00, 0x00, 0x00, 0x00, 0x32,
  0x00, 0x00, 0x00, 0x0E, 0x00, 0x00, 0x00, 0x0A, 0x00, 0x00, 0x00, 0x0A, 0x00, 0x00, 0x00, 0x0D, 0x00, 0x00, 0x00, 0x00, 0x00, 0x00, 0x00, 0x00,
  0x00, 0x00, 0x00, 0x33, 0x00, 0x00, 0x00, 0x0E, 0x00, 0x00, 0x00, 0x0A, 0x00, 0x00, 0x00, 0x0A, 0x00, 0x00, 0x00, 0x0D, 0x00, 0x00, 0x00, 0x00,
  0x00, 0x00, 0x00, 0x00, 0x00, 0x00, 0x00, 0x34, 0x00, 0x00, 0x00, 0x0D, 0x00, 0x00, 0x00, 0x0B, 0x00, 0x00, 0x00, 0x0B, 0x00, 0x00, 0x00, 0x0D,
  0x00, 0x00, 0x00, 0x00, 0x00, 0x00, 0x00, 0x00, 0x00, 0x00, 0x00, 0x35, 0x00, 0x00, 0x00, 0x0D, 0x00, 0x00, 0x00, 0x0A, 0x00, 0x00, 0x00, 0x0A,
  0x00, 0x00, 0x00, 0x0D, 0x00, 0x00, 0x00, 0x00, 0x00, 0x00, 0x00, 0x00, 0x00, 0x00, 0x00, 0x36, 0x00, 0x00, 0x00, 0x0E, 0x00, 0x00, 0x00, 0x0B,
  0x00, 0x00, 0x00, 0x0B, 0x00, 0x00, 0x00, 0x0D, 0x00, 0x00, 0x00, 0x00, 0x00, 0x00, 0x00, 0x00, 0x00, 0x00, 0x00, 0x37, 0x00, 0x00, 0x00, 0x0F,
  0x00, 0x00, 0x00, 0x0A, 0x00, 0x00, 0x00, 0x0A, 0x00, 0x00, 0x00, 0x0E, 0x00, 0x00, 0x00, 0x00, 0x00, 0x00, 0x00, 0x00, 0x00, 0x00, 0x00, 0x38,
  0x00, 0x00, 0x00, 0x0D, 0x00, 0x00, 0x00, 0x0B, 0x00, 0x00, 0x00, 0x0B, 0x00, 0x00, 0x00, 0x0D, 0x00, 0x00, 0x00, 0x00, 0x00, 0x00, 0x00, 0x00,
  0x00, 0x00, 0x00, 0x39, 0x00, 0x00, 0x00, 0x0E, 0x00, 0x00, 0x00, 0x0B, 0x00, 0x00, 0x00, 0x0B, 0x00, 0x00, 0x00, 0x0D, 0x00, 0x00, 0x00, 0x00,
  0x00, 0x00, 0x00, 0x00, 0x00, 0x00, 0x00, 0x3A, 0x00, 0x00, 0x00, 0x0B, 0x00, 0x00, 0x00, 0x06, 0x00, 0x00, 0x00, 0x06, 0x00, 0x00, 0x00, 0x0A,
  0x00, 0x00, 0x00, 0x00, 0x00, 0x00, 0x00, 0x00, 0x00, 0x00, 0x00, 0x3B, 0x00, 0x00, 0x00, 0x0E, 0x00, 0x00, 0x00, 0x06, 0x00, 0x00, 0x00, 0x06,
  0x00, 0x00, 0x00, 0x0A, 0x00, 0x00, 0x00, 0x00, 0x00, 0x00, 0x00, 0x00, 0x00, 0x00, 0x00, 0x3C, 0x00, 0x00, 0x00, 0x0B, 0x00, 0x00, 0x00, 0x08,
  0x00, 0x00, 0x00, 0x08, 0x00, 0x00, 0x00, 0x0B, 0x00, 0x00, 0x00, 0x00, 0x00, 0x00, 0x00, 0x00, 0x00, 0x00, 0x00, 0x3D, 0x00, 0x00, 0x00, 0x0A,
  0x00, 0x00, 0x00, 0x0B, 0x00, 0x00, 0x00, 0x0B, 0x00, 0x00, 0x00, 0x0A, 0x00, 0x00, 0x00, 0x00, 0x00, 0x00, 0x00, 0x00, 0x00, 0x00, 0x00, 0x3E,
  0x00, 0x00, 0x00, 0x0B, 0x00, 0x00, 0x00, 0x08, 0x00, 0x00, 0x00, 0x08, 0x00, 0x00, 0x00, 0x0B, 0x00, 0x00, 0x00, 0x00, 0x00, 0x00, 0x00, 0x00,
  0x00, 0x00, 0x00, 0x3F, 0x00, 0x00, 0x00, 0x0E, 0x00, 0x00, 0x00, 0x08, 0x00, 0x00, 0x00, 0x08, 0x00, 0x00, 0x00, 0x0E, 0x00, 0x00, 0x00, 0x00,
  0x00, 0x00, 0x00, 0x00, 0x00, 0x00, 0x00, 0x40, 0x00, 0x00, 0x00, 0x0E, 0x00, 0x00, 0x00, 0x0C, 0x00, 0x00, 0x00, 0x0C, 0x00, 0x00, 0x00, 0x0D,
  0x00, 0x00, 0x00, 0x00, 0x00, 0x00, 0x00, 0x00, 0x00, 0x00, 0x00, 0x41, 0x00, 0x00, 0x00, 0x0E, 0x00, 0x00, 0x00, 0x0B, 0x00, 0x00, 0x00, 0x0A,
  0x00, 0x00, 0x00, 0x0D, 0xFF, 0xFF, 0xFF, 0xFF, 0x00, 0x00, 0x00, 0x00, 0x00, 0x00, 0x00, 0x42, 0x00, 0x00, 0x00, 0x0E, 0x00, 0x00, 0x00, 0x0B,
  0x00, 0x00, 0x00, 0x0B, 0x00, 0x00, 0x00, 0x0D, 0x00, 0x00, 0x00, 0x00, 0x00, 0x00, 0x00, 0x00, 0x00, 0x00, 0x00, 0x43, 0x00, 0x00, 0x00, 0x0E,
  0x00, 0x00, 0x00, 0x0A, 0x00, 0x00, 0x00, 0x0A, 0x00, 0x00, 0x00, 0x0D, 0x00, 0x00, 0x00, 0x00, 0x00, 0x00, 0x00, 0x00, 0x00, 0x00, 0x00, 0x44,
  0x00, 0x00, 0x00, 0x0E, 0x00, 0x00, 0x00, 0x0B, 0x00, 0x00, 0x00, 0x0B, 0x00, 0x00, 0x00, 0x0D, 0x00, 0x00, 0x00, 0x00, 0x00, 0x00, 0x00, 0x00,
  0x00, 0x00, 0x00, 0x45, 0x00, 0x00, 0x00, 0x0E, 0x00, 0x00, 0x00, 0x0C, 0x00, 0x00, 0x00, 0x0C, 0x00, 0x00, 0x00, 0x0D, 0x00, 0x00, 0x00, 0x00,
  0x00, 0x00, 0x00, 0x00, 0x00, 0x00, 0x00, 0x46, 0x00, 0x00, 0x00, 0x0E, 0x00, 0x00, 0x00, 0x0B, 0x00, 0x00, 0x00, 0x0B, 0x00, 0x00, 0x00, 0x0D,
  0x00, 0x00, 0x00, 0x00, 0x00, 0x00, 0x00, 0x00, 0x00, 0x00, 0x00, 0x47, 0x00, 0x00, 0x00, 0x0E, 0x00, 0x00, 0x00, 0x0B, 0x00, 0x00, 0x00, 0x0B,
  0x00, 0x00, 0x00, 0x0D, 0x00, 0x00, 0x00, 0x00, 0x00, 0x00, 0x00, 0x00, 0x00, 0x00, 0x00, 0x48, 0x00, 0x00, 0x00, 0x0E, 0x00, 0x00, 0x00, 0x0C,
  0x00, 0x00, 0x00, 0x0C, 0x00, 0x00, 0x00, 0x0D, 0x00, 0x00, 0x00, 0x00, 0x00, 0x00, 0x00, 0x00, 0x00, 0x00, 0x00, 0x49, 0x00, 0x00, 0x00, 0x0E,
  0x00, 0x00, 0x00, 0x09, 0x00, 0x00, 0x00, 0x09, 0x00, 0x00, 0x00, 0x0D, 0x00, 0x00, 0x00, 0x00, 0x00, 0x00, 0x00, 0x00, 0x00, 0x00, 0x00, 0x4A,
  0x00, 0x00, 0x00, 0x0E, 0x00, 0x00, 0x00, 0x0A, 0x00, 0x00, 0x00, 0x0A, 0x00, 0x00, 0x00, 0x0D, 0x00, 0x00, 0x00, 0x00, 0x00, 0x00, 0x00, 0x00,
  0x00, 0x00, 0x00, 0x4B, 0x00, 0x00, 0x00, 0x0E, 0x00, 0x00, 0x00, 0x0B, 0x00, 0x00, 0x00, 0x0A, 0x00, 0x00, 0x00, 0x0D, 0x00, 0x00, 0x00, 0x00,
  0x00, 0x00, 0x00, 0x00, 0x00, 0x00, 0x00, 0x4C, 0x00, 0x00, 0x00, 0x0E, 0x00, 0x00, 0x00, 0x0B, 0x00, 0x00, 0x00, 0x0B, 0x00, 0x00, 0x00, 0x0D,
  0x00, 0x00, 0x00, 0x00, 0x00, 0x00, 0x00, 0x00, 0x00, 0x00, 0x00, 0x4D, 0x00, 0x00, 0x00, 0x0E, 0x00, 0x00, 0x00, 0x0D, 0x00, 0x00, 0x00, 0x0D,
  0x00, 0x00, 0x00, 0x0D, 0x00, 0x00, 0x00, 0x00, 0x00, 0x00, 0x00, 0x00, 0x00, 0x00, 0x00, 0x4E, 0x00, 0x00, 0x00, 0x0E, 0x00, 0x00, 0x00, 0x0B,
  0x00, 0x00, 0x00, 0x0B, 0x00, 0x00, 0x00, 0x0D, 0x00, 0x00, 0x00, 0x00, 0x00, 0x00, 0x00, 0x00, 0x00, 0x00, 0x00, 0x4F, 0x00, 0x00, 0x00, 0x0E,
  0x00, 0x00, 0x00, 0x0B, 0x00, 0x00, 0x00, 0x0B, 0x00, 0x00, 0x00, 0x0D, 0x00, 0x00, 0x00, 0x00, 0x00, 0x00, 0x00, 0x00, 0x00, 0x00, 0x00, 0x50,
  0x00, 0x00, 0x00, 0x0E, 0x00, 0x00, 0x00, 0x0A, 0x00, 0x00, 0x00, 0x0A, 0x00, 0x00, 0x00, 0x0D, 0x00, 0x00, 0x00, 0x00, 0x00, 0x00, 0x00, 0x00,
  0x00, 0x00, 0x00, 0x51, 0x00, 0x00, 0x00, 0x0F, 0x00, 0x00, 0x00, 0x0B, 0x00, 0x00, 0x00, 0x0B, 0x00, 0x00, 0x00, 0x0D, 0x00, 0x00, 0x00, 0x00,
  0x00, 0x00, 0x00, 0x00, 0x00, 0x00, 0x00, 0x52, 0x00, 0x00, 0x00, 0x0E, 0x00, 0x00, 0x00, 0x0C, 0x00, 0x00, 0x00, 0x0B, 0x00, 0x00, 0x00, 0x0D,
  0x00, 0x00, 0x00, 0x00, 0x00, 0x00, 0x00, 0x00, 0x00, 0x00, 0x00, 0x53, 0x00, 0x00, 0x00, 0x0E, 0x00, 0x00, 0x00, 0x0B, 0x00, 0x00, 0x00, 0x0B,
  0x00, 0x00, 0x00, 0x0D, 0x00, 0x00, 0x00, 0x00, 0x00, 0x00, 0x00, 0x00, 0x00, 0x00, 0x00, 0x54, 0x00, 0x00, 0x00, 0x0D, 0x00, 0x00, 0x00, 0x0B,
  0x00, 0x00, 0x00, 0x0B, 0x00, 0x00, 0x00, 0x0D, 0x00, 0x00, 0x00, 0x00, 0x00, 0x00, 0x00, 0x00, 0x00, 0x00, 0x00, 0x55, 0x00, 0x00, 0x00, 0x0E,
  0x00, 0x00, 0x00, 0x0B, 0x00, 0x00, 0x00, 0x0B, 0x00, 0x00, 0x00, 0x0D, 0x00, 0x00, 0x00, 0x00, 0x00, 0x00, 0x00, 0x00, 0x00, 0x00, 0x00, 0x56,
  0x00, 0x00, 0x00, 0x0F, 0x00, 0x00, 0x00, 0x0D, 0x00, 0x00, 0x00, 0x0B, 0x00, 0x00, 0x00, 0x0E, 0xFF, 0xFF, 0xFF, 0xFF, 0x00, 0x00, 0x00, 0x00,
  0x00, 0x00, 0x00, 0x57, 0x00, 0x00, 0x00, 0x0D, 0x00, 0x00, 0x00, 0x0C, 0x00, 0x00, 0x00, 0x0C, 0x00, 0x00, 0x00, 0x0D, 0x00, 0x00, 0x00, 0x00,
  0x00, 0x00, 0x00, 0x00, 0x00, 0x00, 0x00, 0x58, 0x00, 0x00, 0x00, 0x0E, 0x00, 0x00, 0x00, 0x0B, 0x00, 0x00, 0x00, 0x0A, 0x00, 0x00, 0x00, 0x0D,
  0x00, 0x00, 0x00, 0x00, 0x00, 0x00, 0x00, 0x00, 0x00, 0x00, 0x00, 0x59, 0x00, 0x00, 0x00, 0x0E, 0x00, 0x00, 0x00, 0x0C, 0x00, 0x00, 0x00, 0x0A,
  0x00, 0x00, 0x00, 0x0D, 0xFF, 0xFF, 0xFF, 0xFF, 0x00, 0x00, 0x00, 0x00, 0x00, 0x00, 0x00, 0x5A, 0x00, 0x00, 0x00, 0x0E, 0x00, 0x00, 0x00, 0x0B,
  0x00, 0x00, 0x00, 0x0B, 0x00, 0x00, 0x00, 0x0D, 0x00, 0x00, 0x00, 0x00, 0x00, 0x00, 0x00, 0x00, 0x00, 0x00, 0x00, 0x5B, 0x00, 0x00, 0x00, 0x10,
  0x00, 0x00, 0x00, 0x06, 0x00, 0x00, 0x00, 0x06, 0x00, 0x00, 0x00, 0x0E, 0x00, 0x00, 0x00, 0x00, 0x00, 0x00, 0x00, 0x00, 0x00, 0x00, 0x00, 0x5C,
  0x00, 0x00, 0x00, 0x0F, 0x00, 0x00, 0x00, 0x0A, 0x00, 0x00, 0x00, 0x0A, 0x00, 0x00, 0x00, 0x0E, 0x00, 0x00, 0x00, 0x00, 0x00, 0x00, 0x00, 0x00,
  0x00, 0x00, 0x00, 0x5D, 0x00, 0x00, 0x00, 0x10, 0x00, 0x00, 0x00, 0x06, 0x00, 0x00, 0x00, 0x06, 0x00, 0x00, 0x00, 0x0E, 0x00, 0x00, 0x00, 0x00,
  0x00, 0x00, 0x00, 0x00, 0x00, 0x00, 0x00, 0x5E, 0x00, 0x00, 0x00, 0x0D, 0x00, 0x00, 0x00, 0x08, 0x00, 0x00, 0x00, 0x07, 0x00, 0x00, 0x00, 0x0D,
  0x00, 0x00, 0x00, 0x00, 0x00, 0x00, 0x00, 0x00, 0x00, 0x00, 0x00, 0x5F, 0x00, 0x00, 0x00, 0x04, 0x00, 0x00, 0x00, 0x0C, 0x00, 0x00, 0x00, 0x0C,
  0x00, 0x00, 0x00, 0x00, 0x00, 0x00, 0x00, 0x00, 0x00, 0x00, 0x00, 0x00, 0x00, 0x00, 0x00, 0x60, 0x00, 0x00, 0x00, 0x0E, 0x00, 0x00, 0x00, 0x04,
  0x00, 0x00, 0x00, 0x04, 0x00, 0x00, 0x00, 0x0E, 0x00, 0x00, 0x00, 0x00, 0x00, 0x00, 0x00, 0x00, 0x00, 0x00, 0x00, 0x61, 0x00, 0x00, 0x00, 0x0B,
  0x00, 0x00, 0x00, 0x0B, 0x00, 0x00, 0x00, 0x0A, 0x00, 0x00, 0x00, 0x0A, 0x00, 0x00, 0x00, 0x00, 0x00, 0x00, 0x00, 0x00, 0x00, 0x00, 0x00, 0x62,
  0x00, 0x00, 0x00, 0x0E, 0x00, 0x00, 0x00, 0x0B, 0x00, 0x00, 0x00, 0x0A, 0x00, 0x00, 0x00, 0x0D, 0xFF, 0xFF, 0xFF, 0xFF, 0x00, 0x00, 0x00, 0x00,
  0x00, 0x00, 0x00, 0x63, 0x00, 0x00, 0x00, 0x0A, 0x00, 0x00, 0x00, 0x0A, 0x00, 0x00, 0x00, 0x0A, 0x00, 0x00, 0x00, 0x09, 0x00, 0x00, 0x00, 0x00,
  0x00, 0x00, 0x00, 0x00, 0x00, 0x00, 0x00, 0x64, 0x00, 0x00, 0x00, 0x0E, 0x00, 0x00, 0x00, 0x0B, 0x00, 0x00, 0x00, 0x0B, 0x00, 0x00, 0x00, 0x0D,
  0x00, 0x00, 0x00, 0x00, 0x00, 0x00, 0x00, 0x00, 0x00, 0x00, 0x00, 0x65, 0x00, 0x00, 0x00, 0x0A, 0x00, 0x00, 0x00, 0x0A, 0x00, 0x00, 0x00, 0x0A,
  0x00, 0x00, 0x00, 0x09, 0x00, 0x00, 0x00, 0x00, 0x00, 0x00, 0x00, 0x00, 0x00, 0x00, 0x00, 0x66, 0x00, 0x00, 0x00, 0x0E, 0x00, 0x00, 0x00, 0x0B,
  0x00, 0x00, 0x00, 0x09, 0x00, 0x00, 0x00, 0x0D, 0x00, 0x00, 0x00, 0x00, 0x00, 0x00, 0x00, 0x00, 0x00, 0x00, 0x00, 0x67, 0x00, 0x00, 0x00, 0x0E,
  0x00, 0x00, 0x00, 0x0B, 0x00, 0x00, 0x00, 0x0A, 0x00, 0x00, 0x00, 0x09, 0x00, 0x00, 0x00, 0x00, 0x00, 0x00, 0x00, 0x00, 0x00, 0x00, 0x00, 0x68,
  0x00, 0x00, 0x00, 0x0E, 0x00, 0x00, 0x00, 0x0B, 0x00, 0x00, 0x00, 0x0B, 0x00, 0x00, 0x00, 0x0D, 0x00, 0x00, 0x00, 0x00, 0x00, 0x00, 0x00, 0x00,
  0x00, 0x00, 0x00, 0x69, 0x00, 0x00, 0x00, 0x0E, 0x00, 0x00, 0x00, 0x0B, 0x00, 0x00, 0x00, 0x0A, 0x00, 0x00, 0x00, 0x0D, 0x00, 0x00, 0x00, 0x00,
  0x00, 0x00, 0x00, 0x00, 0x00, 0x00, 0x00, 0x6A, 0x00, 0x00, 0x00, 0x12, 0x00, 0x00, 0x00, 0x08, 0x00, 0x00, 0x00, 0x07, 0x00, 0x00, 0x00, 0x0D,
  0xFF, 0xFF, 0xFF, 0xFF, 0x00, 0x00, 0x00, 0x00, 0x00, 0x00, 0x00, 0x6B, 0x00, 0x00, 0x00, 0x0E, 0x00, 0x00, 0x00, 0x0B, 0x00, 0x00, 0x00, 0x0B,
  0x00, 0x00, 0x00, 0x0D, 0x00, 0x00, 0x00, 0x00, 0x00, 0x00, 0x00, 0x00, 0x00, 0x00, 0x00, 0x6C, 0x00, 0x00, 0x00, 0x0E, 0x00, 0x00, 0x00, 0x0A,
  0x00, 0x00, 0x00, 0x0A, 0x00, 0x00, 0x00, 0x0D, 0x00, 0x00, 0x00, 0x00, 0x00, 0x00, 0x00, 0x00, 0x00, 0x00, 0x00, 0x6D, 0x00, 0x00, 0x00, 0x0A,
  0x00, 0x00, 0x00, 0x0C, 0x00, 0x00, 0x00, 0x0C, 0x00, 0x00, 0x00, 0x09, 0x00, 0x00, 0x00, 0x00, 0x00, 0x00, 0x00, 0x00, 0x00, 0x00, 0x00, 0x6E,
  0x00, 0x00, 0x00, 0x0A, 0x00, 0x00, 0x00, 0x0B, 0x00, 0x00, 0x00, 0x0B, 0x00, 0x00, 0x00, 0x09, 0x00, 0x00, 0x00, 0x00, 0x00, 0x00, 0x00, 0x00,
  0x00, 0x00, 0x00, 0x6F, 0x00, 0x00, 0x00, 0x0A, 0x00, 0x00, 0x00, 0x0B, 0x00, 0x00, 0x00, 0x0A, 0x00, 0x00, 0x00, 0x09, 0x00, 0x00, 0x00, 0x00,
  0x00, 0x00, 0x00, 0x00, 0x00, 0x00, 0x00, 0x70, 0x00, 0x00, 0x00, 0x0D, 0x00, 0x00, 0x00, 0x0B, 0x00, 0x00, 0x00, 0x0B, 0x00, 0x00, 0x00, 0x09,
  0x00, 0x00, 0x00, 0x00, 0x00, 0x00, 0x00, 0x00, 0x00, 0x00, 0x00, 0x71, 0x00, 0x00, 0x00, 0x0D, 0x00, 0x00, 0x00, 0x0B, 0x00, 0x00, 0x00, 0x0A,
  0x00, 0x00, 0x00, 0x09, 0x00, 0x00, 0x00, 0x00, 0x00, 0x00, 0x00, 0x00, 0x00, 0x00, 0x00, 0x72, 0x00, 0x00, 0x00, 0x0A, 0x00, 0x00, 0x00, 0x0B,
  0x00, 0x00, 0x00, 0x0A, 0x00, 0x00, 0x00, 0x09, 0x00, 0x00, 0x00, 0x00, 0x00, 0x00, 0x00, 0x00, 0x00, 0x00, 0x00, 0x73, 0x00, 0x00, 0x00, 0x0A,
  0x00, 0x00, 0x00, 0x09, 0x00, 0x00, 0x00, 0x09, 0x00, 0x00, 0x00, 0x09, 0x00, 0x00, 0x00, 0x00, 0x00, 0x00, 0x00, 0x00, 0x00, 0x00, 0x00, 0x74,
  0x00, 0x00, 0x00, 0x0E, 0x00, 0x00, 0x00, 0x09, 0x00, 0x00, 0x00, 0x09, 0x00, 0x00, 0x00, 0x0D, 0x00, 0x00, 0x00, 0x00, 0x00, 0x00, 0x00, 0x00,
  0x00, 0x00, 0x00, 0x75, 0x00, 0x00, 0x00, 0x0A, 0x00, 0x00, 0x00, 0x0C, 0x00, 0x00, 0x00, 0x0C, 0x00, 0x00, 0x00, 0x09, 0x00, 0x00, 0x00, 0x00,
  0x00, 0x00, 0x00, 0x00, 0x00, 0x00, 0x00, 0x76, 0x00, 0x00, 0x00, 0x0A, 0x00, 0x00, 0x00, 0x0B, 0x00, 0x00, 0x00, 0x0B, 0x00, 0x00, 0x00, 0x09,
  0x00, 0x00, 0x00, 0x00, 0x00, 0x00, 0x00, 0x00, 0x00, 0x00, 0x00, 0x77, 0x00, 0x00, 0x00, 0x0A, 0x00, 0x00, 0x00, 0x0D, 0x00, 0x00, 0x00, 0x0C,
  0x00, 0x00, 0x00, 0x09, 0x00, 0x00, 0x00, 0x00, 0x00, 0x00, 0x00, 0x00, 0x00, 0x00, 0x00, 0x78, 0x00, 0x00, 0x00, 0x0A, 0x00, 0x00, 0x00, 0x0C,
  0x00, 0x00, 0x00, 0x0C, 0x00, 0x00, 0x00, 0x09, 0x00, 0x00, 0x00, 0x00, 0x00, 0x00, 0x00, 0x00, 0x00, 0x00, 0x00, 0x79, 0x00, 0x00, 0x00, 0x0E,
  0x00, 0x00, 0x00, 0x0B, 0x00, 0x00, 0x00, 0x0B, 0x00, 0x00, 0x00, 0x09, 0x00, 0x00, 0x00, 0x00, 0x00, 0x00, 0x00, 0x00, 0x00, 0x00, 0x00, 0x7A,
  0x00, 0x00, 0x00, 0x0A, 0x00, 0x00, 0x00, 0x0A, 0x00, 0x00, 0x00, 0x0A, 0x00, 0x00, 0x00, 0x09, 0x00, 0x00, 0x00, 0x00, 0x00, 0x00, 0x00, 0x00,
  0x00, 0x00, 0x00, 0x7B, 0x00, 0x00, 0x00, 0x0F, 0x00, 0x00, 0x00, 0x05, 0x00, 0x00, 0x00, 0x05, 0x00, 0x00, 0x00, 0x0D, 0x00, 0x00, 0x00, 0x00,
  0x00, 0x00, 0x00, 0x00, 0x00, 0x00, 0x00, 0x7C, 0x00, 0x00, 0x00, 0x0F, 0x00, 0x00, 0x00, 0x05, 0x00, 0x00, 0x00, 0x05, 0x00, 0x00, 0x00, 0x0E,
  0x00, 0x00, 0x00, 0x00, 0x00, 0x00, 0x00, 0x00, 0x00, 0x00, 0x00, 0x7D, 0x00, 0x00, 0x00, 0x0F, 0x00, 0x00, 0x00, 0x05, 0x00, 0x00, 0x00, 0x05,
  0x00, 0x00, 0x00, 0x0D, 0x00, 0x00, 0x00, 0x00, 0x00, 0x00, 0x00, 0x00, 0x00, 0x00, 0x00, 0x7E, 0x00, 0x00, 0x00, 0x08, 0x00, 0x00, 0x00, 0x0A,
  0x00, 0x00, 0x00, 0x0A, 0x00, 0x00, 0x00, 0x08, 0x00, 0x00, 0x00, 0x00, 0x00, 0x00, 0x00, 0x00, 0x00, 0x00, 0x00, 0xA1, 0x00, 0x00, 0x00, 0x0D,
  0x00, 0x00, 0x00, 0x05, 0x00, 0x00, 0x00, 0x05, 0x00, 0x00, 0x00, 0x0D, 0x00, 0x00, 0x00, 0x00, 0x00, 0x00, 0x00, 0x00, 0x00, 0x00, 0x00, 0xAA,
  0x00, 0x00, 0x00, 0x0D, 0x00, 0x00, 0x00, 0x09, 0x00, 0x00, 0x00, 0x09, 0x00, 0x00, 0x00, 0x0D, 0x00, 0x00, 0x00, 0x00, 0x00, 0x00, 0x00, 0x00,
  0x00, 0x00, 0x00, 0xB0, 0x00, 0x00, 0x00, 0x0D, 0x00, 0x00, 0x00, 0x05, 0x00, 0x00, 0x00, 0x05, 0x00, 0x00, 0x00, 0x0D, 0x00, 0x00, 0x00, 0x00,
  0x00, 0x00, 0x00, 0x00, 0x00, 0x00, 0x00, 0xB1, 0x00, 0x00, 0x00, 0x0C, 0x00, 0x00, 0x00, 0x09, 0x00, 0x00, 0x00, 0x09, 0x00, 0x00, 0x00, 0x0B,
  0x00, 0x00, 0x00, 0x00, 0x00, 0x00, 0x00, 0x00, 0x00, 0x00, 0x00, 0xB7, 0x00, 0x00, 0x00, 0x08, 0x00, 0x00, 0x00, 0x04, 0x00, 0x00, 0x00, 0x04,
  0x00, 0x00, 0x00, 0x08, 0x00, 0x00, 0x00, 0x00, 0x00, 0x00, 0x00, 0x00, 0x00, 0x00, 0x00, 0xBA, 0x00, 0x00, 0x00, 0x0D, 0x00, 0x00, 0x00, 0x09,
  0x00, 0x00, 0x00, 0x08, 0x00, 0x00, 0x00, 0x0D, 0x00, 0x00, 0x00, 0x00, 0x00, 0x00, 0x00, 0x00, 0x00, 0x00, 0x00, 0xBF, 0x00, 0x00, 0x00, 0x0E,
  0x00, 0x00, 0x00, 0x08, 0x00, 0x00, 0x00, 0x08, 0x00, 0x00, 0x00, 0x0D, 0x00, 0x00, 0x00, 0x00, 0x00, 0x00, 0x00, 0x00, 0x00, 0x00, 0x00, 0xC1,
  0x00, 0x00, 0x00, 0x12, 0x00, 0x00, 0x00, 0x0B, 0x00, 0x00, 0x00, 0x0A, 0x00, 0x00, 0x00, 0x11, 0xFF, 0xFF, 0xFF, 0xFF, 0x00, 0x00, 0x00, 0x00,
  0x00, 0x00, 0x00, 0xC9, 0x00, 0x00, 0x00, 0x12, 0x00, 0x00, 0x00, 0x0C, 0x00, 0x00, 0x00, 0x0C, 0x00, 0x00, 0x00, 0x11, 0x00, 0x00, 0x00, 0x00,
  0x00, 0x00, 0x00, 0x00, 0x00, 0x00, 0x00, 0xCD, 0x00, 0x00, 0x00, 0x12, 0x00, 0x00, 0x00, 0x09, 0x00, 0x00, 0x00, 0x09, 0x00, 0x00, 0x00, 0x11,
  0x00, 0x00, 0x00, 0x00, 0x00, 0x00, 0x00, 0x00, 0x00, 0x00, 0x00, 0xD1, 0x00, 0x00, 0x00, 0x10, 0x00, 0x00, 0x00, 0x0B, 0x00, 0x00, 0x00, 0x0B,
  0x00, 0x00, 0x00, 0x0F, 0x00, 0x00, 0x00, 0x00, 0x00, 0x00, 0x00, 0x00, 0x00, 0x00, 0x00, 0xD3, 0x00, 0x00, 0x00, 0x12, 0x00, 0x00, 0x00, 0x0B,
  0x00, 0x00, 0x00, 0x0B, 0x00, 0x00, 0x00, 0x11, 0x00, 0x00, 0x00, 0x00, 0x00, 0x00, 0x00, 0x00, 0x00, 0x00, 0x00, 0xDA, 0x00, 0x00, 0x00, 0x12,
  0x00, 0x00, 0x00, 0x0B, 0x00, 0x00, 0x00, 0x0B, 0x00, 0x00, 0x00, 0x11, 0x00, 0x00, 0x00, 0x00, 0x00, 0x00, 0x00, 0x00, 0x00, 0x00, 0x00, 0xDC,
  0x00, 0x00, 0x00, 0x11, 0x00, 0x00, 0x00, 0x0B, 0x00, 0x00, 0x00, 0x0B, 0x00, 0x00, 0x00, 0x10, 0x00, 0x00, 0x00, 0x00, 0x00, 0x00, 0x00, 0x00,
  0x00, 0x00, 0x00, 0xE1, 0x00, 0x00, 0x00, 0x0E, 0x00, 0x00, 0x00, 0x0B, 0x00, 0x00, 0x00, 0x0A, 0x00, 0x00, 0x00, 0x0D, 0x00, 0x00, 0x00, 0x00,
  0x00, 0x00, 0x00, 0x00, 0x00, 0x00, 0x00, 0xE9, 0x00, 0x00, 0x00, 0x0E, 0x00, 0x00, 0x00, 0x0A, 0x00, 0x00, 0x00, 0x0A, 0x00, 0x00, 0x00, 0x0D,
  0x00, 0x00, 0x00, 0x00, 0x00, 0x00, 0x00, 0x00, 0x00, 0x00, 0x00, 0xED, 0x00, 0x00, 0x00, 0x0E, 0x00, 0x00, 0x00, 0x0B, 0x00, 0x00, 0x00, 0x0A,
  0x00, 0x00, 0x00, 0x0D, 0x00, 0x00, 0x00, 0x00, 0x00, 0x00, 0x00, 0x00, 0x00, 0x00, 0x00, 0xF1, 0x00, 0x00, 0x00, 0x0D, 0x00, 0x00, 0x00, 0x0B,
  0x00, 0x00, 0x00, 0x0B, 0x00, 0x00, 0x00, 0x0C, 0x00, 0x00, 0x00, 0x00, 0x00, 0x00, 0x00, 0x00, 0x00, 0x00, 0x00, 0xF3, 0x00, 0x00, 0x00, 0x0E,
  0x00, 0x00, 0x00, 0x0B, 0x00, 0x00, 0x00, 0x0A, 0x00, 0x00, 0x00, 0x0D, 0x00, 0x00, 0x00, 0x00, 0x00, 0x00, 0x00, 0x00, 0x00, 0x00, 0x00, 0xFA,
  0x00, 0x00, 0x00, 0x0E, 0x00, 0x00, 0x00, 0x0C, 0x00, 0x00, 0x00, 0x0C, 0x00, 0x00, 0x00, 0x0D, 0x00, 0x00, 0x00, 0x00, 0x00, 0x00, 0x00, 0x00,
  0x00, 0x00, 0x00, 0xFC, 0x00, 0x00, 0x00, 0x0D, 0x00, 0x00, 0x00, 0x0C, 0x00, 0x00, 0x00, 0x0C, 0x00, 0x00, 0x00, 0x0C, 0x00, 0x00, 0x00, 0x00,
  0x00, 0x00, 0x00, 0x00, 0x00, 0x0C, 0x8B, 0x1E, 0x00, 0x00, 0x5D, 0xFF, 0x97, 0x00, 0x00, 0x80, 0xFF, 0xAA, 0x00, 0x00, 0x6A, 0xFF, 0xA0, 0x00,
  0x00, 0x62, 0xFF, 0x7A, 0x00, 0x00, 0x4C, 0xFF, 0x5D, 0x00, 0x00, 0x2C, 0xFF, 0x42, 0x00, 0x00, 0x14, 0xFF, 0x26, 0x00, 0x00, 0x00, 0xFB, 0x08,
  0x00, 0x00, 0x00, 0x85, 0x00, 0x00, 0x00, 0x00, 0x14, 0x00, 0x00, 0x00, 0x86, 0xFE, 0x3B, 0x00, 0x00, 0x78, 0xEC, 0x2A, 0x00, 0x09, 0x98, 0x41,
  0x16, 0x95, 0x17, 0x1C, 0xFF, 0x88, 0x4F, 0xFF, 0x43, 0x01, 0xF2, 0x6F, 0x29, 0xF6, 0x1E, 0x00, 0xA9, 0x5A, 0x11, 0xFA, 0x20, 0x00, 0x77, 0x2D,
  0x05, 0xCC, 0x1D, 0x00, 0x00, 0x00, 0x00, 0x00, 0x00, 0x00, 0x00, 0x00, 0x00, 0x00, 0x00, 0x00, 0x00, 0x00, 0x00, 0x00, 0x00, 0x00, 0x00, 0x00,
  0x00, 0x00, 0x00, 0x00, 0x00, 0x00, 0x00, 0x00, 0x00, 0x00, 0x00, 0x00, 0x00, 0x00, 0x00, 0x00, 0x00, 0x00, 0x00, 0x00, 0x00, 0x00, 0x00, 0x00,
  0x00, 0x00, 0x00, 0x00, 0x00, 0x00, 0x00, 0x57, 0x94, 0x00, 0x27, 0x6F, 0x00, 0x00, 0x00, 0x00, 0x00, 0xCF, 0xBF, 0x00, 0xA5, 0xC9, 0x00, 0x00,
  0x00, 0x00, 0x00, 0xF6, 0x6A, 0x00, 0xB0, 0x83, 0x00, 0x00, 0x00, 0x00, 0x23, 0xF9, 0x15, 0x03, 0xE8, 0x25, 0x00, 0x00, 0x14, 0x38, 0x7E, 0xCB,
  0x13, 0x5D, 0xCD, 0x1C, 0x02, 0x00, 0x7D, 0xEA, 0xFE, 0xED, 0xDA, 0xFA, 0xED, 0xDA, 0x44, 0x00, 0x00, 0x0A, 0xF2, 0x2E, 0x00, 0xEB, 0x1C, 0x00,
  0x00, 0x18, 0x6D, 0x92, 0xF6, 0x5A, 0x80, 0xEB, 0x6A, 0x4D, 0x00, 0x33, 0x9E, 0xF2, 0xBD, 0xA0, 0xF0, 0xB6, 0x80, 0x74, 0x00, 0x00, 0x0E, 0xF2,
  0x25, 0x0A, 0xF8, 0x28, 0x00, 0x00, 0x00, 0x00, 0x63, 0xDC, 0x00, 0x39, 0xE3, 0x00, 0x00, 0x00, 0x00, 0x00, 0xD8, 0x95, 0x00, 0x8C, 0x96, 0x00,
  0x00, 0x00, 0x00, 0x05, 0xF1, 0x34, 0x00, 0xD3, 0x3F, 0x00, 0x00, 0x00, 0x00, 0x00, 0x00, 0x00, 0x00, 0x01, 0x00, 0x00, 0x00, 0x00, 0x00, 0x00,
  0x00, 0x00, 0x00, 0x6E, 0x12, 0x00, 0x00, 0x00, 0x00, 0x00, 0x00, 0x0A, 0xFF, 0x51, 0x00, 0x00, 0x00, 0x00, 0x00, 0x00, 0x0A, 0xF4, 0x42, 0x00,
  0x00, 0x00, 0x00, 0x00, 0x00, 0x00, 0xE7, 0x45, 0x00, 0x00, 0x00, 0x00, 0x00, 0x00, 0x06, 0xE0, 0x49, 0x09, 0x00, 0x00, 0x00, 0x3E, 0xCE, 0xED,
  0xF6, 0xDC, 0xF7, 0xA0, 0x06, 0x00, 0xE0, 0x61, 0x00, 0x97, 0x25, 0x3A, 0xFD, 0x66, 0x30, 0xC2, 0x00, 0x00, 0xB2, 0x18, 0x90, 0xFF, 0x61, 0x3F,
  0xBC, 0x00, 0x00, 0xA5, 0x12, 0x3E, 0x92, 0x09, 0x04, 0xC3, 0xAB, 0x56, 0xB4, 0x09, 0x00, 0x00, 0x00, 0x00, 0x02, 0x43, 0x90, 0xF6, 0xDC, 0xA6,
  0x82, 0x10, 0x00, 0x00, 0x00, 0x00, 0xA9, 0x0D, 0x51, 0xC7, 0xAE, 0x25, 0xEC, 0x81, 0x00, 0x9D, 0x11, 0x00, 0x31, 0xED, 0x5C, 0xEC, 0x46, 0x00,
  0x9C, 0x2A, 0x00, 0x3C, 0xDE, 0x20, 0xE7, 0x43, 0x01, 0xB5, 0x30, 0x17, 0xC2, 0x9B, 0x00, 0x6A, 0xFA, 0xEA, 0xFB, 0xE2, 0xF9, 0xA3, 0x14, 0x00,
  0x00, 0x0A, 0x67, 0xFF, 0x79, 0x0B, 0x00, 0x00, 0x00, 0x00, 0x00, 0x00, 0xE3, 0x28, 0x00, 0x00, 0x00, 0x00, 0x00, 0x00, 0x00, 0xEE, 0x35, 0x00,
  0x00, 0x00, 0x00, 0x00, 0x00, 0x00, 0xFB, 0x5C, 0x00, 0x00, 0x00, 0x00, 0x00, 0x00, 0x00, 0x7B, 0x1E, 0x00, 0x00, 0x00, 0x00, 0x00, 0x00, 0x00,
  0x00, 0x00, 0x00, 0x00, 0x00, 0x10, 0xA0, 0x29, 0x00, 0x00, 0x00, 0x00, 0x00, 0x00, 0x00, 0x00, 0x42, 0xD1, 0xFF, 0x72, 0x00, 0x00, 0x00, 0x00,
  0x00, 0x00, 0x00, 0x33, 0xF0, 0xFF, 0xD2, 0x0A, 0x00, 0x00, 0x00, 0x10, 0x02, 0x36, 0x9C, 0xFB, 0xF5, 0xF4, 0x2A, 0x00, 0x00, 0x12, 0xBA, 0xFF,
  0xF8, 0xFB, 0xB8, 0x4E, 0xC2, 0x86, 0x00, 0x00, 0x00, 0x79, 0xF9, 0x71, 0x86, 0xE1, 0x00, 0x50, 0xDC, 0x0C, 0x00, 0x00, 0x00, 0xDD, 0x9E, 0x00,
  0x40, 0xD8, 0x03, 0xD4, 0x5C, 0x00, 0x00, 0x00, 0x00, 0xF5, 0x59, 0x00, 0x9F, 0xA4, 0x53, 0xB2, 0x00, 0x00, 0x00, 0x00, 0x00, 0xB6, 0xD0, 0xB6,
  0xC9, 0x15, 0xD6, 0x26, 0x00, 0x00, 0x00, 0x00, 0x00, 0x0D, 0x68, 0x4A, 0x09, 0x8F, 0xBD, 0x00, 0x00, 0x00, 0x00, 0x00, 0x00, 0x00, 0x00, 0x00,
  0x1D, 0xF1, 0x6D, 0x92, 0xF5, 0xD2, 0x11, 0x00, 0x00, 0x00, 0x00, 0x00, 0x95, 0x99, 0x6B, 0xBF, 0x12, 0x8E, 0x77, 0x00, 0x00, 0x00, 0x00, 0x28,
  0xF1, 0x1A, 0xDF, 0x2C, 0x00, 0x67, 0x98, 0x00, 0x00, 0x00, 0x00, 0xBB, 0x8D, 0x03, 0xF7, 0x07, 0x04, 0xCC, 0x64, 0x00, 0x00, 0x00, 0x38, 0xFC,
  0x26, 0x00, 0xBB, 0xCE, 0xDE, 0xCB, 0x02, 0x00, 0x00, 0x00, 0xA6, 0x90, 0x00, 0x00, 0x0A, 0x67, 0x50, 0x09, 0x00, 0x00, 0x00, 0x4E, 0xFB, 0x27,
  0x00, 0x00, 0x00, 0x00, 0x00, 0x00, 0x00, 0x00, 0x09, 0xDC, 0xA9, 0x00, 0x00, 0x00, 0x00, 0x00, 0x00, 0x00, 0x00, 0x00, 0x56, 0xFF, 0x48, 0x00,
  0x00, 0x00, 0x00, 0x00, 0x00, 0x00, 0x00, 0x00, 0x07, 0x3E, 0x00, 0x00, 0x00, 0x00, 0x00, 0x00, 0x00, 0x00, 0x00, 0x00, 0x00, 0x00, 0x00, 0x16,
  0x6F, 0x98, 0x82, 0x02, 0x00, 0x00, 0x00, 0x00, 0x00, 0x00, 0x0B, 0xD4, 0xEB, 0xA6, 0xF9, 0x70, 0x00, 0x00, 0x00, 0x00, 0x00, 0x00, 0x51, 0xFF,
  0x45, 0x00, 0x8C, 0xC0, 0x00, 0x00, 0x00, 0x00, 0x00, 0x00, 0x34, 0xFF, 0x61, 0x00, 0xB8, 0x95, 0x00, 0x00, 0x00, 0x00, 0x00, 0x00, 0x00, 0xA1,
  0xB8, 0x4F, 0xEF, 0x26, 0x00, 0x00, 0x00, 0x00, 0x00, 0x00, 0x00, 0x41, 0xFF, 0xD6, 0x38, 0x00, 0x53, 0xD0, 0xC6, 0x18, 0x00, 0x1D, 0x9D, 0xDE,
  0xBC, 0xC1, 0x00, 0x1C, 0xFD, 0xFF, 0xFF, 0x68, 0x09, 0xDF, 0x91, 0x08, 0x09, 0xEB, 0x4B, 0x53, 0xAE, 0x2C, 0x7C, 0x08, 0x53, 0xE8, 0x1A, 0x00,
  0x00, 0x71, 0xB4, 0x93, 0x2E, 0x00, 0x00, 0x00, 0x56, 0xCE, 0x01, 0x00, 0x00, 0x0D, 0xEA, 0xF5, 0x0E, 0x00, 0x24, 0x19, 0x3D, 0xFF, 0x50, 0x00,
  0x00, 0x00, 0x91, 0xFE, 0x21, 0x00, 0xDD, 0x8B, 0x02, 0xD8, 0xF8, 0xA2, 0x98, 0xD1, 0xF5, 0xF5, 0xDA, 0xAC, 0xFF, 0x58, 0x00, 0x25, 0xBD, 0xFE,
  0xFA, 0xE1, 0x63, 0x30, 0xC5, 0xED, 0x92, 0x01, 0x00, 0x00, 0x00, 0x01, 0x05, 0x00, 0x00, 0x00, 0x00, 0x00, 0x00, 0x00, 0x09, 0x98, 0x41, 0x00,
  0x1C, 0xFF, 0x88, 0x00, 0x01, 0xF2, 0x6F, 0x00, 0x00, 0xA9, 0x5A, 0x00, 0x00, 0x77, 0x2D, 0x00, 0x00, 0x00, 0x00, 0x00, 0x00, 0x00, 0x00, 0x00,
  0x00, 0x00, 0x00, 0x00, 0x00, 0x00, 0x00, 0x00, 0x00, 0x00, 0x00, 0x00, 0x00, 0x00, 0x00, 0x00, 0x00, 0x00, 0x00, 0x00, 0x00, 0x00, 0x00, 0x00,
  0x00, 0x00, 0x1D, 0x8D, 0x21, 0x00, 0x00, 0xB0, 0xFB, 0x2E, 0x00, 0x08, 0xFA, 0x94, 0x00, 0x00, 0x3A, 0xFA, 0x26, 0x00, 0x00, 0x7D, 0xB9, 0x00,
  0x00, 0x00, 0xBD, 0xA3, 0x00, 0x00, 0x00, 0xF1, 0x8F, 0x00, 0x00, 0x00, 0xE0, 0x58, 0x00, 0x00, 0x00, 0xC1, 0x44, 0x00, 0x00, 0x00, 0x9C, 0x46,
  0x00, 0x00, 0x00, 0x88, 0x6E, 0x00, 0x00, 0x00, 0x4B, 0xC8, 0x00, 0x00, 0x00, 0x07, 0xE8, 0x0A, 0x00, 0x00, 0x00, 0x81, 0x5F, 0x00, 0x00, 0x00,
  0x26, 0xCB, 0x02, 0x00, 0x00, 0x00, 0x24, 0x00, 0x31, 0xC8, 0x2D, 0x00, 0x00, 0x16, 0xE9, 0xC9, 0x03, 0x00, 0x00, 0x65, 0xFF, 0x50, 0x00, 0x00,
  0x07, 0xF6, 0x97, 0x00, 0x00, 0x00, 0x92, 0xD6, 0x00, 0x00, 0x00, 0x60, 0xF1, 0x00, 0x00, 0x00, 0x44, 0xFD, 0x02, 0x00, 0x00, 0x20, 0xFF, 0x0D,
  0x00, 0x00, 0x24, 0xFA, 0x01, 0x00, 0x00, 0x5A, 0xDE, 0x00, 0x00, 0x00, 0x7A, 0x9C, 0x00, 0x00, 0x00, 0xB9, 0x46, 0x00, 0x00, 0x29, 0xF4, 0x05,
  0x00, 0x03, 0xB8, 0xA3, 0x00, 0x00, 0x2F, 0xEB, 0x26, 0x00, 0x00, 0x00, 0x02, 0x00, 0x00, 0x00, 0x00, 0x00, 0x51, 0x79, 0x00, 0x00, 0x52, 0x05,
  0x00, 0x00, 0x00, 0x7D, 0xFC, 0x14, 0x5A, 0xFB, 0x1A, 0x00, 0x00, 0x00, 0x0B, 0xCF, 0x7E, 0xD2, 0x62, 0x00, 0x00, 0x30, 0xB4, 0xA4, 0xB9, 0xFF,
  0xE7, 0x87, 0xA1, 0x85, 0x30, 0xC0, 0x9C, 0xA5, 0xFF, 0xF2, 0x87, 0x8B, 0x66, 0x00, 0x00, 0x09, 0xCD, 0x70, 0xE5, 0x49, 0x00, 0x00, 0x00, 0x00,
  0xA8, 0xEA, 0x0C, 0xB1, 0xE1, 0x06, 0x00, 0x00, 0x00, 0x80, 0x61, 0x00, 0x56, 0xDC, 0x0C, 0x00, 0x00, 0x00, 0x00, 0x00, 0x00, 0x00, 0x00, 0x00,
  0x00, 0x00, 0x00, 0x00, 0x00, 0x00, 0x00, 0x00, 0x00, 0x00, 0x00, 0x00, 0x00, 0x00, 0x00, 0x00, 0x00, 0x00, 0x00, 0x00, 0x00, 0x00, 0x00, 0x00,
  0x00, 0x00, 0x00, 0x00, 0x00, 0x00, 0x00, 0x00, 0x00, 0x00, 0x00, 0x00, 0x00, 0x00, 0x00, 0x00, 0x00, 0x03, 0x00, 0x00, 0x00, 0x00, 0x00, 0x00,
  0x00, 0x03, 0xF1, 0x25, 0x00, 0x00, 0x00, 0x00, 0x00, 0x00, 0x01, 0xEB, 0x31, 0x00, 0x00, 0x00, 0x00, 0x12, 0x01, 0x0A, 0xDD, 0x3A, 0x00, 0x03,
  0x00, 0x52, 0xFF, 0xFC, 0xFF, 0xFF, 0xFA, 0xF3, 0xFB, 0x43, 0x03, 0x3B, 0x30, 0x17, 0xFC, 0x7A, 0x23, 0x19, 0x01, 0x00, 0x00, 0x00, 0x01, 0xFC,
  0x5C, 0x00, 0x00, 0x00, 0x00, 0x00, 0x00, 0x13, 0xFF, 0x75, 0x00, 0x00, 0x00, 0x00, 0x00, 0x00, 0x04, 0x8D, 0x30, 0x00, 0x00, 0x00, 0x00, 0x00,
  0x00, 0x00, 0x00, 0x00, 0x00, 0x00, 0x00, 0x00, 0x00, 0x00, 0x00, 0x00, 0x00, 0x00, 0x00, 0x00, 0x00, 0x0E, 0x60, 0x77, 0x07, 0x00, 0x00, 0xCC,
  0xFF, 0xFF, 0x75, 0x00, 0x05, 0xFF, 0xFF, 0xFF, 0xF0, 0x0B, 0x00, 0xED, 0xFF, 0xFF, 0xFD, 0x0F, 0x00, 0x43, 0xB9, 0xFF, 0xCF, 0x00, 0x00, 0x00,
  0x4E, 0xFF, 0x67, 0x00, 0x00, 0x5C, 0xF3, 0xC5, 0x0F, 0x00, 0x28, 0xFB, 0xEE, 0x23, 0x00, 0x00, 0x00, 0x70, 0x2D, 0x00, 0x00, 0x00, 0x00, 0x07,
  0x00, 0x00, 0x00, 0x00, 0x00, 0x00, 0x02, 0x02, 0x00, 0x00, 0xCF, 0xD9, 0xD3, 0xE4, 0xCE, 0xD5, 0xD5, 0xE6, 0xE2, 0x16, 0x00, 0x73, 0xBC, 0xC0,
  0xB2, 0xB3, 0xBE, 0xC5, 0xF2, 0xF6, 0x28, 0x00, 0x00, 0x00, 0x00, 0x00, 0x00, 0x00, 0x00, 0x00, 0x03, 0x00, 0x00, 0x00, 0x00, 0x00, 0x00, 0x00,
  0x00, 0x00, 0x00, 0x00, 0x00, 0x00, 0x00, 0x00, 0x00, 0x00, 0x00, 0x00, 0x00, 0x00, 0x00, 0x00, 0x00, 0x00, 0x00, 0x00, 0x00, 0x00, 0x00, 0x00,
  0x00, 0x00, 0x00, 0x00, 0x00, 0x00, 0x00, 0x00, 0x00, 0x00, 0x00, 0x00, 0x00, 0x00, 0x00, 0x06, 0x53, 0x3A, 0x0D, 0x00, 0x00, 0xA1, 0xFF, 0xFF,
  0x98, 0x00, 0x07, 0xFE, 0xF8, 0xF9, 0xFC, 0x4C, 0x00, 0xB3, 0xDD, 0xE7, 0xCC, 0x19, 0x00, 0x54, 0xF5, 0xEF, 0x97, 0x00, 0x00, 0x00, 0x02, 0x00,
  0x00, 0x00, 0x00, 0x00, 0x00, 0x00, 0x00, 0x00, 0x00, 0x04, 0x90, 0x48, 0x00, 0x00, 0x00, 0x00, 0x00, 0x00, 0x00, 0x6A, 0xFA, 0x41, 0x00, 0x00,
  0x00, 0x00, 0x00, 0x00, 0x12, 0xE4, 0xAA, 0x00, 0x00, 0x00, 0x00, 0x00, 0x00, 0x00, 0x93, 0xF9, 0x1A, 0x00, 0x00, 0x00, 0x00, 0x00, 0x00, 0x15,
  0xF6, 0x80, 0x00, 0x00, 0x00, 0x00, 0x00, 0x00, 0x00, 0x9A, 0xE4, 0x05, 0x00, 0x00, 0x00, 0x00, 0x00, 0x00, 0x24, 0xF9, 0x54, 0x00, 0x00, 0x00,
  0x00, 0x00, 0x00, 0x00, 0xA1, 0xAA, 0x00, 0x00, 0x00, 0x00, 0x00, 0x00, 0x00, 0x39, 0xF4, 0x28, 0x00, 0x00, 0x00, 0x00, 0x00, 0x00, 0x00, 0xC3,
  0x8D, 0x00, 0x00, 0x00, 0x00, 0x00, 0x00, 0x00, 0x56, 0xE5, 0x07, 0x00, 0x00, 0x00, 0x00, 0x00, 0x00, 0x18, 0xED, 0x85, 0x00, 0x00, 0x00, 0x00,
  0x00, 0x00, 0x02, 0xB9, 0xE9, 0x0E, 0x00, 0x00, 0x00, 0x00, 0x00, 0x00, 0x6A, 0xFF, 0x51, 0x00, 0x00, 0x00, 0x00, 0x00, 0x00, 0x00, 0x42, 0x94,
  0x01, 0x00, 0x00, 0x00, 0x00, 0x00, 0x00, 0x00, 0x00, 0x00, 0x0B, 0x6B, 0xA9, 0xE2, 0xCC, 0x6A, 0x15, 0x00, 0x00, 0x00, 0x00, 0xBF, 0xC8, 0x4E,
  0x0E, 0x4F, 0xEF, 0xB2, 0x00, 0x00, 0x00, 0x53, 0xFB, 0x13, 0x00, 0x00, 0x00, 0x46, 0xF6, 0x2B, 0x00, 0x00, 0x80, 0xA4, 0x00, 0x00, 0x00, 0x00,
  0x00, 0x97, 0x8F, 0x00, 0x00, 0xC4, 0x3F, 0x00, 0x00, 0x00, 0x00, 0x00, 0x3C, 0xBD, 0x00, 0x00, 0xE9, 0x2B, 0x00, 0x00, 0x00, 0x00, 0x00, 0x3F,
  0xDB, 0x01, 0x00, 0xD2, 0x00, 0x00, 0x00, 0x00, 0x00, 0x00, 0x36, 0xEB, 0x03, 0x00, 0xFB, 0x1B, 0x00, 0x00, 0x00, 0x00, 0x00, 0x6C, 0xDD, 0x04,
  0x00, 0xD6, 0x2E, 0x00, 0x00, 0x00, 0x00, 0x00, 0x96, 0xBD, 0x00, 0x00, 0x8D, 0x5F, 0x00, 0x00, 0x00, 0x00, 0x00, 0xE1, 0x7B, 0x00, 0x00, 0x45,
  0xF0, 0x41, 0x00, 0x00, 0x03, 0x92, 0xD5, 0x2C, 0x00, 0x00, 0x00, 0xAD, 0xFF, 0xEC, 0xC9, 0xEA, 0xD8, 0x50, 0x00, 0x00, 0x00, 0x00, 0x00, 0x5E,
  0xBE, 0xEF, 0xD7, 0x4F, 0x00, 0x00, 0x00, 0x0B, 0x74, 0x88, 0x87, 0xB7, 0xB2, 0x02, 0x00, 0x00, 0x00, 0x00, 0x21, 0xDE, 0xD2, 0xD6, 0xEB, 0xFF,
  0x24, 0x00, 0x00, 0x00, 0x00, 0x00, 0x00, 0x00, 0x00, 0x6A, 0xFF, 0x2C, 0x00, 0x00, 0x00, 0x00, 0x00, 0x00, 0x00, 0x00, 0x57, 0xFF, 0x21, 0x00,
  0x00, 0x00, 0x00, 0x00, 0x00, 0x00, 0x00, 0x52, 0xFF, 0x36, 0x00, 0x00, 0x00, 0x00, 0x00, 0x00, 0x00, 0x00, 0x57, 0xFF, 0x1C, 0x00, 0x00, 0x00,
  0x00, 0x00, 0x00, 0x00, 0x00, 0x5E, 0xFF, 0x24, 0x00, 0x00, 0x00, 0x00, 0x00, 0x00, 0x00, 0x00, 0x65, 0xFE, 0x0A, 0x00, 0x00, 0x00, 0x00, 0x00,
  0x00, 0x00, 0x00, 0x6B, 0xE6, 0x00, 0x00, 0x00, 0x00, 0x00, 0x00, 0x00, 0x00, 0x00, 0x71, 0xE1, 0x00, 0x00, 0x00, 0x00, 0x00, 0x00, 0x00, 0x00,
  0x00, 0x75, 0xFE, 0x02, 0x00, 0x00, 0x00, 0x00, 0x0D, 0x7E, 0x6D, 0x5E, 0xC8, 0xFF, 0x92, 0x77, 0xA7, 0x81, 0x05, 0x51, 0xFA, 0xEF, 0xD7, 0xCE,
  0xEF, 0xFB, 0xFF, 0xE0, 0xFF, 0x30, 0x00, 0x02, 0x00, 0x00, 0x00, 0x00, 0x00, 0x0D, 0x0C, 0x26, 0x00, 0x00, 0x00, 0x00, 0x00, 0x1C, 0x2F, 0x0F,
  0x00, 0x00, 0x00, 0x00, 0x00, 0x79, 0xE7, 0xDD, 0xAE, 0xC8, 0x93, 0x02, 0x00, 0x00, 0x64, 0xA0, 0x10, 0x00, 0x00, 0x18, 0xDA, 0x76, 0x00, 0x00,
  0xD9, 0xB6, 0x09, 0x00, 0x00, 0x00, 0x58, 0xED, 0x01, 0x00, 0xD2, 0xFF, 0x73, 0x00, 0x00, 0x00, 0xA0, 0xD4, 0x00, 0x00, 0x36, 0x65, 0x0D, 0x00,
  0x00, 0x42, 0xFC, 0x6B, 0x00, 0x00, 0x00, 0x00, 0x00, 0x1A, 0x81, 0xF5, 0x87, 0x00, 0x00, 0x00, 0x00, 0x17, 0x98, 0xF3, 0xB4, 0x38, 0x00, 0x00,
  0x00, 0x00, 0x02, 0xC2, 0xE5, 0x40, 0x00, 0x00, 0x00, 0x00, 0x00, 0x00, 0x6B, 0xD3, 0x11, 0x00, 0x00, 0x00, 0x00, 0x00, 0x00, 0x04, 0xE1, 0xD4,
  0x90, 0x6E, 0x1A, 0x00, 0x00, 0x1F, 0x3F, 0x13, 0xFF, 0xFF, 0x98, 0xBC, 0xF9, 0x93, 0x2B, 0xD1, 0xA1, 0x00, 0xBF, 0xAB, 0x00, 0x01, 0x53, 0xCA,
  0xF6, 0xAD, 0x18, 0x00, 0x22, 0x45, 0x00, 0x00, 0x00, 0x00, 0x00, 0x00, 0x00, 0x00, 0x09, 0x33, 0x40, 0x4A, 0x60, 0x68, 0x76, 0x13, 0x00, 0x00,
  0x7E, 0xF8, 0xC4, 0xAE, 0xAF, 0xEB, 0xFF, 0x35, 0x00, 0x00, 0x81, 0x89, 0x00, 0x00, 0x3B, 0xDA, 0x98, 0x00, 0x00, 0x00, 0x7B, 0x54, 0x00, 0x2F,
  0xF5, 0x76, 0x00, 0x00, 0x00, 0x00, 0x00, 0x00, 0x31, 0xE7, 0xE3, 0x01, 0x00, 0x00, 0x00, 0x00, 0x00, 0x13, 0xE6, 0xFB, 0xFF, 0xAA, 0x28, 0x00,
  0x00, 0x00, 0x00, 0x5B, 0x53, 0x42, 0x58, 0xAC, 0xDF, 0x2D, 0x00, 0x00, 0x00, 0x00, 0x00, 0x00, 0x00, 0x00, 0x9F, 0xBA, 0x00, 0x00, 0x20, 0x06,
  0x00, 0x00, 0x00, 0x00, 0x41, 0xFE, 0x0E, 0x1B, 0xFF, 0xB4, 0x00, 0x00, 0x00, 0x00, 0x52, 0xFF, 0x36, 0x1D, 0xFF, 0x89, 0x00, 0x00, 0x00, 0x02,
  0xD4, 0xD7, 0x02, 0x10, 0xE7, 0x8D, 0x43, 0x2C, 0x39, 0xB6, 0xFF, 0x88, 0x00, 0x00, 0x4A, 0xED, 0xFF, 0xFF, 0xFF, 0xFC, 0xA4, 0x01, 0x00, 0x00,
  0x00, 0x0F, 0x57, 0x67, 0x4C, 0x25, 0x00, 0x00, 0x00, 0x00, 0x00, 0x00, 0x00, 0x00, 0x02, 0x87, 0x5F, 0x00, 0x00, 0x00, 0x00, 0x00, 0x00, 0x00,
  0x01, 0xA1, 0xFF, 0xBE, 0x00, 0x00, 0x00, 0x00, 0x00, 0x00, 0x00, 0x64, 0xE7, 0x98, 0xB2, 0x00, 0x00, 0x00, 0x00, 0x00, 0x00, 0x3D, 0xF5, 0x3C,
  0x25, 0xAF, 0x00, 0x00, 0x00, 0x00, 0x00, 0x20, 0xF0, 0x70, 0x00, 0x35, 0xDF, 0x00, 0x00, 0x00, 0x00, 0x00, 0xD5, 0xAC, 0x00, 0x00, 0x52, 0xD7,
  0x00, 0x00, 0x00, 0x03, 0x87, 0xD5, 0x1C, 0x00, 0x00, 0x55, 0xD9, 0x00, 0x00, 0x00, 0x68, 0xFF, 0x50, 0x00, 0x00, 0x00, 0x8A, 0xDC, 0x01, 0x00,
  0x00, 0xA5, 0xFF, 0xE1, 0xD5, 0xA2, 0xB5, 0xF9, 0xFF, 0xE6, 0xC1, 0x3F, 0x44, 0x9B, 0x7B, 0x7D, 0x6F, 0x84, 0xCF, 0xFB, 0x98, 0x5E, 0x14, 0x00,
  0x00, 0x00, 0x00, 0x00, 0x00, 0xA6, 0xC7, 0x00, 0x00, 0x00, 0x00, 0x00, 0x00, 0x00, 0x52, 0x94, 0xF9, 0xFF, 0x8F, 0x92, 0x25, 0x00, 0x00, 0x00,
  0x00, 0xAA, 0x7C, 0xC1, 0xB9, 0xB6, 0xBC, 0x3E, 0x00, 0x1C, 0x5D, 0x2A, 0x1A, 0x04, 0x31, 0x2F, 0x00, 0x00, 0x00, 0x7F, 0xDC, 0xD0, 0xF1, 0xFF,
  0xE7, 0x54, 0x00, 0x00, 0x00, 0x8D, 0x99, 0x00, 0x00, 0x09, 0x03, 0x00, 0x00, 0x00, 0x00, 0x6E, 0x85, 0x00, 0x00, 0x00, 0x00, 0x00, 0x00, 0x00,
  0x00, 0x7E, 0xF2, 0x21, 0x50, 0x42, 0x10, 0x00, 0x00, 0x00, 0x00, 0x82, 0xFF, 0xFD, 0xD2, 0xDE, 0xF4, 0x38, 0x00, 0x00, 0x00, 0x6B, 0xDE, 0x32,
  0x00, 0x00, 0x61, 0xE6, 0x66, 0x00, 0x00, 0x0A, 0x15, 0x00, 0x00, 0x00, 0x00, 0x89, 0xD8, 0x01, 0x00, 0x2F, 0x33, 0x00, 0x00, 0x00, 0x00, 0x2A,
  0xFC, 0x04, 0x18, 0xFE, 0xFF, 0x24, 0x00, 0x00, 0x00, 0x31, 0xC4, 0x00, 0x0B, 0xF3, 0xFF, 0x16, 0x00, 0x00, 0x08, 0xB0, 0x84, 0x00, 0x00, 0x8E,
  0xFF, 0x88, 0x4D, 0x61, 0xC2, 0xB1, 0x09, 0x00, 0x00, 0x05, 0x69, 0xE5, 0xF6, 0xC4, 0x6B, 0x0B, 0x00, 0x00, 0x00, 0x00, 0x00, 0x04, 0x4C, 0xA6,
  0xAE, 0x6E, 0x0D, 0x00, 0x00, 0x00, 0x00, 0x08, 0xCF, 0xE0, 0x9F, 0xC4, 0xFF, 0xCE, 0x06, 0x00, 0x00, 0x01, 0xBC, 0xB3, 0x0E, 0x00, 0x08, 0xF6,
  0xFF, 0x45, 0x00, 0x00, 0x5B, 0xD9, 0x0B, 0x00, 0x00, 0x06, 0xE7, 0xF2, 0x15, 0x00, 0x00, 0x9A, 0x6B, 0x00, 0x00, 0x00, 0x00, 0x12, 0x17, 0x00,
  0x00, 0x00, 0xCA, 0x40, 0x5D, 0xC2, 0xE3, 0xA8, 0x44, 0x00, 0x00, 0x00, 0x02, 0xF0, 0xEE, 0xB1, 0x6C, 0x58, 0xA3, 0xFE, 0xAD, 0x02, 0x00, 0x10,
  0xFD, 0xE2, 0x0F, 0x00, 0x00, 0x00, 0x66, 0xFF, 0x76, 0x00, 0x05, 0xFB, 0x75, 0x00, 0x00, 0x00, 0x00, 0x02, 0xEB, 0x8A, 0x00, 0x00, 0xA1, 0x89,
  0x00, 0x00, 0x00, 0x00, 0x03, 0xEB, 0xB1, 0x00, 0x00, 0x33, 0xF0, 0x2C, 0x00, 0x00, 0x01, 0x85, 0xFF, 0x7C, 0x00, 0x00, 0x1A, 0xD9, 0xF6, 0x85,
  0x66, 0xAF, 0xFF, 0xCA, 0x14, 0x00, 0x00, 0x00, 0x11, 0xA4, 0xFE, 0xFF, 0xD7, 0x87, 0x10, 0x00, 0x00, 0x00, 0x00, 0x00, 0x00, 0x18, 0x23, 0x00,
  0x00, 0x00, 0x00, 0x00, 0x00, 0x00, 0x00, 0x00, 0x17, 0x0F, 0x00, 0x00, 0x00, 0x00, 0x09, 0xB0, 0x74, 0xD4, 0xFF, 0xF8, 0x98, 0x50, 0x97, 0x80,
  0x12, 0xFF, 0xEE, 0xC0, 0xF2, 0xFE, 0xFF, 0xFF, 0xFF, 0xD0, 0x5E, 0xFE, 0x2A, 0x00, 0x00, 0x32, 0x66, 0x7C, 0xFF, 0x67, 0xB2, 0xAB, 0x00, 0x00,
  0x00, 0x00, 0x00, 0x8E, 0xE0, 0x07, 0x38, 0x11, 0x00, 0x00, 0x00, 0x00, 0x22, 0xF4, 0x46, 0x00, 0x00, 0x00, 0x00, 0x00, 0x00, 0x00, 0xB6, 0x9F,
  0x00, 0x00, 0x00, 0x00, 0x00, 0x00, 0x00, 0x34, 0xF9, 0x25, 0x00, 0x00, 0x00, 0x00, 0x00, 0x00, 0x00, 0xB7, 0xA8, 0x00, 0x00, 0x00, 0x00, 0x00,
  0x00, 0x00, 0x2E, 0xFF, 0x3A, 0x00, 0x00, 0x00, 0x00, 0x00, 0x00, 0x00, 0x89, 0xFF, 0x2D, 0x00, 0x00, 0x00, 0x00, 0x00, 0x00, 0x0A, 0xF1, 0xF1,
  0x0A, 0x00, 0x00, 0x00, 0x00, 0x00, 0x00, 0x07, 0xFF, 0x8B, 0x00, 0x00, 0x00, 0x00, 0x00, 0x00, 0x00, 0x16, 0xFB, 0x30, 0x00, 0x00, 0x00, 0x00,
  0x00, 0x00, 0x00, 0x00, 0x78, 0x00, 0x00, 0x00, 0x00, 0x00, 0x00, 0x00, 0x13, 0x87, 0xCF, 0xED, 0xBD, 0x78, 0x01, 0x00, 0x00, 0x00, 0x01, 0xCA,
  0xDC, 0x6E, 0x37, 0x8E, 0xF6, 0xA7, 0x01, 0x00, 0x00, 0x6E, 0xE6, 0x0E, 0x00, 0x00, 0x00, 0x28, 0xEF, 0x46, 0x00, 0x00, 0x87, 0xBE, 0x00, 0x00,
  0x00, 0x00, 0x00, 0xB9, 0x55, 0x00, 0x00, 0x60, 0xF7, 0x23, 0x00, 0x00, 0x00, 0x23, 0xF3, 0x2A, 0x00, 0x00, 0x03, 0xD7, 0xE3, 0x92, 0x93, 0xC2,
  0xFC, 0xBB, 0x00, 0x00, 0x00, 0x37, 0xF2, 0xF2, 0x9D, 0x83, 0xB3, 0xFD, 0xAB, 0x00, 0x00, 0x00, 0xB7, 0xE1, 0x1A, 0x00, 0x00, 0x00, 0x38, 0xFC,
  0x6F, 0x00, 0x03, 0xF5, 0x79, 0x00, 0x00, 0x00, 0x00, 0x00, 0xBB, 0xBB, 0x00, 0x04, 0xEA, 0x88, 0x00, 0x00, 0x00, 0x00, 0x00, 0xD4, 0xD2, 0x00,
  0x00, 0xE5, 0xF7, 0x38, 0x00, 0x00, 0x00, 0x58, 0xFE, 0xA0, 0x00, 0x00, 0x93, 0xFF, 0xF4, 0xB0, 0x8D, 0x9B, 0xFF, 0xCE, 0x12, 0x00, 0x00, 0x00,
  0x5A, 0xB9, 0xBF, 0xC7, 0xBB, 0x8A, 0x18, 0x00, 0x00, 0x00, 0x00, 0x23, 0x97, 0xD7, 0xC5, 0x97, 0x0F, 0x00, 0x00, 0x00, 0x00, 0x2C, 0xDF, 0xA8,
  0x39, 0x46, 0xC6, 0xE1, 0x16, 0x00, 0x00, 0x00, 0xC1, 0x89, 0x00, 0x00, 0x00, 0x01, 0x6A, 0x4B, 0x00, 0x00, 0x0E, 0xFF, 0x37, 0x00, 0x00, 0x00,
  0x00, 0x29, 0xDF, 0x1B, 0x00, 0x0E, 0xFC, 0x1C, 0x00, 0x00, 0x00, 0x00, 0x42, 0xFB, 0x85, 0x00, 0x00, 0xBD, 0x8F, 0x1A, 0x00, 0x00, 0x00, 0x8E,
  0xFF, 0x9F, 0x00, 0x00, 0x2F, 0xE7, 0xEA, 0x6E, 0x67, 0xC8, 0xFD, 0xFF, 0xAC, 0x00, 0x00, 0x00, 0x25, 0xA0, 0xDE, 0xD1, 0x8A, 0x3A, 0xF2, 0x90,
  0x00, 0x00, 0x00, 0x18, 0x00, 0x00, 0x00, 0x00, 0x1F, 0xFD, 0x32, 0x00, 0x00, 0xA4, 0xFE, 0x6C, 0x00, 0x00, 0x00, 0x7D, 0x58, 0x00, 0x00, 0x00,
  0xD4, 0xE9, 0x80, 0x13, 0x16, 0x62, 0xE3, 0x25, 0x00, 0x00, 0x00, 0x4E, 0xFF, 0xFF, 0xDC, 0xF5, 0xE0, 0x59, 0x00, 0x00, 0x00, 0x00, 0x00, 0x64,
  0xDB, 0xF5, 0xB2, 0x2C, 0x00, 0x00, 0x00, 0x00, 0x00, 0x00, 0x00, 0x00, 0x01, 0x00, 0x00, 0x00, 0x00, 0x00, 0x00, 0x00, 0x00, 0x2E, 0x19, 0x00,
  0x00, 0x00, 0x6A, 0xFE, 0xFF, 0x72, 0x00, 0x00, 0xBD, 0xFF, 0xE8, 0xA3, 0x00, 0x00, 0x5F, 0xFB, 0xF7, 0x73, 0x00, 0x00, 0x00, 0x1D, 0x20, 0x00,
  0x00, 0x00, 0x07, 0x54, 0x39, 0x0C, 0x00, 0x00, 0xA7, 0xFF, 0xFF, 0x93, 0x00, 0x0B, 0xFF, 0xF8, 0xFA, 0xFC, 0x48, 0x01, 0xB6, 0xDD, 0xE7, 0xCA,
  0x17, 0x00, 0x57, 0xF6, 0xEF, 0x91, 0x00, 0x00, 0x00, 0x02, 0x00, 0x00, 0x00, 0x00, 0x00, 0x34, 0x14, 0x00, 0x00, 0x00, 0x84, 0xFF, 0xFB, 0x5B,
  0x00, 0x00, 0xD9, 0xFF, 0xE7, 0x88, 0x00, 0x00, 0x78, 0xFD, 0xF4, 0x59, 0x00, 0x00, 0x00, 0x25, 0x18, 0x00, 0x00, 0x00, 0x05, 0x59, 0x7A, 0x13,
  0x00, 0x00, 0xAC, 0xFF, 0xFF, 0x93, 0x01, 0x00, 0xE5, 0xFF, 0xFF, 0xFA, 0x20, 0x00, 0xCD, 0xFF, 0xFF, 0xFF, 0x2C, 0x00, 0x2F, 0xAD, 0xFF, 0xE9,
  0x04, 0x00, 0x00, 0x2F, 0xFF, 0x87, 0x00, 0x00, 0x45, 0xEA, 0xD9, 0x1A, 0x00, 0x0E, 0xF5, 0xF9, 0x39, 0x00, 0x00, 0x00, 0x64, 0x3A, 0x00, 0x00,
  0x00, 0x00, 0x00, 0x00, 0x00, 0x00, 0x02, 0x1A, 0x00, 0x00, 0x00, 0x00, 0x00, 0x1B, 0xC4, 0xFD, 0x1C, 0x00, 0x00, 0x01, 0x56, 0xF6, 0xDE, 0x3C,
  0x00, 0x00, 0x3A, 0xC7, 0xF9, 0x88, 0x0D, 0x00, 0x00, 0x4E, 0xF8, 0xD0, 0x2B, 0x00, 0x00, 0x00, 0x00, 0x42, 0xFF, 0x93, 0x0E, 0x00, 0x00, 0x00,
  0x00, 0x00, 0x3E, 0xB8, 0xFE, 0x9E, 0x0D, 0x00, 0x00, 0x00, 0x00, 0x00, 0x63, 0xDB, 0xEF, 0xBF, 0x18, 0x00, 0x00, 0x00, 0x00, 0x03, 0x58, 0xB6,
  0x0B, 0x00, 0x00, 0x00, 0x00, 0x00, 0x00, 0x00, 0x00, 0x00, 0x00, 0x00, 0x00, 0x00, 0x00, 0x00, 0x00, 0x00, 0x12, 0x04, 0x00, 0x00, 0x00, 0x00,
  0x00, 0x06, 0x09, 0x00, 0x00, 0xD3, 0xE8, 0xE6, 0xF5, 0xE2, 0xE9, 0xE6, 0xF3, 0xED, 0x19, 0x00, 0x64, 0xA8, 0xAC, 0x9E, 0xA1, 0xAC, 0xB1, 0xE0,
  0xE7, 0x24, 0x00, 0x00, 0x00, 0x00, 0x00, 0x00, 0x00, 0x00, 0x00, 0x00, 0x00, 0x00, 0x38, 0x53, 0x35, 0x30, 0x2A, 0x19, 0x1D, 0x31, 0x43, 0x00,
  0x00, 0xB7, 0xFF, 0xFF, 0xFF, 0xFF, 0xFF, 0xFF, 0xFA, 0xFE, 0x21, 0x00, 0x2F, 0x85, 0xA3, 0x87, 0x6C, 0x9B, 0x84, 0x72, 0x6F, 0x03, 0x00, 0x00,
  0x00, 0x00, 0x00, 0x00, 0x00, 0x00, 0x00, 0x00, 0x00, 0x00, 0x00, 0x00, 0x00, 0x00, 0x00, 0x00, 0x00, 0x00, 0x00, 0x00, 0x00, 0x00, 0x00, 0x00,
  0x00, 0x00, 0x00, 0x00, 0x00, 0x00, 0x00, 0x00, 0x10, 0x0B, 0x00, 0x00, 0x00, 0x00, 0x00, 0x00, 0xC4, 0xEC, 0x49, 0x00, 0x00, 0x00, 0x00, 0x00,
  0x15, 0xB0, 0xFF, 0x95, 0x0E, 0x00, 0x00, 0x00, 0x00, 0x02, 0x56, 0xE0, 0xED, 0x6A, 0x00, 0x00, 0x00, 0x00, 0x00, 0x0D, 0x96, 0xFF, 0x9F, 0x00,
  0x00, 0x00, 0x00, 0x04, 0x4E, 0xF9, 0x99, 0x00, 0x00, 0x00, 0x68, 0xED, 0xDC, 0x6C, 0x05, 0x00, 0x94, 0xDD, 0xF5, 0x92, 0x0C, 0x00, 0x00, 0x00,
  0x80, 0x92, 0x0C, 0x00, 0x00, 0x00, 0x00, 0x00, 0x00, 0x00, 0x00, 0x00, 0x00, 0x00, 0x00, 0x00, 0x00, 0x00, 0x00, 0x00, 0x00, 0x00, 0x00, 0x00,
  0x00, 0x00, 0x0C, 0x03, 0x00, 0x00, 0x00, 0x00, 0x1D, 0xB4, 0xFC, 0xF3, 0xB3, 0x21, 0x00, 0x0D, 0xDC, 0xB1, 0x23, 0x44, 0x70, 0xC1, 0x22, 0x54,
  0xFF, 0x66, 0x00, 0x00, 0x00, 0x3C, 0x94, 0x27, 0xFF, 0xF2, 0x62, 0x00, 0x00, 0x49, 0xE3, 0x00, 0xE4, 0xFF, 0xBB, 0x00, 0x00, 0xB0, 0x87, 0x00,
  0x0C, 0x44, 0x12, 0x63, 0xBF, 0xCB, 0x0B, 0x00, 0x00, 0x00, 0xB1, 0xFF, 0xBB, 0x0A, 0x00, 0x00, 0x00, 0x07, 0xFC, 0xB6, 0x01, 0x00, 0x00, 0x00,
  0x00, 0x05, 0xF4, 0xB5, 0x00, 0x00, 0x00, 0x00, 0x00, 0x00, 0x34, 0x31, 0x00, 0x00, 0x00, 0x00, 0x00, 0x02, 0x58, 0x1B, 0x00, 0x00, 0x00, 0x00,
  0x00, 0x46, 0xFF, 0xEE, 0x0D, 0x00, 0x00, 0x00, 0x00, 0x15, 0xDB, 0xB9, 0x05, 0x00, 0x00, 0x00, 0x00, 0x00, 0x00, 0x07, 0x33, 0x37, 0x0B, 0x00,
  0x00, 0x00, 0x00, 0x00, 0x00, 0x02, 0x92, 0xF3, 0xDB, 0xCC, 0xED, 0x7B, 0x00, 0x00, 0x00, 0x00, 0x00, 0x9C, 0xE4, 0x3F, 0x00, 0x00, 0x13, 0xAC,
  0x9F, 0x00, 0x00, 0x00, 0x4A, 0xF8, 0x39, 0x04, 0x56, 0x5E, 0x11, 0x18, 0xEB, 0x54, 0x00, 0x00, 0xBE, 0xA2, 0x02, 0xBF, 0xCB, 0x6B, 0xE4, 0xD3,
  0x8A, 0xB7, 0x00, 0x05, 0xEB, 0x57, 0x63, 0xFE, 0x2F, 0x00, 0xD0, 0x6E, 0x5E, 0xE8, 0x00, 0x22, 0xFF, 0x31, 0xC2, 0xC3, 0x00, 0x01, 0xEB, 0x16,
  0x43, 0xE0, 0x00, 0x27, 0xFF, 0x34, 0xDF, 0x89, 0x00, 0x40, 0xD8, 0x00, 0x63, 0xBD, 0x00, 0x11, 0xFF, 0x4F, 0xCD, 0xB7, 0x28, 0xD8, 0xB6, 0x22,
  0xDD, 0x3B, 0x00, 0x00, 0xB4, 0xA3, 0x46, 0xE0, 0xF0, 0x90, 0xED, 0xE2, 0x63, 0x55, 0x04, 0x00, 0x3A, 0xFF, 0x3F, 0x00, 0x00, 0x00, 0x03, 0x00,
  0x39, 0xE7, 0x05, 0x00, 0x00, 0x67, 0xDF, 0x63, 0x20, 0x02, 0x1B, 0x6B, 0xE5, 0x44, 0x00, 0x00, 0x00, 0x00, 0x32, 0x95, 0xDE, 0xEE, 0xDA, 0xB2,
  0x24, 0x00, 0x00, 0x00, 0x00, 0x00, 0x00, 0x00, 0x00, 0x09, 0x00, 0x00, 0x00, 0x00, 0x00, 0x00, 0x00, 0x00, 0x00, 0x0A, 0x87, 0x92, 0x03, 0x00,
  0x00, 0x00, 0x00, 0x00, 0x00, 0x00, 0x41, 0xFF, 0xFF, 0x62, 0x00, 0x00, 0x00, 0x00, 0x00, 0x00, 0x00, 0x7F, 0xFF, 0xFF, 0x9A, 0x00, 0x00, 0x00,
  0x00, 0x00, 0x00, 0x00, 0xD9, 0xFF, 0xFF, 0xA1, 0x00, 0x00, 0x00, 0x00, 0x00, 0x00, 0x06, 0xF8, 0x9A, 0xA0, 0xE8, 0x02, 0x00, 0x00, 0x00, 0x00,
  0x00, 0x47, 0xFF, 0x42, 0x55, 0xFF, 0x27, 0x00, 0x00, 0x00, 0x00, 0x00, 0x59, 0xFF, 0x30, 0x2C, 0xFF, 0x51, 0x00, 0x00, 0x00, 0x00, 0x00, 0x6D,
  0xFF, 0x09, 0x00, 0xE5, 0x87, 0x00, 0x00, 0x00, 0x00, 0x00, 0x98, 0xFF, 0xC0, 0xD6, 0xFF, 0xAC, 0x00, 0x00, 0x00, 0x00, 0x02, 0xE0, 0xF9, 0xAD,
  0xB3, 0xD7, 0xE4, 0x00, 0x00, 0x00, 0x00, 0x1D, 0xFF, 0x69, 0x00, 0x00, 0x17, 0xF9, 0x02, 0x00, 0x00, 0x06, 0x7F, 0xFF, 0x48, 0x00, 0x00, 0x3B,
  0xFD, 0x5C, 0x00, 0x00, 0xDB, 0xFF, 0xFF, 0xEE, 0x1F, 0x00, 0xDB, 0xFF, 0xFF, 0xA7, 0x00, 0x0B, 0x19, 0x09, 0x00, 0x00, 0x00, 0x0B, 0x3D, 0x2B,
  0x00, 0x27, 0x7F, 0x6F, 0x7C, 0x99, 0xA4, 0x90, 0x52, 0x09, 0x00, 0x00, 0x32, 0xD7, 0xFF, 0xFF, 0xFB, 0xCC, 0xDC, 0xFF, 0xAF, 0x09, 0x00, 0x00,
  0x00, 0xB8, 0xCE, 0x0A, 0x00, 0x00, 0x52, 0xFA, 0x82, 0x00, 0x00, 0x00, 0x8E, 0xAB, 0x00, 0x00, 0x00, 0x00, 0xC1, 0xC8, 0x00, 0x00, 0x00, 0x8F,
  0x96, 0x00, 0x00, 0x00, 0x08, 0xE0, 0xA9, 0x00, 0x00, 0x00, 0x93, 0xBE, 0x6F, 0x61, 0x75, 0xCD, 0xFD, 0x35, 0x00, 0x00, 0x00, 0x97, 0xFF, 0xFF,
  0xFF, 0xFF, 0xFF, 0xE7, 0x00, 0x00, 0x00, 0x00, 0x9E, 0xD3, 0x38, 0x28, 0x2E, 0x90, 0xFF, 0x58, 0x00, 0x00, 0x00, 0x9F, 0x89, 0x00, 0x00, 0x00,
  0x00, 0xAA, 0xE3, 0x00, 0x00, 0x00, 0x8F, 0x89, 0x00, 0x00, 0x00, 0x00, 0x6E, 0xFE, 0x00, 0x00, 0x00, 0x8F, 0x7C, 0x00, 0x00, 0x00, 0x00, 0xA6,
  0x91, 0x00, 0x00, 0x23, 0xE1, 0xA5, 0x2D, 0x3A, 0x52, 0xB3, 0xF6, 0x34, 0x00, 0x00, 0xE4, 0xFF, 0xFF, 0xFF, 0xFF, 0xEF, 0xA1, 0x1E, 0x00, 0x00,
  0x00, 0x0A, 0x00, 0x02, 0x08, 0x0C, 0x00, 0x00, 0x00, 0x00, 0x00, 0x00, 0x00, 0x01, 0x3D, 0x7F, 0x89, 0x47, 0x14, 0x76, 0x06, 0x00, 0x00, 0xAE,
  0xFF, 0xFF, 0xFF, 0xFF, 0xFF, 0xFF, 0x5D, 0x00, 0x3A, 0xFF, 0xAA, 0x3C, 0x42, 0xAA, 0xFF, 0xFF, 0x70, 0x00, 0xB6, 0xE6, 0x00, 0x00, 0x00, 0x00,
  0xBB, 0xFF, 0x5F, 0x00, 0xE0, 0x86, 0x00, 0x00, 0x00, 0x00, 0x24, 0xF7, 0x5D, 0x00, 0xEF, 0x71, 0x00, 0x00, 0x00, 0x00, 0x00, 0x7D, 0x2B, 0x15,
  0xFF, 0x53, 0x00, 0x00, 0x00, 0x00, 0x00, 0x00, 0x00, 0x27, 0xFF, 0x57, 0x00, 0x00, 0x00, 0x00, 0x1F, 0xBF, 0x2B, 0x08, 0xFC, 0x65, 0x00, 0x00,
  0x00, 0x00, 0x36, 0xFF, 0x85, 0x00, 0xD4, 0x9C, 0x00, 0x00, 0x00, 0x00, 0x83, 0xFD, 0x4C, 0x00, 0x3F, 0xF1, 0x0C, 0x00, 0x00, 0x35, 0xEA, 0xB4,
  0x00, 0x00, 0x00, 0x92, 0xCB, 0xA0, 0xC1, 0xFF, 0xF7, 0x43, 0x00, 0x00, 0x00, 0x00, 0x71, 0xFE, 0xFF, 0xB4, 0x3F, 0x00, 0x00, 0x00, 0x00, 0x00,
  0x00, 0x21, 0x20, 0x00, 0x00, 0x00, 0x00, 0x01, 0x7B, 0xC6, 0xCE, 0xBB, 0xAB, 0x9F, 0x2F, 0x00, 0x00, 0x00, 0x42, 0xFF, 0xFF, 0xFF, 0xFF, 0xFF,
  0xFF, 0xF6, 0x6A, 0x00, 0x00, 0x00, 0x41, 0xF1, 0xFF, 0x78, 0x4F, 0x4F, 0xB7, 0xFC, 0x3A, 0x00, 0x00, 0x00, 0xBC, 0xFF, 0x03, 0x00, 0x00, 0x00,
  0xDB, 0xBF, 0x00, 0x00, 0x00, 0xA2, 0xFF, 0x0B, 0x00, 0x00, 0x00, 0x68, 0xFB, 0x08, 0x00, 0x00, 0x99, 0xFF, 0x02, 0x00, 0x00, 0x00, 0x56, 0xFF,
  0x33, 0x00, 0x00, 0x8C, 0xF8, 0x00, 0x00, 0x00, 0x00, 0x1A, 0xFF, 0x49, 0x00, 0x00, 0x94, 0xF9, 0x00, 0x00, 0x00, 0x00, 0x28, 0xFF, 0x62, 0x00,
  0x00, 0x8A, 0xFD, 0x01, 0x00, 0x00, 0x00, 0x56, 0xFF, 0x40, 0x00, 0x00, 0x89, 0xED, 0x00, 0x00, 0x00, 0x00, 0x9B, 0xF4, 0x08, 0x00, 0x00, 0x69,
  0xE9, 0x00, 0x00, 0x00, 0x48, 0xFC, 0xA7, 0x00, 0x00, 0x4A, 0xC5, 0xFF, 0xA0, 0x6E, 0xB2, 0xFD, 0xF5, 0x32, 0x00, 0x00, 0xD1, 0xFF, 0xFF, 0xFF,
  0xFF, 0xFE, 0xB0, 0x2E, 0x00, 0x00, 0x00, 0x19, 0x29, 0x3D, 0x3B, 0x13, 0x15, 0x00, 0x00, 0x00, 0x00, 0x00, 0x1D, 0x3C, 0x4F, 0x4B, 0x51, 0x64,
  0x50, 0x5A, 0x35, 0x00, 0x00, 0x31, 0xFF, 0xFF, 0xFD, 0xFC, 0xFF, 0xFF, 0xFD, 0xE4, 0xEF, 0x17, 0x00, 0x00, 0x24, 0xEC, 0x6F, 0x1A, 0x22, 0x0E,
  0x00, 0x00, 0xD8, 0x41, 0x00, 0x00, 0x00, 0xA6, 0x3D, 0x00, 0x03, 0x10, 0x00, 0x00, 0xD0, 0x67, 0x00, 0x00, 0x00, 0xA3, 0x38, 0x00, 0x0E, 0xF4,
  0x01, 0x00, 0x9D, 0x6E, 0x00, 0x00, 0x00, 0xBF, 0x4C, 0x01, 0x2A, 0xEC, 0x00, 0x00, 0x00, 0x00, 0x00, 0x00, 0x00, 0xAE, 0xA9, 0xF8, 0xFF, 0xEF,
  0x01, 0x00, 0x00, 0x00, 0x00, 0x00, 0x00, 0xCB, 0xD5, 0x9E, 0xB2, 0xF6, 0x02, 0x00, 0x00, 0x00, 0x00, 0x00, 0x00, 0xCC, 0x5C, 0x00, 0x01, 0xF7,
  0x15, 0x00, 0x8D, 0x32, 0x00, 0x00, 0x00, 0xCD, 0x61, 0x00, 0x00, 0x4C, 0x00, 0x00, 0xF1, 0x7D, 0x00, 0x00, 0x00, 0xBD, 0x55, 0x00, 0x00, 0x00,
  0x00, 0x01, 0xEC, 0x6B, 0x00, 0x00, 0x2C, 0xED, 0xA7, 0x45, 0x4C, 0x57, 0x52, 0x8F, 0xFF, 0x34, 0x00, 0x02, 0xEF, 0xFF, 0xFF, 0xFF, 0xFF, 0xFE,
  0xF0, 0xDD, 0xAB, 0x01, 0x00, 0x00, 0x27, 0x3F, 0x24, 0x11, 0x05, 0x00, 0x00, 0x00, 0x00, 0x00, 0x00, 0x14, 0x50, 0x50, 0x7F, 0x76, 0x76, 0xA6,
  0xA3, 0xA3, 0x63, 0x00, 0x51, 0xDB, 0xFF, 0xFF, 0xDF, 0xC7, 0xF6, 0xEC, 0xFC, 0xF1, 0x22, 0x00, 0x00, 0xBA, 0xA7, 0x00, 0x00, 0x00, 0x00, 0x34,
  0xFF, 0x5C, 0x00, 0x00, 0x92, 0x96, 0x00, 0x07, 0x83, 0x06, 0x00, 0xE5, 0xA2, 0x00, 0x00, 0x85, 0x96, 0x00, 0x2D, 0xFF, 0x2B, 0x00, 0x74, 0x51,
  0x00, 0x00, 0x8D, 0xBB, 0x2A, 0x8C, 0xFF, 0x2E, 0x00, 0x00, 0x00, 0x00, 0x00, 0x84, 0xFF, 0xFF, 0xFF, 0xFF, 0x23, 0x00, 0x00, 0x00, 0x00, 0x00,
  0x9E, 0xF4, 0x88, 0xA3, 0xFF, 0x34, 0x00, 0x00, 0x00, 0x00, 0x00, 0x9A, 0x91, 0x00, 0x1D, 0xFE, 0x42, 0x00, 0x00, 0x00, 0x00, 0x00, 0x91, 0x9A,
  0x00, 0x05, 0x9D, 0x13, 0x00, 0x00, 0x00, 0x00, 0x00, 0xA0, 0xA0, 0x00, 0x00, 0x00, 0x00, 0x00, 0x00, 0x00, 0x07, 0x76, 0xE1, 0xEE, 0xA2, 0x27,
  0x00, 0x00, 0x00, 0x00, 0x00, 0x3A, 0xEA, 0xFF, 0xFC, 0xFE, 0x63, 0x00, 0x00, 0x00, 0x00, 0x00, 0x00, 0x1B, 0x21, 0x04, 0x06, 0x01, 0x00, 0x00,
  0x00, 0x00, 0x00, 0x00, 0x00, 0x05, 0x67, 0xAE, 0xC2, 0x83, 0x35, 0x54, 0x00, 0x00, 0x00, 0x00, 0xB0, 0xF4, 0xC5, 0xD0, 0xF6, 0xFF, 0xFD, 0x0C,
  0x00, 0x00, 0x6A, 0xFF, 0x79, 0x00, 0x00, 0x26, 0xE9, 0xFF, 0x0D, 0x00, 0x00, 0xC6, 0xBA, 0x00, 0x00, 0x00, 0x00, 0x6C, 0xFF, 0x3E, 0x00, 0x00,
  0xF2, 0x7F, 0x00, 0x00, 0x00, 0x00, 0x1F, 0xEA, 0x35, 0x00, 0x0D, 0xFF, 0x8C, 0x00, 0x00, 0x00, 0x00, 0x00, 0x34, 0x03, 0x00, 0x25, 0xFF, 0x79,
  0x00, 0x00, 0x00, 0x11, 0x8B, 0xCE, 0xAE, 0x30, 0x0A, 0xFA, 0x56, 0x00, 0x00, 0x00, 0x28, 0xEB, 0xFF, 0xF6, 0x4F, 0x00, 0xEF, 0x83, 0x00, 0x00,
  0x00, 0x00, 0x11, 0xF9, 0x86, 0x00, 0x00, 0xA5, 0xA6, 0x00, 0x00, 0x00, 0x00, 0x4B, 0xFF, 0x76, 0x00, 0x00, 0x4E, 0xF5, 0x35, 0x00, 0x00, 0x02,
  0xC1, 0xFF, 0x56, 0x00, 0x00, 0x02, 0xC3, 0xDB, 0x72, 0x57, 0xB6, 0xFF, 0xFF, 0x5B, 0x00, 0x00, 0x00, 0x0B, 0x83, 0xE0, 0xE7, 0xC9, 0x4B, 0xC7,
  0x53, 0x00, 0x00, 0x00, 0x00, 0x00, 0x00, 0x00, 0x00, 0x00, 0x01, 0x00, 0x00, 0x01, 0x4D, 0x5A, 0x3B, 0x33, 0x00, 0x1E, 0x44, 0x3D, 0x4E, 0x20,
  0x00, 0x2B, 0xFD, 0xFF, 0xFF, 0xAB, 0x00, 0x77, 0xF6, 0xFF, 0xFF, 0xBC, 0x00, 0x00, 0x17, 0xCC, 0xA2, 0x00, 0x00, 0x00, 0x0C, 0xEB, 0x8A, 0x01,
  0x00, 0x00, 0x00, 0x8D, 0x97, 0x00, 0x00, 0x00, 0x00, 0xDC, 0x6A, 0x00, 0x00, 0x00, 0x00, 0x8A, 0xA9, 0x00, 0x00, 0x00, 0x00, 0xA6, 0x68, 0x00,
  0x00, 0x00, 0x00, 0x88, 0xC7, 0x07, 0x00, 0x00, 0x04, 0xC2, 0x5E, 0x00, 0x00, 0x00, 0x00, 0x9A, 0xFF, 0xF7, 0xEA, 0xE5, 0xE4, 0xFF, 0x57, 0x00,
  0x00, 0x00, 0x00, 0x90, 0xEF, 0x87, 0x66, 0x40, 0x4C, 0xE2, 0x57, 0x00, 0x00, 0x00, 0x00, 0x8A, 0xBC, 0x00, 0x00, 0x00, 0x00, 0x9A, 0x77, 0x00,
  0x00, 0x00, 0x00, 0x82, 0xA2, 0x00, 0x00, 0x00, 0x00, 0xA1, 0x74, 0x00, 0x00, 0x00, 0x00, 0x83, 0xAC, 0x00, 0x00, 0x00, 0x00, 0xA6, 0x78, 0x00,
  0x00, 0x00, 0x40, 0xD8, 0xF4, 0x2F, 0x00, 0x00, 0x17, 0xC4, 0xAF, 0x0D, 0x00, 0x32, 0xFF, 0xFF, 0xFF, 0xFF, 0x3E, 0x3D, 0xFF, 0xFF, 0xFF, 0xDD,
  0x0F, 0x00, 0x35, 0x41, 0x2F, 0x35, 0x06, 0x00, 0x3B, 0x24, 0x02, 0x00, 0x00, 0x0F, 0x8C, 0x9B, 0x9F, 0xB4, 0x93, 0x84, 0x9C, 0x13, 0x6E, 0xFF,
  0xF3, 0xE7, 0xFF, 0xFF, 0xFC, 0xFA, 0x43, 0x02, 0x23, 0x16, 0x5A, 0xFF, 0xA6, 0x0E, 0x05, 0x00, 0x00, 0x00, 0x00, 0x2F, 0xFF, 0x64, 0x00, 0x00,
  0x00, 0x00, 0x00, 0x00, 0x23, 0xFF, 0x58, 0x00, 0x00, 0x00, 0x00, 0x00, 0x00, 0x30, 0xFF, 0x3E, 0x00, 0x00, 0x00, 0x00, 0x00, 0x00, 0x23, 0xFF,
  0x4B, 0x00, 0x00, 0x00, 0x00, 0x00, 0x00, 0x21, 0xFF, 0x49, 0x00, 0x00, 0x00, 0x00, 0x00, 0x00, 0x37, 0xFF, 0x52, 0x00, 0x00, 0x00, 0x00, 0x00,
  0x00, 0x31, 0xFF, 0x61, 0x00, 0x00, 0x00, 0x00, 0x00, 0x00, 0x22, 0xFF, 0x55, 0x00, 0x00, 0x00, 0x06, 0x35, 0x29, 0xA0, 0xFF, 0xA6, 0x56, 0x65,
  0x0F, 0x67, 0xFF, 0xFF, 0xFF, 0xFF, 0xFF, 0xFF, 0xFF, 0x4C, 0x12, 0x4F, 0x37, 0x43, 0x44, 0x42, 0x52, 0x5B, 0x03, 0x00, 0x00, 0x00, 0x5B, 0x63,
  0x96, 0x7E, 0x61, 0x6D, 0x23, 0x00, 0x00, 0x02, 0xC8, 0xFD, 0xFF, 0xFF, 0xFF, 0xFF, 0x89, 0x00, 0x00, 0x00, 0x00, 0x01, 0x9E, 0xFF, 0x57, 0x1C,
  0x05, 0x00, 0x00, 0x00, 0x00, 0x00, 0x48, 0xFF, 0x03, 0x00, 0x00, 0x00, 0x00, 0x00, 0x00, 0x00, 0x38, 0xFF, 0x0B, 0x00, 0x00, 0x00, 0x00, 0x00,
  0x00, 0x00, 0x48, 0xFD, 0x02, 0x00, 0x00, 0x00, 0x00, 0x00, 0x00, 0x00, 0x4C, 0xFE, 0x03, 0x00, 0x00, 0x00, 0x00, 0x00, 0x00, 0x00, 0x46, 0xFF,
  0x15, 0x00, 0x00, 0x2D, 0xC3, 0x84, 0x00, 0x00, 0x2F, 0xFF, 0x27, 0x00, 0x00, 0x9B, 0xFF, 0xFE, 0x0F, 0x00, 0x34, 0xFF, 0x29, 0x00, 0x00, 0xAF,
  0xFF, 0xB7, 0x02, 0x00, 0x56, 0xF4, 0x04, 0x00, 0x00, 0x50, 0xF8, 0x9A, 0x2D, 0x6B, 0xD0, 0x47, 0x00, 0x00, 0x00, 0x00, 0x3F, 0xCE, 0xFE, 0xD3,
  0x53, 0x00, 0x00, 0x00, 0x00, 0x00, 0x00, 0x00, 0x03, 0x00, 0x00, 0x00, 0x00, 0x00, 0x00, 0x22, 0x9A, 0xB9, 0xC6, 0xB6, 0x06, 0x55, 0x9A, 0x89,
  0x52, 0x07, 0x4F, 0xCB, 0xFB, 0xFC, 0xD3, 0x09, 0x9B, 0xFF, 0xE8, 0xA1, 0x16, 0x00, 0x00, 0xA2, 0x7D, 0x00, 0x00, 0x8D, 0xE1, 0x17, 0x00, 0x00,
  0x00, 0x00, 0x98, 0x6F, 0x00, 0x55, 0xFC, 0x2B, 0x00, 0x00, 0x00, 0x00, 0x00, 0x94, 0x71, 0x35, 0xFE, 0x93, 0x00, 0x00, 0x00, 0x00, 0x00, 0x00,
  0x84, 0x9D, 0xC5, 0xFF, 0x33, 0x00, 0x00, 0x00, 0x00, 0x00, 0x00, 0x99, 0xFF, 0xDC, 0xFE, 0x58, 0x00, 0x00, 0x00, 0x00, 0x00, 0x00, 0xA2, 0xD6,
  0x0A, 0xA5, 0xF2, 0x04, 0x00, 0x00, 0x00, 0x00, 0x00, 0x9D, 0x9E, 0x00, 0x1B, 0xEB, 0x4B, 0x00, 0x00, 0x00, 0x00, 0x00, 0x8A, 0x80, 0x00, 0x00,
  0x77, 0xCB, 0x00, 0x00, 0x00, 0x00, 0x00, 0x7D, 0x94, 0x00, 0x00, 0x0F, 0xEA, 0x29, 0x00, 0x00, 0x00, 0x3F, 0xDE, 0xD7, 0x42, 0x00, 0x0F, 0xCB,
  0xAD, 0x07, 0x00, 0x00, 0xA9, 0xFF, 0xE0, 0xC8, 0x05, 0x63, 0xE5, 0xDF, 0xC8, 0x2F, 0x00, 0x01, 0x0A, 0x00, 0x00, 0x00, 0x00, 0x00, 0x00, 0x00,
  0x00, 0x29, 0xCC, 0xCF, 0xC9, 0xDB, 0xB6, 0x25, 0x00, 0x00, 0x00, 0x00, 0x55, 0xDB, 0xFA, 0xFF, 0xE8, 0xCA, 0x24, 0x00, 0x00, 0x00, 0x00, 0x00,
  0x00, 0x9D, 0xFB, 0x23, 0x00, 0x00, 0x00, 0x00, 0x00, 0x00, 0x00, 0x00, 0x8A, 0xE7, 0x06, 0x00, 0x00, 0x00, 0x00, 0x00, 0x00, 0x00, 0x00, 0x8D,
  0xF4, 0x00, 0x00, 0x00, 0x00, 0x00, 0x00, 0x00, 0x00, 0x00, 0x71, 0xC8, 0x00, 0x00, 0x00, 0x00, 0x00, 0x00, 0x00, 0x00, 0x00, 0x64, 0xED, 0x00,
  0x00, 0x00, 0x00, 0x00, 0x00, 0x00, 0x00, 0x00, 0x65, 0xFA, 0x02, 0x00, 0x00, 0x00, 0x00, 0x00, 0x00, 0x00, 0x00, 0x6C, 0xFD, 0x15, 0x00, 0x00,
  0x00, 0x08, 0xDB, 0x30, 0x00, 0x00, 0x59, 0xFF, 0x1C, 0x00, 0x00, 0x00, 0x09, 0xFF, 0x56, 0x00, 0x00, 0x58, 0xFF, 0x35, 0x00, 0x00, 0x00, 0x01,
  0xF4, 0x64, 0x00, 0x78, 0xE7, 0xFF, 0xD2, 0xAD, 0xA9, 0x88, 0xBE, 0xFF, 0x67, 0x11, 0xFD, 0xFF, 0xFF, 0xF2, 0xFB, 0xFF, 0xFF, 0xFE, 0xD2, 0x1A,
  0x00, 0x13, 0x13, 0x15, 0x00, 0x02, 0x25, 0x19, 0x00, 0x00, 0x00, 0x00, 0x18, 0x7F, 0x57, 0x01, 0x00, 0x00, 0x00, 0x0B, 0x35, 0x29, 0x00, 0x00,
  0x01, 0xC4, 0xFF, 0xFF, 0x61, 0x00, 0x00, 0x33, 0xF4, 0xFF, 0xFF, 0x7A, 0x00, 0x00, 0x02, 0xEE, 0xFF, 0x97, 0x00, 0x00, 0x50, 0xFF, 0xFF, 0x73,
  0x00, 0x00, 0x00, 0x00, 0xDD, 0xE0, 0xEA, 0x00, 0x00, 0x7A, 0xFF, 0xFF, 0x53, 0x00, 0x00, 0x00, 0x00, 0xD1, 0xFA, 0xFF, 0x14, 0x00, 0xC1, 0xD8,
  0xF6, 0x87, 0x00, 0x00, 0x00, 0x00, 0xD3, 0x6E, 0xF8, 0x20, 0x00, 0xE4, 0x63, 0xBB, 0x8D, 0x00, 0x00, 0x00, 0x00, 0xD0, 0x5A, 0xAE, 0x55, 0x00,
  0xEE, 0x1F, 0xB2, 0x72, 0x00, 0x00, 0x00, 0x00, 0xFC, 0x6C, 0x85, 0x87, 0x00, 0xE3, 0x00, 0xAD, 0x52, 0x00, 0x00, 0x00, 0x00, 0xE7, 0x66, 0x64,
  0xAC, 0x1D, 0xDC, 0x00, 0xAC, 0x48, 0x00, 0x00, 0x00, 0x00, 0xDB, 0x6C, 0x28, 0xF0, 0xAA, 0xB7, 0x00, 0x8A, 0x6A, 0x00, 0x00, 0x00, 0x00, 0xDA,
  0x49, 0x04, 0xFC, 0xDB, 0x75, 0x00, 0x8D, 0x64, 0x00, 0x00, 0x02, 0x7E, 0xF8, 0xA6, 0x15, 0xB4, 0xFF, 0x5D, 0x0D, 0x9A, 0x5E, 0x16, 0x00, 0x13,
  0xF7, 0xFF, 0xEA, 0x3C, 0x41, 0xB4, 0x06, 0x69, 0xD6, 0xEC, 0x8B, 0x00, 0x00, 0x15, 0x1D, 0x0E, 0x00, 0x00, 0x00, 0x00, 0x00, 0x00, 0x00, 0x00,
  0x00, 0x04, 0x77, 0x86, 0x59, 0x01, 0x00, 0x4B, 0x92, 0x83, 0x42, 0x17, 0x26, 0xFF, 0xFF, 0xFF, 0x6C, 0x00, 0xB7, 0xFF, 0xFF, 0xFC, 0x7C, 0x00,
  0x69, 0xF3, 0xFF, 0xD1, 0x00, 0x00, 0x22, 0xFF, 0x5C, 0x00, 0x00, 0x00, 0xCA, 0xFF, 0xFF, 0x44, 0x00, 0x00, 0xEE, 0x53, 0x00, 0x00, 0x00, 0xB9,
  0xAE, 0xC2, 0x94, 0x00, 0x00, 0xE1, 0x5E, 0x00, 0x00, 0x00, 0xA7, 0x99, 0x59, 0xE7, 0x02, 0x00, 0xAF, 0x5C, 0x00, 0x00, 0x00, 0x9B, 0x9A, 0x01,
  0xDC, 0x30, 0x00, 0xB5, 0x5F, 0x00, 0x00, 0x00, 0x85, 0x9F, 0x00, 0x7B, 0xC3, 0x00, 0xB6, 0x61, 0x00, 0x00, 0x00, 0x7E, 0x6C, 0x00, 0x15, 0xFB,
  0x26, 0x8A, 0x4A, 0x00, 0x00, 0x00, 0x6D, 0xB4, 0x00, 0x00, 0xC1, 0x74, 0x8D, 0x33, 0x00, 0x00, 0x00, 0x6C, 0xBC, 0x00, 0x00, 0x52, 0xF5, 0xAB,
  0x4F, 0x00, 0x00, 0x18, 0x9F, 0xCD, 0x12, 0x00, 0x00, 0xD1, 0xFF, 0x74, 0x00, 0x22, 0xFC, 0xED, 0xFF, 0xFE, 0x30, 0x00, 0x4F, 0xF8, 0x52, 0x00,
  0x00, 0x23, 0x36, 0x34, 0x1F, 0x00, 0x00, 0x00, 0x02, 0x00, 0x00, 0x00, 0x00, 0x00, 0x28, 0x4E, 0x88, 0x94, 0x4A, 0x00, 0x00, 0x00, 0x00, 0x00,
  0x98, 0xFF, 0xFF, 0xFF, 0xFF, 0xFF, 0x6F, 0x00, 0x00, 0x00, 0x5E, 0xFF, 0xC9, 0x3E, 0x3D, 0x5C, 0xB4, 0xFE, 0x3E, 0x00, 0x00, 0xBD, 0xE3, 0x15,
  0x00, 0x00, 0x00, 0x02, 0xE3, 0xB5, 0x00, 0x07, 0xF8, 0x9D, 0x00, 0x00, 0x00, 0x00, 0x00, 0x8F, 0xD9, 0x00, 0x27, 0xFF, 0x79, 0x00, 0x00, 0x00,
  0x00, 0x00, 0x4A, 0xFF, 0x1A, 0x1A, 0xFF, 0x53, 0x00, 0x00, 0x00, 0x00, 0x00, 0x29, 0xFF, 0x45, 0x0B, 0xFF, 0x4D, 0x00, 0x00, 0x00, 0x00, 0x00,
  0x25, 0xFF, 0x40, 0x00, 0xCC, 0x70, 0x00, 0x00, 0x00, 0x00, 0x00, 0x37, 0xFF, 0x1A, 0x00, 0xB8, 0xBA, 0x07, 0x00, 0x00, 0x00, 0x00, 0x66, 0xE7,
  0x01, 0x00, 0x6B, 0xFF, 0x96, 0x01, 0x00, 0x00, 0x04, 0xC4, 0xB2, 0x00, 0x00, 0x16, 0xDF, 0xFF, 0xBC, 0x3F, 0x48, 0xB4, 0xC5, 0x17, 0x00, 0x00,
  0x00, 0x1F, 0xE0, 0xFF, 0xFF, 0xFF, 0xF6, 0x62, 0x00, 0x00, 0x00, 0x00, 0x00, 0x07, 0x5C, 0x82, 0x79, 0x12, 0x00, 0x00, 0x00, 0x00, 0x20, 0x46,
  0x50, 0x4A, 0x4C, 0x11, 0x00, 0x00, 0x00, 0x17, 0xDA, 0xFF, 0xFF, 0xFD, 0xF8, 0xFA, 0xBB, 0x26, 0x00, 0x00, 0x03, 0xAA, 0x72, 0x03, 0x00, 0x2A,
  0xCB, 0xDA, 0x10, 0x00, 0x00, 0xBD, 0x7A, 0x00, 0x00, 0x00, 0x2E, 0xFF, 0x70, 0x00, 0x00, 0xC0, 0x72, 0x00, 0x00, 0x00, 0x02, 0xFE, 0x70, 0x00,
  0x00, 0xCA, 0x98, 0x00, 0x00, 0x18, 0x85, 0xFA, 0x26, 0x00, 0x00, 0xAC, 0xFE, 0xDF, 0xE9, 0xFD, 0xFA, 0x6F, 0x00, 0x00, 0x00, 0xA6, 0xDF, 0x8B,
  0x8C, 0x7A, 0x1E, 0x00, 0x00, 0x00, 0x00, 0xAA, 0xAA, 0x00, 0x00, 0x00, 0x00, 0x00, 0x00, 0x00, 0x00, 0xAD, 0x9B, 0x00, 0x00, 0x00, 0x00, 0x00,
  0x00, 0x00, 0x00, 0xA1, 0x9B, 0x00, 0x00, 0x00, 0x00, 0x00, 0x00, 0x00, 0x33, 0xD4, 0xE1, 0x50, 0x00, 0x00, 0x00, 0x00, 0x00, 0x16, 0xFD, 0xFF,
  0xFF, 0xFB, 0x1B, 0x00, 0x00, 0x00, 0x00, 0x00, 0x2A, 0x13, 0x0C, 0x06, 0x00, 0x00, 0x00, 0x00, 0x00, 0x00, 0x00, 0x14, 0x77, 0x96, 0xC6, 0xA4,
  0x32, 0x00, 0x00, 0x00, 0x00, 0x00, 0xCD, 0xE3, 0x98, 0x83, 0xD2, 0xEE, 0x2A, 0x00, 0x00, 0x00, 0x87, 0xD6, 0x22, 0x00, 0x00, 0x00, 0x84, 0xD8,
  0x02, 0x00, 0x00, 0xC3, 0x8C, 0x00, 0x00, 0x00, 0x00, 0x21, 0xFA, 0x36, 0x00, 0x00, 0xEC, 0x3F, 0x00, 0x00, 0x00, 0x00, 0x00, 0xAB, 0x86, 0x00,
  0x27, 0xFF, 0x2C, 0x00, 0x00, 0x00, 0x00, 0x00, 0x80, 0x97, 0x00, 0x1D, 0xF8, 0x01, 0x00, 0x00, 0x00, 0x00, 0x00, 0x5A, 0x9D, 0x00, 0x00, 0xDC,
  0x01, 0x00, 0x00, 0x00, 0x00, 0x00, 0x67, 0x8C, 0x00, 0x00, 0xCB, 0x1A, 0x00, 0x00, 0x0E, 0x00, 0x00, 0x90, 0x6F, 0x00, 0x00, 0x8E, 0x90, 0x10,
  0xDC, 0xFF, 0xB1, 0x0E, 0xE7, 0x3B, 0x00, 0x00, 0x18, 0xFA, 0xD2, 0xD5, 0xB1, 0xFF, 0xE9, 0xB5, 0x02, 0x00, 0x00, 0x00, 0x99, 0xFF, 0xEA, 0xE3,
  0xFF, 0xE6, 0x20, 0x00, 0x00, 0x00, 0x00, 0x03, 0x68, 0x9D, 0xBC, 0xED, 0x72, 0x00, 0x52, 0x16, 0x00, 0x00, 0x00, 0x00, 0x00, 0x00, 0x94, 0xA3,
  0x21, 0xF5, 0x1F, 0x00, 0x00, 0x00, 0x00, 0x00, 0x00, 0x1E, 0xA6, 0x98, 0x4C, 0x00, 0x00, 0x54, 0x83, 0x9A, 0x81, 0x91, 0xA5, 0x7D, 0x27, 0x00,
  0x00, 0x00, 0x00, 0xAE, 0xFF, 0xFF, 0xE1, 0xCD, 0xCC, 0xF6, 0xEC, 0x0B, 0x00, 0x00, 0x00, 0x00, 0xBA, 0xAA, 0x00, 0x00, 0x00, 0x1D, 0xD3, 0x87,
  0x00, 0x00, 0x00, 0x00, 0x8A, 0xA1, 0x00, 0x00, 0x00, 0x00, 0x79, 0xC8, 0x00, 0x00, 0x00, 0x00, 0x7F, 0x7E, 0x00, 0x00, 0x00, 0x06, 0xD3, 0xD2,
  0x00, 0x00, 0x00, 0x00, 0x8D, 0xBA, 0x69, 0x42, 0x78, 0xC6, 0xFE, 0x6E, 0x00, 0x00, 0x00, 0x00, 0x9D, 0xFF, 0xFF, 0xFF, 0xFF, 0xFF, 0x97, 0x00,
  0x00, 0x00, 0x00, 0x00, 0xA6, 0xCA, 0x40, 0x3D, 0x4F, 0xF7, 0x67, 0x00, 0x00, 0x00, 0x00, 0x00, 0xB6, 0x88, 0x00, 0x00, 0x00, 0xA3, 0xBA, 0x00,
  0x00, 0x00, 0x00, 0x00, 0xA3, 0x71, 0x00, 0x00, 0x00, 0x89, 0xDC, 0x00, 0x00, 0x00, 0x00, 0x00, 0xA5, 0x78, 0x00, 0x00, 0x00, 0x88, 0xFB, 0x12,
  0x62, 0x04, 0x00, 0x24, 0xDC, 0xF7, 0x94, 0x0E, 0x00, 0x57, 0xFF, 0xD3, 0xFF, 0x2F, 0x91, 0xFD, 0xFA, 0xFF, 0xE9, 0x24, 0x00, 0x0D, 0xC5, 0xFF,
  0xD9, 0x03, 0x0C, 0x1B, 0x00, 0x0A, 0x00, 0x00, 0x00, 0x00, 0x00, 0x16, 0x04, 0x00, 0x00, 0x00, 0x00, 0x09, 0x2B, 0x2D, 0x25, 0x2A, 0x32, 0x00,
  0x00, 0x00, 0x00, 0x64, 0xF0, 0xFF, 0xFF, 0xFF, 0xFF, 0xC3, 0x00, 0x00, 0x00, 0x49, 0xFF, 0xB8, 0x47, 0x2B, 0x68, 0xE7, 0xF3, 0x01, 0x00, 0x00,
  0x9C, 0xFD, 0x0B, 0x00, 0x00, 0x00, 0x56, 0xF5, 0x00, 0x00, 0x00, 0x85, 0xFF, 0x19, 0x00, 0x00, 0x00, 0x04, 0xD7, 0x00, 0x00, 0x00, 0x1E, 0xE3,
  0xDA, 0x5B, 0x42, 0x10, 0x02, 0x02, 0x00, 0x00, 0x00, 0x00, 0x24, 0x9A, 0xE4, 0xFF, 0xFF, 0xEC, 0x6A, 0x00, 0x00, 0x00, 0x10, 0x00, 0x00, 0x00,
  0x11, 0x38, 0x8E, 0xFC, 0x57, 0x00, 0x00, 0xD0, 0x02, 0x00, 0x00, 0x00, 0x00, 0x00, 0x99, 0xC8, 0x00, 0x05, 0xFE, 0x20, 0x00, 0x00, 0x00, 0x00,
  0x00, 0x83, 0xC3, 0x00, 0x05, 0xFE, 0x4B, 0x00, 0x00, 0x00, 0x00, 0x2E, 0xE8, 0x72, 0x00, 0x02, 0xFE, 0xFE, 0x70, 0x1E, 0x1A, 0x7D, 0xFA, 0xD7,
  0x17, 0x00, 0x00, 0xB7, 0xCF, 0xE1, 0xFF, 0xFF, 0xDA, 0x85, 0x05, 0x00, 0x00, 0x00, 0x04, 0x00, 0x00, 0x27, 0x24, 0x00, 0x00, 0x00, 0x00, 0x00,
  0x0F, 0x98, 0x96, 0x9E, 0x95, 0x8F, 0x9E, 0xB0, 0xA3, 0x5C, 0x00, 0x6F, 0xF2, 0x78, 0x62, 0xAB, 0xFB, 0x85, 0x43, 0x8E, 0xFA, 0x02, 0x80, 0xA1,
  0x00, 0x00, 0x3B, 0xF7, 0x00, 0x00, 0x6D, 0xFF, 0x0E, 0x6A, 0x96, 0x00, 0x00, 0x4D, 0xF2, 0x00, 0x00, 0x4C, 0xFF, 0x21, 0x47, 0x73, 0x00, 0x00,
  0x5B, 0xFE, 0x04, 0x00, 0x0B, 0xBD, 0x12, 0x02, 0x02, 0x00, 0x00, 0x4D, 0xFF, 0x1D, 0x00, 0x00, 0x00, 0x00, 0x00, 0x00, 0x00, 0x00, 0x35, 0xFF,
  0x10, 0x00, 0x00, 0x00, 0x00, 0x00, 0x00, 0x00, 0x00, 0x43, 0xFF, 0x32, 0x00, 0x00, 0x00, 0x00, 0x00, 0x00, 0x00, 0x00, 0x38, 0xFF, 0x32, 0x00,
  0x00, 0x00, 0x00, 0x00, 0x00, 0x00, 0x00, 0x3C, 0xFF, 0x1A, 0x00, 0x00, 0x00, 0x00, 0x00, 0x00, 0x00, 0x00, 0x37, 0xFF, 0x66, 0x00, 0x00, 0x00,
  0x00, 0x00, 0x00, 0x0F, 0x97, 0xDB, 0xFF, 0xF5, 0xC4, 0x4B, 0x00, 0x00, 0x00, 0x00, 0x5D, 0xF4, 0xEA, 0xC6, 0xA1, 0x94, 0x33, 0x00, 0x00, 0x29,
  0x8B, 0x91, 0x9D, 0x43, 0x00, 0x91, 0xA2, 0xB6, 0x7F, 0x50, 0x29, 0xB1, 0xFF, 0xFF, 0x73, 0x00, 0xBF, 0xFF, 0xFF, 0xF4, 0x86, 0x00, 0x18, 0xFF,
  0x86, 0x00, 0x00, 0x00, 0x5D, 0xFF, 0x23, 0x00, 0x00, 0x00, 0xEE, 0x2F, 0x00, 0x00, 0x00, 0x34, 0xE1, 0x05, 0x00, 0x00, 0x02, 0xFF, 0x25, 0x00,
  0x00, 0x00, 0x21, 0xFE, 0x02, 0x00, 0x00, 0x00, 0xF8, 0x18, 0x00, 0x00, 0x00, 0x1F, 0xFF, 0x12, 0x00, 0x00, 0x00, 0xEF, 0x2F, 0x00, 0x00, 0x00,
  0x29, 0xFF, 0x17, 0x00, 0x00, 0x05, 0xFA, 0x26, 0x00, 0x00, 0x00, 0x22, 0xFF, 0x2A, 0x00, 0x00, 0x14, 0xFF, 0x5C, 0x00, 0x00, 0x00, 0x21, 0xFC,
  0x0A, 0x00, 0x00, 0x00, 0xEA, 0x61, 0x00, 0x00, 0x00, 0x32, 0xFF, 0x2C, 0x00, 0x00, 0x00, 0xCC, 0xAA, 0x00, 0x00, 0x00, 0x5D, 0xD9, 0x07, 0x00,
  0x00, 0x00, 0x8B, 0xFF, 0xA7, 0x11, 0x6C, 0xF6, 0x69, 0x00, 0x00, 0x00, 0x00, 0x0E, 0x93, 0xE2, 0xE7, 0xBC, 0x7A, 0x00, 0x00, 0x00, 0x00, 0x00,
  0x00, 0x00, 0x00, 0x0D, 0x06, 0x00, 0x00, 0x00, 0x00, 0x00, 0x00, 0x00, 0x00, 0x00, 0x00, 0x00, 0x00, 0x00, 0x03, 0x00, 0x00, 0x00, 0x00, 0x5A,
  0x8B, 0xB3, 0x9D, 0x20, 0x00, 0xB0, 0xE1, 0xFC, 0xE4, 0x9D, 0x03, 0x00, 0xA7, 0xF4, 0xFF, 0xFA, 0x4E, 0x01, 0xC0, 0xFF, 0xFF, 0xF4, 0x92, 0x00,
  0x00, 0x00, 0x1D, 0xF6, 0x72, 0x00, 0x00, 0x04, 0xD8, 0xF0, 0x1C, 0x00, 0x00, 0x00, 0x00, 0x00, 0xBC, 0x84, 0x00, 0x00, 0x03, 0xE8, 0xA2, 0x00,
  0x00, 0x00, 0x00, 0x00, 0x00, 0x94, 0xD0, 0x00, 0x00, 0x4B, 0xFF, 0x49, 0x00, 0x00, 0x00, 0x00, 0x00, 0x00, 0x54, 0xEC, 0x01, 0x00, 0x87, 0xFF,
  0x2F, 0x00, 0x00, 0x00, 0x00, 0x00, 0x00, 0x43, 0xFA, 0x10, 0x00, 0xC9, 0xEE, 0x03, 0x00, 0x00, 0x00, 0x00, 0x00, 0x00, 0x02, 0xE8, 0x69, 0x00,
  0xD8, 0x9D, 0x00, 0x00, 0x00, 0x00, 0x00, 0x00, 0x00, 0x00, 0xA0, 0x91, 0x20, 0xFF, 0x99, 0x00, 0x00, 0x00, 0x00, 0x00, 0x00, 0x00, 0x00, 0x8C,
  0xDA, 0xA7, 0xFF, 0x39, 0x00, 0x00, 0x00, 0x00, 0x00, 0x00, 0x00, 0x00, 0x47, 0xFF, 0xFF, 0xF5, 0x04, 0x00, 0x00, 0x00, 0x00, 0x00, 0x00, 0x00,
  0x00, 0x03, 0xEE, 0xFF, 0xAB, 0x00, 0x00, 0x00, 0x00, 0x00, 0x00, 0x00, 0x00, 0x00, 0x00, 0xA2, 0xFF, 0x91, 0x00, 0x00, 0x00, 0x00, 0x00, 0x00,
  0x00, 0x00, 0x00, 0x00, 0x04, 0x34, 0x02, 0x00, 0x00, 0x00, 0x00, 0x00, 0x04, 0x0E, 0x1B, 0x01, 0x41, 0x3E, 0x4C, 0x13, 0x31, 0x56, 0x54, 0x01,
  0xA7, 0xFF, 0xD8, 0x72, 0xC6, 0xFF, 0xF4, 0x84, 0xC6, 0xFF, 0xDA, 0x02, 0x00, 0x6E, 0x54, 0x00, 0x27, 0xFF, 0x9B, 0x00, 0x12, 0xFF, 0x2E, 0x00,
  0x00, 0x05, 0x34, 0x00, 0x29, 0xFF, 0xE5, 0x00, 0x3B, 0xE2, 0x00, 0x00, 0x00, 0x03, 0x7F, 0x00, 0x66, 0xDC, 0xEA, 0x03, 0x3B, 0xAF, 0x00, 0x00,
  0x00, 0x0B, 0xD1, 0x00, 0x77, 0x5C, 0xD5, 0x2C, 0x65, 0x8A, 0x00, 0x00, 0x00, 0x00, 0xCF, 0x16, 0x8E, 0x25, 0xD6, 0x6C, 0x95, 0x7C, 0x00, 0x00,
  0x00, 0x00, 0xB1, 0x56, 0xE2, 0x15, 0xAA, 0x83, 0xDB, 0x5C, 0x00, 0x00, 0x00, 0x00, 0x7C, 0x6E, 0xEE, 0x15, 0x73, 0xE9, 0xFE, 0x2F, 0x00, 0x00,
  0x00, 0x00, 0x67, 0xFF, 0xFB, 0x01, 0x69, 0xFF, 0xFF, 0x40, 0x00, 0x00, 0x00, 0x00, 0x45, 0xFF, 0xD4, 0x00, 0x53, 0xFF, 0xFF, 0x2D, 0x00, 0x00,
  0x00, 0x00, 0x26, 0xFF, 0xD5, 0x00, 0x30, 0xFF, 0xEF, 0x01, 0x00, 0x00, 0x00, 0x00, 0x0D, 0xBF, 0x5F, 0x00, 0x03, 0xC2, 0xA8, 0x00, 0x00, 0x00,
  0x39, 0x63, 0x68, 0x67, 0x0F, 0x00, 0x53, 0x79, 0x79, 0x65, 0x00, 0x56, 0xB9, 0xFE, 0xDC, 0x18, 0x00, 0xBF, 0xFF, 0xDC, 0x86, 0x04, 0x00, 0x00,
  0x83, 0xC0, 0x00, 0x00, 0x9E, 0xC5, 0x06, 0x00, 0x00, 0x00, 0x00, 0x14, 0xF2, 0x45, 0x0C, 0xF2, 0x3D, 0x00, 0x00, 0x00, 0x00, 0x00, 0x00, 0x7E,
  0xE7, 0xD3, 0xC9, 0x00, 0x00, 0x00, 0x00, 0x00, 0x00, 0x00, 0x08, 0xE3, 0xFF, 0x4F, 0x00, 0x00, 0x00, 0x00, 0x00, 0x00, 0x00, 0x00, 0xB0, 0xFF,
  0x19, 0x00, 0x00, 0x00, 0x00, 0x00, 0x00, 0x00, 0x14, 0xF3, 0xFF, 0x54, 0x00, 0x00, 0x00, 0x00, 0x00, 0x00, 0x00, 0x9C, 0xE4, 0xC9, 0xD1, 0x0B,
  0x00, 0x00, 0x00, 0x00, 0x00, 0x28, 0xF7, 0x4D, 0x15, 0xFA, 0x77, 0x00, 0x00, 0x00, 0x00, 0x00, 0xAD, 0xD7, 0x00, 0x00, 0xA3, 0xE8, 0x18, 0x00,
  0x00, 0x3C, 0xB4, 0xFF, 0xF6, 0x2D, 0x12, 0xEE, 0xFF, 0xED, 0xB1, 0x34, 0xBF, 0xE4, 0xD9, 0xD8, 0x45, 0x1A, 0xD3, 0xEC, 0xFD, 0xF5, 0x3A, 0x00,
  0x00, 0x00, 0x00, 0x00, 0x00, 0x00, 0x00, 0x00, 0x01, 0x00, 0x14, 0xB9, 0xEA, 0xEB, 0xC6, 0x59, 0x65, 0xD7, 0xD9, 0xDB, 0xCE, 0x07, 0x29, 0xBF,
  0xED, 0xFF, 0xFF, 0x76, 0x50, 0xB9, 0xFF, 0xFF, 0xC9, 0x07, 0x00, 0x00, 0x0A, 0xCA, 0xD8, 0x00, 0x00, 0x85, 0xFF, 0x32, 0x00, 0x00, 0x00, 0x00,
  0x00, 0x5B, 0xFF, 0x2C, 0x0C, 0xDF, 0xA7, 0x00, 0x00, 0x00, 0x00, 0x00, 0x00, 0x03, 0xD9, 0xCE, 0x9D, 0xFF, 0x1B, 0x00, 0x00, 0x00, 0x00, 0x00,
  0x00, 0x00, 0x66, 0xFF, 0xFF, 0xAC, 0x00, 0x00, 0x00, 0x00, 0x00, 0x00, 0x00, 0x00, 0x02, 0xC5, 0xFE, 0x27, 0x00, 0x00, 0x00, 0x00, 0x00, 0x00,
  0x00, 0x00, 0x00, 0x73, 0xDC, 0x00, 0x00, 0x00, 0x00, 0x00, 0x00, 0x00, 0x00, 0x00, 0x00, 0x68, 0xDF, 0x00, 0x00, 0x00, 0x00, 0x00, 0x00, 0x00,
  0x00, 0x00, 0x00, 0x6A, 0xED, 0x00, 0x00, 0x00, 0x00, 0x00, 0x00, 0x00, 0x00, 0x00, 0x00, 0x7A, 0xEB, 0x00, 0x00, 0x00, 0x00, 0x00, 0x00, 0x00,
  0x27, 0x75, 0x8E, 0xD9, 0xFF, 0x9F, 0xB7, 0x53, 0x00, 0x00, 0x00, 0x00, 0x9D, 0xF0, 0xF5, 0xE5, 0xE2, 0xEB, 0xF0, 0xB7, 0x00, 0x00, 0x00, 0x00,
  0x01, 0x00, 0x00, 0x00, 0x00, 0x00, 0x00, 0x00, 0x00, 0x00, 0x00, 0x29, 0x71, 0x6D, 0x79, 0xAA, 0xA8, 0xB9, 0x7C, 0x01, 0x00, 0x00, 0xF0, 0xCF,
  0xB7, 0xBD, 0xA2, 0xF4, 0xFF, 0xFF, 0x1C, 0x00, 0x03, 0xE9, 0x35, 0x00, 0x00, 0x00, 0xD0, 0xFF, 0xBF, 0x00, 0x00, 0x00, 0xBD, 0x34, 0x00, 0x00,
  0x5E, 0xFF, 0xEF, 0x2F, 0x00, 0x00, 0x00, 0x69, 0x10, 0x00, 0x0F, 0xD0, 0xFA, 0x62, 0x00, 0x00, 0x00, 0x00, 0x00, 0x00, 0x00, 0x96, 0xFF, 0x92,
  0x00, 0x00, 0x00, 0x00, 0x00, 0x00, 0x00, 0x52, 0xFF, 0xE4, 0x16, 0x00, 0x00, 0x00, 0x00, 0x00, 0x00, 0x12, 0xD6, 0xFE, 0x46, 0x00, 0x00, 0x59,
  0x14, 0x00, 0x00, 0x00, 0x5D, 0xFE, 0x96, 0x00, 0x00, 0x00, 0xC0, 0xCB, 0x00, 0x00, 0x6A, 0xFF, 0xDB, 0x06, 0x00, 0x00, 0x00, 0xCF, 0xD7, 0x00,
  0x05, 0xF0, 0xFF, 0x6A, 0x11, 0x07, 0x00, 0x2F, 0xF2, 0xC8, 0x00, 0x00, 0xD9, 0xFF, 0xFF, 0xFF, 0xFF, 0xFB, 0xFF, 0xF3, 0x9E, 0x00, 0x00, 0xAC,
  0xC9, 0xE4, 0xE9, 0xEC, 0xF9, 0xF1, 0xDA, 0x79, 0x00, 0x00, 0x00, 0x00, 0x00, 0x00, 0x00, 0x00, 0x00, 0x00, 0x00, 0x00, 0x00, 0x0C, 0x71, 0x71,
  0x86, 0x1B, 0x00, 0x41, 0xFF, 0xB7, 0x73, 0x18, 0x00, 0x4C, 0xFF, 0x37, 0x00, 0x00, 0x00, 0x5D, 0xFF, 0x29, 0x00, 0x00, 0x00, 0x50, 0xFF, 0x2E,
  0x00, 0x00, 0x00, 0x5C, 0xFF, 0x44, 0x00, 0x00, 0x00, 0x57, 0xFF, 0x38, 0x00, 0x00, 0x00, 0x54, 0xFF, 0x44, 0x00, 0x00, 0x00, 0x6C, 0xFF, 0x3F,
  0x00, 0x00, 0x00, 0x4C, 0xFF, 0x4F, 0x00, 0x00, 0x00, 0x51, 0xFF, 0x40, 0x00, 0x00, 0x00, 0x5D, 0xFF, 0x52, 0x00, 0x00, 0x00, 0x5F, 0xFF, 0x5B,
  0x00, 0x00, 0x00, 0x46, 0xFF, 0x40, 0x00, 0x00, 0x00, 0x39, 0xFF, 0xD7, 0x97, 0x00, 0x00, 0x01, 0x29, 0x37, 0x32, 0x00, 0x45, 0x92, 0x06, 0x00,
  0x00, 0x00, 0x00, 0x00, 0x00, 0x00, 0x3D, 0xF7, 0x71, 0x00, 0x00, 0x00, 0x00, 0x00, 0x00, 0x00, 0x00, 0xA5, 0xE7, 0x15, 0x00, 0x00, 0x00, 0x00,
  0x00, 0x00, 0x00, 0x16, 0xF8, 0x98, 0x00, 0x00, 0x00, 0x00, 0x00, 0x00, 0x00, 0x00, 0x7A, 0xF7, 0x17, 0x00, 0x00, 0x00, 0x00, 0x00, 0x00, 0x00,
  0x04, 0xDE, 0xA1, 0x00, 0x00, 0x00, 0x00, 0x00, 0x00, 0x00, 0x00, 0x4D, 0xFA, 0x28, 0x00, 0x00, 0x00, 0x00, 0x00, 0x00, 0x00, 0x00, 0xA4, 0xA7,
  0x00, 0x00, 0x00, 0x00, 0x00, 0x00, 0x00, 0x00, 0x24, 0xF3, 0x3D, 0x00, 0x00, 0x00, 0x00, 0x00, 0x00, 0x00, 0x00, 0x86, 0xC8, 0x00, 0x00, 0x00,
  0x00, 0x00, 0x00, 0x00, 0x00, 0x05, 0xE2, 0x5A, 0x00, 0x00, 0x00, 0x00, 0x00, 0x00, 0x00, 0x00, 0x80, 0xF0, 0x1B, 0x00, 0x00, 0x00, 0x00, 0x00,
  0x00, 0x00, 0x0C, 0xE7, 0xBE, 0x03, 0x00, 0x00, 0x00, 0x00, 0x00, 0x00, 0x00, 0x4D, 0xFF, 0x70, 0x00, 0x00, 0x00, 0x00, 0x00, 0x00, 0x00, 0x00,
  0x8F, 0x44, 0x19, 0x88, 0x71, 0x4E, 0x00, 0x00, 0x15, 0x75, 0xD7, 0xDF, 0x00, 0x00, 0x00, 0x00, 0xAC, 0xEA, 0x00, 0x00, 0x00, 0x00, 0xBC, 0xFF,
  0x03, 0x00, 0x00, 0x00, 0xAA, 0xF6, 0x00, 0x00, 0x00, 0x00, 0xA6, 0xF2, 0x00, 0x00, 0x00, 0x00, 0xB2, 0xF0, 0x01, 0x00, 0x00, 0x00, 0xA2, 0xFE,
  0x07, 0x00, 0x00, 0x00, 0xA4, 0xEE, 0x00, 0x00, 0x00, 0x00, 0xA1, 0xF9, 0x00, 0x00, 0x00, 0x00, 0x9F, 0xF9, 0x00, 0x00, 0x00, 0x00, 0x8E, 0xEE,
  0x00, 0x00, 0x00, 0x00, 0x92, 0xFB, 0x00, 0x00, 0x00, 0x00, 0xA0, 0xE5, 0x00, 0x00, 0x70, 0xC1, 0xFB, 0xD9, 0x00, 0x00, 0x21, 0x39, 0x29, 0x1C,
  0x00, 0x00, 0x00, 0x00, 0x2C, 0x88, 0x17, 0x00, 0x00, 0x00, 0x00, 0x00, 0xCE, 0xFB, 0xA9, 0x00, 0x00, 0x00, 0x00, 0x50, 0xCC, 0x32, 0xF8, 0x40,
  0x00, 0x00, 0x05, 0xEA, 0x6B, 0x00, 0x80, 0xD3, 0x0D, 0x00, 0x61, 0xD0, 0x08, 0x00, 0x0D, 0xE1, 0x92, 0x00, 0xE6, 0x76, 0x00, 0x00, 0x00, 0x3D,
  0xFC, 0x20, 0x3D, 0x1B, 0x00, 0x00, 0x00, 0x00, 0x43, 0x03, 0x00, 0x00, 0x00, 0x00, 0x00, 0x00, 0x00, 0x00, 0x00, 0x00, 0x00, 0x00, 0x00, 0x00,
  0x00, 0x00, 0x00, 0x00, 0x00, 0x00, 0x00, 0x00, 0x00, 0x00, 0x00, 0x00, 0x00, 0x00, 0x00, 0x00, 0x00, 0x00, 0x00, 0x00, 0x00, 0x00, 0x00, 0x00,
  0x00, 0x00, 0x00, 0x00, 0x00, 0x00, 0x00, 0x00, 0x00, 0x00, 0x00, 0x00, 0x00, 0x00, 0x00, 0x00, 0x00, 0x00, 0x00, 0x00, 0x00, 0x00, 0x00, 0x00,
  0x00, 0x00, 0x00, 0x00, 0x00, 0x00, 0x00, 0x00, 0x00, 0x00, 0x00, 0x00, 0x50, 0x9B, 0x9F, 0xA6, 0xCA, 0xE0, 0xD0, 0xE8, 0xC7, 0x20, 0x00, 0x00,
  0x7A, 0xB8, 0xAB, 0x9F, 0x94, 0x89, 0x73, 0x72, 0x69, 0x0E, 0x68, 0x15, 0x00, 0x00, 0xE7, 0xCA, 0x1A, 0x00, 0x0F, 0x58, 0xD2, 0x60, 0x00, 0x00,
  0x10, 0x6F, 0x00, 0x00, 0x00, 0x00, 0x00, 0x00, 0x00, 0x00, 0x00, 0x00, 0x00, 0x00, 0x00, 0x00, 0x00, 0x00, 0x00, 0x00, 0x00, 0x00, 0x00, 0x00,
  0x00, 0x00, 0x00, 0x00, 0x00, 0x00, 0x00, 0x00, 0x00, 0x00, 0x00, 0x00, 0x00, 0x00, 0x00, 0x00, 0x00, 0x00, 0x00, 0x00, 0x00, 0x00, 0x03, 0x00,
  0x00, 0x00, 0x00, 0x00, 0x00, 0x00, 0x09, 0x74, 0xC9, 0xFE, 0xED, 0x9E, 0x15, 0x00, 0x00, 0x00, 0x00, 0x67, 0xFF, 0xE3, 0x53, 0x4B, 0xD1, 0xCE,
  0x00, 0x00, 0x00, 0x00, 0xA4, 0xFF, 0xB3, 0x00, 0x00, 0x20, 0xFE, 0x24, 0x00, 0x00, 0x00, 0x2D, 0x99, 0x3F, 0x00, 0x1E, 0x63, 0xFF, 0x38, 0x00,
  0x00, 0x00, 0x2A, 0x9F, 0xB2, 0xBA, 0xFD, 0xB6, 0xED, 0x32, 0x00, 0x00, 0x08, 0xE3, 0xE0, 0x5D, 0x2B, 0x11, 0x00, 0xCF, 0x39, 0x00, 0x00, 0x3A,
  0xFC, 0x1B, 0x00, 0x00, 0x00, 0x11, 0xF2, 0x58, 0x00, 0x00, 0x32, 0xFF, 0x5E, 0x04, 0x00, 0x16, 0xBB, 0xFF, 0x84, 0xAF, 0x07, 0x00, 0x7E, 0xE8,
  0xF8, 0xEC, 0xCF, 0x71, 0x93, 0xF0, 0x90, 0x00, 0x00, 0x00, 0x06, 0x1B, 0x0E, 0x00, 0x00, 0x00, 0x00, 0x00, 0x00, 0x0B, 0x4F, 0x43, 0x1C, 0x00,
  0x00, 0x00, 0x00, 0x00, 0x00, 0x00, 0x57, 0xF7, 0xFF, 0xA0, 0x00, 0x00, 0x00, 0x00, 0x00, 0x00, 0x00, 0x00, 0x05, 0xBC, 0x96, 0x00, 0x00, 0x00,
  0x00, 0x00, 0x00, 0x00, 0x00, 0x00, 0x91, 0x9C, 0x00, 0x00, 0x00, 0x00, 0x00, 0x00, 0x00, 0x00, 0x00, 0x7A, 0xC1, 0x3C, 0x90, 0xAA, 0x66, 0x0B,
  0x00, 0x00, 0x00, 0x00, 0x67, 0xFF, 0xFD, 0xB7, 0xA1, 0xE0, 0xF3, 0x41, 0x00, 0x00, 0x00, 0x89, 0xFF, 0x6C, 0x00, 0x00, 0x01, 0xAD, 0xC0, 0x00,
  0x00, 0x00, 0x7E, 0xFD, 0x0A, 0x00, 0x00, 0x00, 0x0F, 0xF4, 0x26, 0x00, 0x00, 0x91, 0xDA, 0x00, 0x00, 0x00, 0x00, 0x00, 0xB8, 0x63, 0x00, 0x00,
  0x83, 0xAA, 0x00, 0x00, 0x00, 0x00, 0x00, 0xEE, 0x5C, 0x00, 0x00, 0x8E, 0xE2, 0x00, 0x00, 0x00, 0x00, 0x3E, 0xFC, 0x1D, 0x00, 0x00, 0x67, 0xFF,
  0x95, 0x40, 0x0C, 0x67, 0xF9, 0xA0, 0x00, 0x00, 0x00, 0x58, 0xA7, 0xE9, 0xFF, 0xFF, 0xFF, 0xCD, 0x16, 0x00, 0x00, 0x00, 0x00, 0x00, 0x0E, 0x36,
  0x18, 0x2A, 0x00, 0x00, 0x00, 0x00, 0x00, 0x38, 0x9A, 0xEB, 0xD4, 0xBA, 0x6A, 0x06, 0x00, 0x00, 0x3A, 0xDE, 0xE7, 0xAF, 0xAC, 0xF9, 0xFF, 0x87,
  0x00, 0x00, 0xBB, 0xED, 0x1B, 0x00, 0x00, 0xB3, 0xFF, 0xFE, 0x05, 0x01, 0xF5, 0x5F, 0x00, 0x00, 0x00, 0x58, 0xFF, 0xDA, 0x00, 0x42, 0xFF, 0x59,
  0x00, 0x00, 0x00, 0x00, 0x2B, 0x0B, 0x00, 0x33, 0xFF, 0x7E, 0x00, 0x00, 0x00, 0x00, 0x00, 0x00, 0x00, 0x01, 0xDE, 0x9F, 0x00, 0x00, 0x00, 0x02,
  0xB3, 0x5D, 0x00, 0x00, 0x52, 0xFE, 0x7C, 0x17, 0x44, 0xBB, 0xFF, 0xB8, 0x04, 0x00, 0x00, 0x5C, 0xD5, 0xFE, 0xFF, 0xFE, 0x87, 0x12, 0x00, 0x00,
  0x00, 0x00, 0x08, 0x2C, 0x53, 0x1B, 0x00, 0x00, 0x00, 0x00, 0x00, 0x00, 0x00, 0x00, 0x4D, 0x5A, 0x4D, 0x32, 0x00, 0x00, 0x00, 0x00, 0x00, 0x00,
  0x12, 0xF1, 0xFD, 0xFF, 0xE3, 0x00, 0x00, 0x00, 0x00, 0x00, 0x00, 0x00, 0x0B, 0x0E, 0xAA, 0xDA, 0x00, 0x00, 0x00, 0x00, 0x00, 0x00, 0x00, 0x00,
  0x00, 0x89, 0xEC, 0x00, 0x00, 0x00, 0x00, 0x26, 0x87, 0xBB, 0x8A, 0x53, 0xCA, 0xF1, 0x00, 0x00, 0x00, 0x3B, 0xF2, 0xFC, 0xE6, 0xD1, 0xFF, 0xFF,
  0xF0, 0x00, 0x00, 0x00, 0xCF, 0xF3, 0x34, 0x00, 0x00, 0x32, 0xE9, 0xEF, 0x00, 0x00, 0x15, 0xFE, 0x8D, 0x00, 0x00, 0x00, 0x00, 0x8E, 0xE8, 0x00,
  0x00, 0x3D, 0xFF, 0x5A, 0x00, 0x00, 0x00, 0x00, 0x7B, 0xDE, 0x00, 0x00, 0x31, 0xFF, 0x43, 0x00, 0x00, 0x00, 0x00, 0xA7, 0xD6, 0x00, 0x00, 0x02,
  0xD2, 0xC2, 0x00, 0x00, 0x00, 0x00, 0xDC, 0xDE, 0x00, 0x00, 0x00, 0x5F, 0xFF, 0x83, 0x0F, 0x1E, 0xAA, 0xFF, 0xFE, 0x3A, 0x00, 0x00, 0x00, 0x80,
  0xF7, 0xFF, 0xFF, 0xF5, 0xAD, 0xFF, 0xFF, 0x9C, 0x00, 0x00, 0x00, 0x14, 0x69, 0x6B, 0x19, 0x00, 0x30, 0x3A, 0x00, 0x00, 0x00, 0x3C, 0xA4, 0xE3,
  0xEA, 0x85, 0x16, 0x00, 0x00, 0x00, 0x4C, 0xFA, 0xDB, 0x77, 0x83, 0xE0, 0xE3, 0x22, 0x00, 0x01, 0xE0, 0x9A, 0x0C, 0x00, 0x00, 0x03, 0x95, 0x95,
  0x00, 0x17, 0xFF, 0x61, 0x04, 0x05, 0x13, 0x0A, 0x70, 0xF1, 0x00, 0x32, 0xFF, 0xFF, 0xFD, 0xFE, 0xFF, 0xFA, 0xFF, 0xDC, 0x00, 0x2B, 0xFF, 0x6C,
  0x11, 0x10, 0x09, 0x00, 0x14, 0x0C, 0x00, 0x00, 0xE0, 0x91, 0x00, 0x00, 0x00, 0x00, 0x13, 0x42, 0x00, 0x00, 0x5C, 0xFF, 0x8B, 0x1B, 0x00, 0x29,
  0xE1, 0xE6, 0x00, 0x00, 0x00, 0x5E, 0xEE, 0xFF, 0xF3, 0xF8, 0xB5, 0x26, 0x00, 0x00, 0x00, 0x00, 0x16, 0x53, 0x55, 0x27, 0x00, 0x00, 0x00, 0x00,
  0x00, 0x00, 0x00, 0x19, 0x75, 0x99, 0x7B, 0x25, 0x00, 0x00, 0x00, 0x00, 0x00, 0x30, 0xEB, 0xFD, 0xE6, 0xFF, 0xFA, 0x4E, 0x00, 0x00, 0x00, 0x00,
  0xC7, 0xE0, 0x1F, 0x00, 0xB8, 0xFF, 0xE0, 0x00, 0x00, 0x00, 0x00, 0xD2, 0x9E, 0x00, 0x00, 0x7C, 0xFF, 0xBF, 0x00, 0x00, 0x4A, 0x6C, 0xF3, 0xED,
  0xA1, 0x19, 0x02, 0x4C, 0x14, 0x00, 0x00, 0xA8, 0xD9, 0xFF, 0xEE, 0xB5, 0x38, 0x00, 0x00, 0x00, 0x00, 0x00, 0x00, 0x00, 0xCD, 0x97, 0x00, 0x00,
  0x00, 0x00, 0x00, 0x00, 0x00, 0x00, 0x00, 0xCB, 0xA2, 0x00, 0x00, 0x00, 0x00, 0x00, 0x00, 0x00, 0x00, 0x00, 0xCB, 0xAE, 0x00, 0x00, 0x00, 0x00,
  0x00, 0x00, 0x00, 0x00, 0x00, 0xBD, 0x94, 0x00, 0x00, 0x00, 0x00, 0x00, 0x00, 0x00, 0x00, 0x00, 0xD0, 0x88, 0x00, 0x00, 0x00, 0x00, 0x00, 0x00,
  0x00, 0x0C, 0x2A, 0xEB, 0xC5, 0x5E, 0x59, 0x0D, 0x00, 0x00, 0x00, 0x85, 0xFF, 0xFF, 0xFF, 0xFF, 0xFF, 0xFF, 0x61, 0x00, 0x00, 0x00, 0x32, 0x7C,
  0x4D, 0x2B, 0x29, 0x62, 0x4B, 0x03, 0x00, 0x00, 0x00, 0x00, 0x00, 0x0E, 0x5C, 0x9C, 0x8A, 0x2E, 0x69, 0xC0, 0x8A, 0x00, 0x00, 0x03, 0xD9, 0xF4,
  0xAD, 0xC6, 0xFC, 0xDC, 0xFF, 0xF9, 0x08, 0x00, 0x31, 0xFF, 0x47, 0x00, 0x00, 0x6B, 0xFF, 0xA8, 0x7F, 0x00, 0x00, 0x58, 0xFB, 0x06, 0x00, 0x00,
  0x18, 0xFF, 0x39, 0x00, 0x00, 0x00, 0x44, 0xFD, 0x68, 0x00, 0x00, 0x79, 0xED, 0x14, 0x00, 0x00, 0x00, 0x25, 0xF7, 0xF1, 0xA1, 0xB5, 0xFF, 0x6D,
  0x00, 0x00, 0x00, 0x00, 0xD3, 0xE2, 0x87, 0x9A, 0x8D, 0x44, 0x00, 0x00, 0x00, 0x00, 0x00, 0xE5, 0x5D, 0x00, 0x00, 0x00, 0x0E, 0x00, 0x00, 0x00,
  0x00, 0x00, 0xA7, 0xF3, 0xEE, 0xEB, 0xDF, 0xFF, 0xDF, 0x8A, 0x07, 0x00, 0x05, 0xDA, 0xA7, 0x3F, 0x10, 0x04, 0x24, 0x63, 0xC8, 0xCD, 0x00, 0x2E,
  0xFF, 0x0F, 0x00, 0x00, 0x00, 0x00, 0x00, 0x6E, 0xFE, 0x0D, 0x0B, 0xE5, 0xAC, 0x4E, 0x07, 0x22, 0x59, 0x8B, 0xE4, 0x90, 0x00, 0x00, 0x30, 0x95,
  0xE6, 0xFF, 0xF8, 0xD1, 0x8D, 0x3F, 0x00, 0x00, 0x00, 0x00, 0x00, 0x00, 0x04, 0x00, 0x00, 0x00, 0x00, 0x00, 0x00, 0x16, 0x3D, 0x21, 0x00, 0x00,
  0x00, 0x00, 0x00, 0x00, 0x00, 0x00, 0xC2, 0xFF, 0xF7, 0x10, 0x00, 0x00, 0x00, 0x00, 0x00, 0x00, 0x00, 0x05, 0x57, 0xFF, 0x19, 0x00, 0x00, 0x00,
  0x00, 0x00, 0x00, 0x00, 0x00, 0x07, 0xEB, 0x1D, 0x00, 0x00, 0x00, 0x00, 0x00, 0x00, 0x00, 0x00, 0x00, 0xFC, 0x25, 0x22, 0x94, 0xBA, 0x5F, 0x05,
  0x00, 0x00, 0x00, 0x0B, 0xFA, 0xBA, 0xE9, 0xC3, 0x98, 0xD9, 0xAD, 0x00, 0x00, 0x00, 0x00, 0xF3, 0xFF, 0x69, 0x00, 0x00, 0x30, 0xFF, 0x29, 0x00,
  0x00, 0x00, 0xF1, 0x95, 0x00, 0x00, 0x00, 0x0B, 0xF9, 0x2E, 0x00, 0x00, 0x02, 0xFD, 0x53, 0x00, 0x00, 0x00, 0x07, 0xF8, 0x16, 0x00, 0x00, 0x00,
  0xE7, 0x50, 0x00, 0x00, 0x00, 0x00, 0xDB, 0x33, 0x00, 0x00, 0x00, 0xE9, 0x68, 0x00, 0x00, 0x00, 0x00, 0xDA, 0x2D, 0x00, 0x00, 0x0C, 0xFC, 0x76,
  0x19, 0x00, 0x00, 0x12, 0xF9, 0x88, 0x0A, 0x78, 0xF5, 0xF0, 0xFF, 0xB3, 0x01, 0xA0, 0xF9, 0xFF, 0xFF, 0xB6, 0x29, 0x75, 0x47, 0x52, 0x07, 0x00,
  0x31, 0x1A, 0x34, 0x28, 0x18, 0x00, 0x00, 0x00, 0x00, 0x13, 0x00, 0x00, 0x00, 0x00, 0x00, 0x00, 0x00, 0x00, 0x00, 0x86, 0xFF, 0x9E, 0x00, 0x00,
  0x00, 0x00, 0x00, 0x00, 0x00, 0x00, 0xC6, 0xFF, 0xD3, 0x00, 0x00, 0x00, 0x00, 0x00, 0x00, 0x00, 0x00, 0x21, 0x73, 0x29, 0x00, 0x00, 0x00, 0x00,
  0x00, 0x03, 0x4B, 0x62, 0x62, 0x52, 0x1D, 0x00, 0x00, 0x00, 0x00, 0x00, 0x39, 0xF7, 0xFF, 0xEC, 0xEC, 0xF2, 0x11, 0x00, 0x00, 0x00, 0x00, 0x00,
  0x02, 0x13, 0x01, 0x23, 0xFA, 0x19, 0x00, 0x00, 0x00, 0x00, 0x00, 0x00, 0x00, 0x00, 0x23, 0xFB, 0x31, 0x00, 0x00, 0x00, 0x00, 0x00, 0x00, 0x00,
  0x00, 0x20, 0xFF, 0x54, 0x00, 0x00, 0x00, 0x00, 0x00, 0x00, 0x00, 0x00, 0x17, 0xFF, 0x50, 0x00, 0x00, 0x00, 0x00, 0x00, 0x00, 0x00, 0x00, 0x0B,
  0xFF, 0x54, 0x00, 0x00, 0x00, 0x00, 0x00, 0x00, 0x00, 0x00, 0x23, 0xFF, 0xA5, 0x5F, 0x6D, 0x11, 0x00, 0x2F, 0xDA, 0xD4, 0xDF, 0xF1, 0xFF, 0xC5,
  0x8A, 0xF5, 0xEB, 0x21, 0x02, 0x8C, 0xAA, 0x48, 0x40, 0x24, 0x00, 0x00, 0x15, 0x4E, 0x02, 0x00, 0x00, 0x00, 0x00, 0x16, 0x39, 0x06, 0x00, 0x00,
  0x00, 0x00, 0x57, 0xF8, 0xFF, 0xB9, 0x00, 0x00, 0x00, 0x00, 0x35, 0xFF, 0xFF, 0xEE, 0x00, 0x00, 0x00, 0x00, 0x00, 0x8D, 0xBF, 0x5D, 0x00, 0x00,
  0x00, 0x37, 0x68, 0x6D, 0x94, 0x3B, 0x00, 0x00, 0x00, 0x81, 0xDD, 0xE1, 0xFF, 0xE9, 0x0C, 0x00, 0x00, 0x00, 0x00, 0x00, 0x89, 0xFF, 0x0D, 0x00,
  0x00, 0x00, 0x00, 0x00, 0x6F, 0xFF, 0x08, 0x00, 0x00, 0x00, 0x00, 0x00, 0x5C, 0xFF, 0x1C, 0x00, 0x00, 0x00, 0x00, 0x00, 0x64, 0xFD, 0x0C, 0x00,
  0x00, 0x00, 0x00, 0x00, 0x54, 0xFF, 0x0B, 0x00, 0x00, 0x00, 0x00, 0x00, 0x48, 0xFF, 0x0A, 0x00, 0x0E, 0x0D, 0x00, 0x00, 0x33, 0xF4, 0x00, 0x11,
  0xEC, 0xF6, 0x56, 0x00, 0x47, 0xFF, 0x1E, 0x26, 0xFF, 0xFF, 0x94, 0x09, 0x85, 0xFE, 0x14, 0x00, 0xDA, 0xFF, 0x6F, 0x9F, 0xFE, 0x86, 0x00, 0x00,
  0x38, 0xEA, 0xFF, 0xB6, 0x11, 0x00, 0x00, 0x00, 0x00, 0x14, 0x38, 0x01, 0x00, 0x00, 0x00, 0x15, 0x3D, 0x0B, 0x00, 0x00, 0x00, 0x00, 0x00, 0x00,
  0x00, 0x00, 0xAE, 0xFF, 0xF6, 0x17, 0x00, 0x00, 0x00, 0x00, 0x00, 0x00, 0x00, 0x01, 0x2E, 0xFD, 0x35, 0x00, 0x00, 0x00, 0x00, 0x00, 0x00, 0x00,
  0x00, 0x00, 0xFA, 0x3D, 0x00, 0x00, 0x00, 0x00, 0x00, 0x00, 0x00, 0x00, 0x00, 0xF2, 0x28, 0x00, 0x0F, 0x75, 0x8B, 0x94, 0x9D, 0x21, 0x00, 0x00,
  0xE0, 0x43, 0x00, 0x22, 0xFF, 0xFD, 0xD2, 0xC2, 0x36, 0x00, 0x00, 0xDE, 0x48, 0x00, 0x82, 0xEB, 0x3A, 0x00, 0x00, 0x00, 0x00, 0x00, 0xDC, 0x4C,
  0x80, 0xFF, 0x44, 0x00, 0x00, 0x00, 0x00, 0x00, 0x00, 0xD2, 0xE2, 0xFF, 0xFF, 0x43, 0x00, 0x00, 0x00, 0x00, 0x00, 0x00, 0xEA, 0xFF, 0x8A, 0xA0,
  0xEC, 0x19, 0x00, 0x00, 0x00, 0x00, 0x00, 0xEB, 0xA3, 0x00, 0x05, 0xC9, 0xBD, 0x01, 0x00, 0x00, 0x1A, 0x86, 0xFF, 0x9F, 0x14, 0x00, 0x98, 0xFF,
  0x78, 0x56, 0x1A, 0x9E, 0xFF, 0xFF, 0xFB, 0x9D, 0x00, 0xE9, 0xFF, 0xFF, 0xFF, 0x9F, 0x0C, 0x3A, 0x2A, 0x06, 0x00, 0x00, 0x31, 0x6B, 0x3C, 0x5D,
  0x26, 0x07, 0x27, 0x13, 0x36, 0x1D, 0x00, 0x00, 0x00, 0x00, 0x00, 0xC3, 0xFF, 0xFF, 0xFF, 0xF2, 0x23, 0x00, 0x00, 0x00, 0x00, 0x0E, 0x1D, 0x37,
  0x36, 0xFE, 0x4E, 0x00, 0x00, 0x00, 0x00, 0x00, 0x00, 0x00, 0x0D, 0xFB, 0x4A, 0x00, 0x00, 0x00, 0x00, 0x00, 0x00, 0x00, 0x03, 0xD8, 0x53, 0x00,
  0x00, 0x00, 0x00, 0x00, 0x00, 0x00, 0x06, 0xF7, 0x4E, 0x00, 0x00, 0x00, 0x00, 0x00, 0x00, 0x00, 0x05, 0xFF, 0x7D, 0x00, 0x00, 0x00, 0x00, 0x00,
  0x00, 0x00, 0x00, 0xF8, 0x77, 0x00, 0x00, 0x00, 0x00, 0x00, 0x00, 0x00, 0x00, 0xF1, 0x69, 0x00, 0x00, 0x00, 0x00, 0x00, 0x00, 0x00, 0x00, 0xE7,
  0x66, 0x00, 0x00, 0x00, 0x00, 0x00, 0x00, 0x00, 0x00, 0xDC, 0x85, 0x00, 0x00, 0x00, 0x00, 0x10, 0x14, 0x1B, 0x59, 0xFD, 0x91, 0x1D, 0x13, 0x32,
  0x0C, 0xCF, 0xFF, 0xFF, 0xFF, 0xFF, 0xF5, 0xFF, 0xFF, 0xFF, 0x90, 0x50, 0x7A, 0x64, 0x50, 0x45, 0x2A, 0x30, 0x67, 0x63, 0x13, 0x00, 0x4A, 0x37,
  0x10, 0x80, 0xA8, 0x3A, 0x8E, 0xC3, 0x56, 0x00, 0x00, 0x0F, 0xDB, 0xFF, 0xFE, 0xFF, 0xFF, 0xFF, 0xFF, 0xFF, 0xE4, 0x01, 0x00, 0x00, 0x1B, 0xFF,
  0xDC, 0x1B, 0xBA, 0xFF, 0x60, 0x7D, 0xFF, 0x2C, 0x00, 0x00, 0x00, 0xFE, 0x63, 0x00, 0xB0, 0xEE, 0x01, 0x5D, 0xFF, 0x10, 0x00, 0x00, 0x0F, 0xFF,
  0x56, 0x00, 0xB0, 0xBF, 0x00, 0x55, 0xFF, 0x0C, 0x00, 0x00, 0x1C, 0xFF, 0x47, 0x00, 0xB0, 0xAC, 0x00, 0x4A, 0xFB, 0x10, 0x00, 0x00, 0x01, 0xF2,
  0x88, 0x00, 0x9D, 0xBA, 0x00, 0x41, 0xF3, 0x09, 0x00, 0x00, 0x14, 0xFF, 0x8F, 0x00, 0xAF, 0xCC, 0x09, 0x73, 0xFF, 0x83, 0x00, 0x01, 0xD1, 0xFF,
  0xF0, 0x7F, 0xFF, 0xF9, 0x60, 0xF2, 0xFF, 0xFF, 0x49, 0x00, 0x5E, 0x58, 0x2C, 0x00, 0x15, 0x08, 0x00, 0x22, 0x5C, 0x4D, 0x13, 0x2E, 0xAC, 0x97,
  0x20, 0x09, 0x7E, 0xCD, 0xC1, 0x4C, 0x00, 0x00, 0x30, 0xDD, 0xFF, 0x9B, 0xBC, 0xFA, 0xC9, 0xDE, 0xF9, 0x24, 0x00, 0x00, 0x02, 0xCE, 0xFF, 0xD8,
  0x2C, 0x00, 0x0C, 0xF8, 0x64, 0x00, 0x00, 0x00, 0xA2, 0xED, 0x1D, 0x00, 0x00, 0x00, 0xC4, 0x95, 0x00, 0x00, 0x00, 0x8F, 0x91, 0x00, 0x00, 0x00,
  0x00, 0xE8, 0x82, 0x00, 0x00, 0x00, 0x8D, 0x67, 0x00, 0x00, 0x00, 0x00, 0xD7, 0x64, 0x00, 0x00, 0x00, 0xA8, 0xA9, 0x00, 0x00, 0x00, 0x00, 0xE6,
  0x75, 0x00, 0x00, 0x17, 0xCA, 0xCB, 0x15, 0x00, 0x00, 0x0A, 0xC4, 0x69, 0x09, 0x2A, 0xFF, 0xFF, 0xFF, 0xEF, 0x18, 0x7B, 0xFF, 0xFF, 0xFF, 0xE5,
  0x00, 0x41, 0x62, 0x67, 0x4F, 0x02, 0x04, 0x47, 0x54, 0x36, 0x1F, 0x00, 0x00, 0x0A, 0x68, 0xA2, 0xBE, 0xA1, 0x3E, 0x00, 0x00, 0x00, 0x00, 0x1D,
  0xD6, 0xFF, 0xED, 0xF3, 0xFF, 0xE7, 0x56, 0x00, 0x00, 0x00, 0xB0, 0xF2, 0x46, 0x00, 0x00, 0x12, 0x97, 0xFF, 0x36, 0x00, 0x1D, 0xFE, 0x77, 0x00,
  0x00, 0x00, 0x00, 0x22, 0xFF, 0x9F, 0x00, 0x1D, 0xFF, 0x3C, 0x00, 0x00, 0x00, 0x00, 0x00, 0xE5, 0x90, 0x00, 0x3B, 0xFF, 0x4D, 0x00, 0x00, 0x00,
  0x00, 0x00, 0xB3, 0xA5, 0x00, 0x18, 0xF6, 0xC6, 0x09, 0x00, 0x00, 0x00, 0x37, 0xF9, 0x75, 0x00, 0x00, 0x67, 0xFF, 0xBB, 0x1F, 0x00, 0x41, 0xF8,
  0xF5, 0x29, 0x00, 0x00, 0x00, 0x3D, 0xDB, 0xFF, 0xFA, 0xFF, 0xEF, 0x2C, 0x00, 0x00, 0x00, 0x00, 0x00, 0x0D, 0x53, 0x88, 0x6E, 0x21, 0x00, 0x00,
  0x00, 0x20, 0x3D, 0x37, 0x00, 0x04, 0x35, 0x5B, 0x17, 0x00, 0x00, 0x00, 0x9A, 0xEC, 0xFF, 0xB4, 0xD6, 0xC9, 0xD1, 0xF8, 0x77, 0x00, 0x00, 0x00,
  0x0C, 0xE9, 0xE0, 0x2A, 0x00, 0x00, 0x58, 0xFF, 0x2B, 0x00, 0x00, 0x00, 0xE1, 0x6B, 0x00, 0x00, 0x00, 0x00, 0xB9, 0x84, 0x00, 0x00, 0x00, 0xE1,
  0x44, 0x00, 0x00, 0x00, 0x00, 0x4D, 0xC5, 0x00, 0x00, 0x00, 0xEE, 0x4C, 0x00, 0x00, 0x00, 0x00, 0x5D, 0xBC, 0x00, 0x00, 0x00, 0xCC, 0x4F, 0x00,
  0x00, 0x00, 0x00, 0x90, 0x90, 0x00, 0x00, 0x00, 0xBC, 0xCC, 0x12, 0x00, 0x00, 0x3A, 0xEF, 0x23, 0x00, 0x00, 0x00, 0xC7, 0xD8, 0xEC, 0xBC, 0xA3,
  0xF3, 0x50, 0x00, 0x00, 0x00, 0x00, 0xD6, 0x14, 0x1C, 0x6A, 0x59, 0x28, 0x00, 0x00, 0x00, 0x00, 0x00, 0xC3, 0x02, 0x00, 0x00, 0x00, 0x00, 0x00,
  0x00, 0x00, 0x00, 0x18, 0xEC, 0x49, 0x08, 0x00, 0x00, 0x00, 0x00, 0x00, 0x00, 0x7E, 0xEE, 0xE5, 0xEC, 0xA8, 0x00, 0x00, 0x00, 0x00, 0x00, 0x00,
  0x00, 0x00, 0x1F, 0x73, 0xAD, 0x83, 0x26, 0x4E, 0x61, 0x00, 0x00, 0x00, 0x35, 0xED, 0xF4, 0xAC, 0xDB, 0xF1, 0xEE, 0xBA, 0x00, 0x00, 0x01, 0xD0,
  0xC3, 0x16, 0x00, 0x00, 0x50, 0xF9, 0xAB, 0x00, 0x00, 0x1B, 0xFF, 0x2C, 0x00, 0x00, 0x00, 0x00, 0xA1, 0xC4, 0x00, 0x00, 0x24, 0xFF, 0x2B, 0x00,
  0x00, 0x00, 0x00, 0x94, 0xA0, 0x00, 0x00, 0x1E, 0xFE, 0x4C, 0x00, 0x00, 0x00, 0x00, 0x92, 0xAC, 0x00, 0x00, 0x00, 0xC9, 0x9C, 0x00, 0x00, 0x00,
  0x07, 0xE4, 0xAB, 0x00, 0x00, 0x00, 0x3C, 0xF5, 0x71, 0x0B, 0x20, 0xA3, 0xFF, 0xA9, 0x00, 0x00, 0x00, 0x00, 0x68, 0xF7, 0xFE, 0xFD, 0xC4, 0xC3,
  0xB8, 0x00, 0x00, 0x00, 0x00, 0x00, 0x08, 0x1A, 0x0A, 0x00, 0x3E, 0xCA, 0x00, 0x00, 0x00, 0x00, 0x00, 0x00, 0x00, 0x00, 0x00, 0x2E, 0xD8, 0x00,
  0x00, 0x00, 0x00, 0x00, 0x00, 0x00, 0x03, 0x46, 0xA7, 0xFD, 0x60, 0x00, 0x00, 0x00, 0x00, 0x00, 0x00, 0x1C, 0xC4, 0xB4, 0xB0, 0x82, 0x0B, 0x22,
  0x84, 0x8C, 0x85, 0x08, 0x15, 0x79, 0xB9, 0xB3, 0x28, 0x00, 0x32, 0xBF, 0xC9, 0xFF, 0xC3, 0xF8, 0xEA, 0xD2, 0xFF, 0xC6, 0x00, 0x00, 0x00, 0x06,
  0xFD, 0xFF, 0xC6, 0x13, 0x3E, 0xFF, 0xFF, 0x1B, 0x00, 0x00, 0x00, 0xF6, 0xE1, 0x04, 0x00, 0x07, 0x8F, 0x7B, 0x00, 0x00, 0x00, 0x00, 0xF3, 0x68,
  0x00, 0x00, 0x00, 0x00, 0x00, 0x00, 0x00, 0x00, 0x00, 0xDF, 0x5A, 0x00, 0x00, 0x00, 0x00, 0x00, 0x00, 0x00, 0x00, 0x00, 0xEE, 0x6C, 0x00, 0x00,
  0x00, 0x00, 0x00, 0x00, 0x00, 0x00, 0x27, 0xFC, 0xAA, 0x3D, 0x13, 0x00, 0x00, 0x00, 0x00, 0x44, 0xE0, 0xFB, 0xFF, 0xFF, 0xCD, 0x87, 0x00, 0x00,
  0x00, 0x00, 0x0B, 0x2D, 0x17, 0x2E, 0x38, 0x17, 0x00, 0x00, 0x00, 0x00, 0x00, 0x00, 0x1A, 0xB8, 0xDA, 0xE5, 0xCF, 0x9B, 0x7B, 0x00, 0x00, 0xBE,
  0xF4, 0x7C, 0x9F, 0xB4, 0xF8, 0xFE, 0x02, 0x00, 0xFA, 0x8E, 0x00, 0x00, 0x00, 0x5D, 0xF7, 0x00, 0x00, 0xB0, 0xF2, 0x52, 0x32, 0x2F, 0x19, 0x43,
  0x00, 0x00, 0x28, 0x87, 0x6D, 0xBA, 0xC7, 0xFD, 0x94, 0x00, 0x07, 0x61, 0x00, 0x00, 0x00, 0x00, 0x32, 0xEE, 0x67, 0x04, 0xF3, 0x2F, 0x00, 0x00,
  0x00, 0x00, 0xCE, 0x92, 0x00, 0xF4, 0xC9, 0x44, 0x38, 0x43, 0xA2, 0xFA, 0x32, 0x05, 0xFB, 0xDD, 0xD5, 0xF3, 0xFD, 0xC3, 0x4B, 0x00, 0x00, 0x5C,
  0x0C, 0x00, 0x00, 0x08, 0x00, 0x00, 0x00, 0x00, 0x00, 0x06, 0x4B, 0x00, 0x00, 0x00, 0x00, 0x00, 0x00, 0x00, 0x73, 0xE3, 0x00, 0x00, 0x00, 0x00,
  0x00, 0x00, 0x00, 0x8C, 0xF6, 0x00, 0x00, 0x00, 0x00, 0x00, 0x00, 0x00, 0x99, 0xF5, 0x16, 0x00, 0x00, 0x00, 0x00, 0x94, 0xEF, 0xFF, 0xFF, 0xF1,
  0xD1, 0xC4, 0x8A, 0x00, 0x65, 0xEC, 0xFF, 0xFF, 0xC8, 0x67, 0x60, 0x45, 0x00, 0x00, 0x00, 0x6F, 0xFF, 0x1B, 0x00, 0x00, 0x00, 0x00, 0x00, 0x00,
  0x82, 0xFF, 0x0B, 0x00, 0x00, 0x00, 0x00, 0x00, 0x00, 0xB1, 0xFF, 0x1B, 0x00, 0x00, 0x00, 0x00, 0x00, 0x00, 0xCF, 0xFF, 0x2F, 0x00, 0x00, 0x62,
  0x74, 0x00, 0x00, 0xBA, 0xFF, 0x74, 0x00, 0x44, 0xFF, 0xAD, 0x00, 0x00, 0x6A, 0xFF, 0xE0, 0x5D, 0x9F, 0xFF, 0x63, 0x00, 0x00, 0x00, 0xBF, 0xFF,
  0xFF, 0xFF, 0xE7, 0x11, 0x00, 0x00, 0x00, 0x13, 0x90, 0x81, 0x5E, 0x12, 0x00, 0x62, 0xB9, 0x9A, 0x1E, 0x00, 0x00, 0x7B, 0xAA, 0xAF, 0x1E, 0x00,
  0x00, 0x92, 0xE2, 0xFF, 0x85, 0x00, 0x00, 0x9A, 0xE1, 0xFF, 0x57, 0x00, 0x00, 0x00, 0x00, 0xC9, 0x83, 0x00, 0x00, 0x00, 0x35, 0xFF, 0x53, 0x00,
  0x00, 0x00, 0x00, 0xB6, 0x8D, 0x00, 0x00, 0x00, 0x09, 0xFE, 0x64, 0x00, 0x00, 0x00, 0x00, 0xBE, 0x9C, 0x00, 0x00, 0x00, 0x02, 0xFB, 0x4C, 0x00,
  0x00, 0x00, 0x00, 0xC6, 0x74, 0x00, 0x00, 0x00, 0x03, 0xF5, 0x43, 0x00, 0x00, 0x00, 0x00, 0xCD, 0x5D, 0x00, 0x00, 0x00, 0x75, 0xFF, 0x43, 0x00,
  0x00, 0x00, 0x00, 0xC7, 0xD4, 0x3B, 0x4B, 0xAB, 0xFE, 0xFF, 0xBC, 0x5F, 0x00, 0x00, 0x00, 0x3B, 0xF5, 0xFF, 0xFF, 0xE9, 0x87, 0xF6, 0xFF, 0xFF,
  0x20, 0x00, 0x00, 0x00, 0x2E, 0x79, 0x52, 0x09, 0x00, 0x30, 0x63, 0x4B, 0x00, 0x5C, 0x80, 0x6C, 0x70, 0x25, 0x00, 0x5A, 0x69, 0x7C, 0xA1, 0x55,
  0xDA, 0xFF, 0xFF, 0xFF, 0x87, 0x00, 0xBB, 0xFF, 0xFF, 0xFA, 0x97, 0x01, 0x15, 0xEC, 0xA0, 0x00, 0x00, 0x00, 0xF3, 0xB6, 0x04, 0x00, 0x00, 0x00,
  0x85, 0xD6, 0x00, 0x00, 0x09, 0xFC, 0x3E, 0x00, 0x00, 0x00, 0x00, 0x35, 0xFF, 0x40, 0x00, 0x64, 0xEC, 0x00, 0x00, 0x00, 0x00, 0x00, 0x01, 0xDB,
  0x89, 0x00, 0xC1, 0xAD, 0x00, 0x00, 0x00, 0x00, 0x00, 0x00, 0x78, 0xE1, 0x27, 0xED, 0x3C, 0x00, 0x00, 0x00, 0x00, 0x00, 0x00, 0x2C, 0xFF, 0xF4,
  0xEC, 0x02, 0x00, 0x00, 0x00, 0x00, 0x00, 0x00, 0x03, 0xDD, 0xFF, 0x90, 0x00, 0x00, 0x00, 0x00, 0x00, 0x00, 0x00, 0x00, 0x37, 0x6F, 0x11, 0x00,
  0x00, 0x00, 0x00, 0x4E, 0x86, 0x7C, 0x69, 0x13, 0x66, 0x88, 0x75, 0x6E, 0xB8, 0xD9, 0xAC, 0x08, 0xCA, 0xF1, 0xFF, 0xCA, 0x65, 0xFF, 0xF6, 0xBA,
  0xA5, 0xFF, 0xFC, 0x9D, 0x02, 0x10, 0x1E, 0xFE, 0x41, 0x04, 0xFF, 0xFF, 0x74, 0x00, 0xDF, 0x6F, 0x00, 0x00, 0x00, 0x00, 0xCD, 0x67, 0x1B, 0xCC,
  0xB0, 0x74, 0x05, 0xFC, 0x1C, 0x00, 0x00, 0x00, 0x00, 0x93, 0x96, 0x67, 0xC7, 0x5C, 0xC6, 0x2E, 0xF8, 0x01, 0x00, 0x00, 0x00, 0x00, 0x73, 0xCF,
  0xAF, 0xC4, 0x28, 0xFF, 0xD2, 0xD1, 0x00, 0x00, 0x00, 0x00, 0x00, 0x34, 0xFC, 0xFF, 0x73, 0x00, 0xD3, 0xFF, 0x92, 0x00, 0x00, 0x00, 0x00, 0x00,
  0x00, 0xDA, 0xFF, 0x49, 0x00, 0xB4, 0xFF, 0x8A, 0x00, 0x00, 0x00, 0x00, 0x00, 0x00, 0xB9, 0xFA, 0x1D, 0x00, 0x57, 0xFD, 0x49, 0x00, 0x00, 0x00,
  0x00, 0x00, 0x00, 0x12, 0x1C, 0x00, 0x00, 0x00, 0x0F, 0x00, 0x00, 0x00, 0x00, 0x49, 0x88, 0x80, 0x89, 0x76, 0x15, 0x12, 0x8B, 0x9E, 0x70, 0x88,
  0x13, 0x44, 0xAE, 0xEE, 0xFF, 0xF2, 0x23, 0x41, 0xFF, 0xFF, 0xE4, 0xD6, 0x3A, 0x00, 0x00, 0x0C, 0xD2, 0xCE, 0x02, 0x20, 0xFC, 0x8F, 0x03, 0x00,
  0x00, 0x00, 0x00, 0x00, 0x1A, 0xCF, 0xC2, 0xE0, 0xC6, 0x04, 0x00, 0x00, 0x00, 0x00, 0x00, 0x00, 0x00, 0x49, 0xFF, 0xFF, 0x19, 0x00, 0x00, 0x00,
  0x00, 0x00, 0x00, 0x00, 0x00, 0x44, 0xFF, 0xFF, 0x21, 0x00, 0x00, 0x00, 0x00, 0x00, 0x00, 0x00, 0x3D, 0xDE, 0xAD, 0xC9, 0xC4, 0x0D, 0x00, 0x00,
  0x00, 0x00, 0x02, 0x25, 0xED, 0xF3, 0x08, 0x27, 0xFF, 0xCA, 0x3E, 0x19, 0x00, 0x3B, 0xF7, 0xFF, 0xFF, 0xFF, 0x41, 0x72, 0xFF, 0xFF, 0xFF, 0xFC,
  0x21, 0x0F, 0x63, 0x67, 0x5B, 0x4C, 0x08, 0x20, 0x8F, 0x84, 0xA6, 0x8C, 0x1B, 0x28, 0x23, 0x6C, 0x8C, 0x6E, 0x00, 0x65, 0x9F, 0xAB, 0xAD, 0x48,
  0xC3, 0xD4, 0xFD, 0xFF, 0xA6, 0x00, 0xA1, 0xFE, 0xFF, 0xD7, 0x63, 0x00, 0x00, 0x9E, 0xD0, 0x00, 0x00, 0x00, 0xC8, 0xA9, 0x00, 0x00, 0x00, 0x00,
  0x23, 0xF3, 0x23, 0x00, 0x24, 0xFA, 0x46, 0x00, 0x00, 0x00, 0x00, 0x00, 0xAD, 0xAE, 0x00, 0x9F, 0xC8, 0x00, 0x00, 0x00, 0x00, 0x00, 0x00, 0x4B,
  0xF7, 0x20, 0xF5, 0x72, 0x00, 0x00, 0x00, 0x00, 0x00, 0x00, 0x02, 0xE0, 0xF8, 0xF1, 0x0F, 0x00, 0x00, 0x00, 0x00, 0x00, 0x00, 0x00, 0x7F, 0xFF,
  0x87, 0x00, 0x00, 0x00, 0x00, 0x00, 0x00, 0x00, 0x00, 0x3C, 0xEF, 0x27, 0x00, 0x00, 0x00, 0x00, 0x48, 0xB1, 0x56, 0x00, 0x66, 0xDE, 0x02, 0x00,
  0x00, 0x00, 0x00, 0xBD, 0xFF, 0xFF, 0x48, 0xDA, 0x63, 0x00, 0x00, 0x00, 0x00, 0x00, 0x7C, 0xFF, 0xFF, 0xDF, 0xD9, 0x10, 0x00, 0x00, 0x00, 0x00,
  0x00, 0x04, 0xA7, 0xFE, 0xED, 0x32, 0x00, 0x00, 0x00, 0x00, 0x00, 0x00, 0x00, 0x00, 0x18, 0x0B, 0x00, 0x00, 0x00, 0x00, 0x00, 0x00, 0x00, 0x00,
  0x43, 0x65, 0x66, 0x79, 0x8C, 0xA1, 0x81, 0x07, 0x00, 0x00, 0xEA, 0xF2, 0xA1, 0xAE, 0xBB, 0xFF, 0xF1, 0x13, 0x00, 0x00, 0xFE, 0x59, 0x00, 0x00,
  0x32, 0xFD, 0x5B, 0x00, 0x00, 0x00, 0xE6, 0x32, 0x00, 0x15, 0xE1, 0x70, 0x00, 0x00, 0x00, 0x00, 0x05, 0x00, 0x1D, 0xD9, 0x86, 0x00, 0x00, 0x00,
  0x00, 0x00, 0x00, 0x14, 0xD5, 0x71, 0x00, 0x00, 0x6B, 0x61, 0x00, 0x00, 0x0B, 0xD0, 0xBE, 0x00, 0x00, 0x00, 0xB6, 0x8D, 0x00, 0x00, 0xAB, 0xFF,
  0xAF, 0x06, 0x00, 0x1B, 0xEC, 0xAC, 0x00, 0x25, 0xFF, 0xFF, 0xFF, 0xFA, 0xF0, 0xFE, 0xFF, 0xB0, 0x00, 0x02, 0x46, 0x4E, 0x37, 0x38, 0x4B, 0x5C,
  0x61, 0x1F, 0x00, 0x00, 0x00, 0x3B, 0xCF, 0x13, 0x00, 0x09, 0xDC, 0xC6, 0x05, 0x00, 0x76, 0xEE, 0x0E, 0x00, 0x00, 0x9A, 0xAD, 0x00, 0x00, 0x00,
  0x44, 0xE4, 0x0B, 0x00, 0x00, 0x15, 0xF3, 0x63, 0x00, 0x15, 0xD2, 0xE7, 0x1F, 0x00, 0x4B, 0xFF, 0xC3, 0x15, 0x00, 0x00, 0x52, 0xFF, 0x7E, 0x00,
  0x00, 0x44, 0xFF, 0x54, 0x00, 0x00, 0x7E, 0xF0, 0x05, 0x00, 0x00, 0x99, 0xEE, 0x07, 0x00, 0x00, 0x1E, 0xF2, 0x91, 0x00, 0x00, 0x00, 0x92, 0xEB,
  0x05, 0x00, 0x00, 0x00, 0x11, 0x00, 0x00, 0x03, 0x2E, 0x00, 0x00, 0x00, 0x4B, 0xEC, 0x00, 0x00, 0x00, 0x5D, 0xF0, 0x00, 0x00, 0x00, 0x42, 0xF4,
  0x00, 0x00, 0x00, 0x43, 0xF9, 0x03, 0x00, 0x00, 0x39, 0xFF, 0x04, 0x00, 0x00, 0x45, 0xFF, 0x0B, 0x00, 0x00, 0x4E, 0xFF, 0x03, 0x00, 0x00, 0x58,
  0xFB, 0x00, 0x00, 0x00, 0x50, 0xFF, 0x06, 0x00, 0x00, 0x5D, 0xFF, 0x07, 0x00, 0x00, 0x4F, 0xFE, 0x02, 0x00, 0x00, 0x5C, 0xF8, 0x00, 0x00, 0x00,
  0x5C, 0xFE, 0x04, 0x00, 0x00, 0x2D, 0xA2, 0x00, 0x00, 0x19, 0xD0, 0x39, 0x00, 0x00, 0x08, 0xCC, 0xDA, 0x09, 0x00, 0x00, 0x13, 0xF3, 0x6C, 0x00,
  0x00, 0x04, 0xF5, 0x92, 0x00, 0x00, 0x5F, 0xF2, 0x0E, 0x00, 0x00, 0x99, 0xE5, 0x14, 0x00, 0x00, 0x27, 0xEA, 0xD0, 0x14, 0x00, 0x12, 0xC9, 0xFF,
  0x46, 0x00, 0x7E, 0xE7, 0x35, 0x00, 0x00, 0x5B, 0xED, 0x05, 0x00, 0x00, 0x08, 0xF4, 0x4B, 0x00, 0x00, 0x0B, 0xF2, 0x9C, 0x00, 0x00, 0x9F, 0xF2,
  0x18, 0x00, 0x07, 0xEF, 0x8C, 0x00, 0x00, 0x00, 0x11, 0x00, 0x00, 0x00, 0x00, 0x00, 0x24, 0x37, 0x00, 0x00, 0x00, 0x13, 0x51, 0x00, 0x00, 0x5C,
  0xFF, 0xFF, 0xAE, 0x2D, 0x00, 0x60, 0xFE, 0x18, 0x00, 0xDF, 0xE4, 0x66, 0x96, 0xEF, 0xD6, 0xEF, 0xC1, 0x03, 0x00, 0xB9, 0x9E, 0x00, 0x00, 0x01,
  0x47, 0x2B, 0x05, 0x00, 0x00, 0x00, 0x00, 0x00, 0x00, 0x00, 0x00, 0x00, 0x00, 0x00, 0x00, 0x00, 0x00, 0x00, 0x00, 0x00, 0x00, 0x00, 0x00, 0x00,
  0x00, 0x00, 0x00, 0x00, 0x00, 0x00, 0x00, 0x00, 0x00, 0x00, 0x00, 0x00, 0x00, 0x00, 0x00, 0x00, 0x00, 0x00, 0x00, 0x00, 0x00, 0x0D, 0x8A, 0x31,
  0x00, 0x00, 0x5A, 0xFF, 0x98, 0x00, 0x00, 0x0E, 0x7E, 0x22, 0x00, 0x00, 0x00, 0x28, 0x00, 0x00, 0x00, 0x0E, 0xEB, 0x00, 0x00, 0x00, 0x1F, 0xFA,
  0x03, 0x00, 0x00, 0x42, 0xFF, 0x1C, 0x00, 0x00, 0x59, 0xFF, 0x33, 0x00, 0x00, 0x75, 0xFF, 0x53, 0x00, 0x00, 0x98, 0xFF, 0x5B, 0x00, 0x00, 0xBA,
  0xFF, 0x6F, 0x00, 0x00, 0xAA, 0xFF, 0x6E, 0x00, 0x00, 0x5B, 0xED, 0x1F, 0x00, 0x00, 0x01, 0x5A, 0x96, 0x9B, 0x63, 0x01, 0x00, 0x00, 0x00, 0x5B,
  0xFF, 0x87, 0x66, 0xC7, 0x66, 0x00, 0x00, 0x00, 0x3D, 0xC9, 0x1D, 0x05, 0x7A, 0x98, 0x00, 0x00, 0x00, 0x1B, 0x87, 0xAF, 0xEE, 0xEF, 0x97, 0x00,
  0x00, 0x00, 0xC9, 0x8B, 0x2F, 0x0F, 0x5A, 0xA6, 0x00, 0x00, 0x00, 0xC6, 0x3D, 0x00, 0x28, 0xD8, 0x9F, 0x2C, 0x00, 0x00, 0x4A, 0xE7, 0xD2, 0xDB,
  0x78, 0xF0, 0xB9, 0x00, 0x00, 0x00, 0x02, 0x0D, 0x01, 0x00, 0x08, 0x00, 0x00, 0x00, 0x5E, 0xF6, 0xEE, 0xDA, 0xD2, 0xF3, 0x78, 0x00, 0x00, 0x25,
  0x93, 0x96, 0x81, 0x65, 0x65, 0x22, 0x00, 0x00, 0x00, 0x00, 0x00, 0x00, 0x00, 0x00, 0x00, 0x00, 0x00, 0x00, 0x00, 0x00, 0x00, 0x00, 0x00, 0x00,
  0x00, 0x00, 0x00, 0x00, 0x00, 0x00, 0x00, 0x00, 0x00, 0x00, 0x00, 0x30, 0xAF, 0x7E, 0x00, 0x10, 0xE3, 0x77, 0xCA, 0x5F, 0x2F, 0xE5, 0x00, 0x62,
  0x9E, 0x05, 0xC8, 0xB1, 0xEE, 0x4E, 0x00, 0x09, 0x5C, 0x11, 0x00, 0x00, 0x00, 0x00, 0x00, 0x00, 0x00, 0x00, 0x00, 0x00, 0x00, 0x00, 0x00, 0x00,
  0x00, 0x00, 0x00, 0x00, 0x00, 0x00, 0x00, 0x00, 0x00, 0x00, 0x00, 0x00, 0x00, 0x00, 0x00, 0x00, 0x00, 0x00, 0x00, 0x00, 0x00, 0x00, 0x00, 0x00,
  0x00, 0x00, 0x00, 0x00, 0x00, 0x00, 0x00, 0x03, 0x00, 0x00, 0x00, 0x00, 0x00, 0x00, 0x00, 0x00, 0xB8, 0x5E, 0x00, 0x00, 0x00, 0x00, 0x00, 0x00,
  0x00, 0xAD, 0x71, 0x00, 0x00, 0x00, 0x00, 0x0E, 0x05, 0x08, 0xA1, 0x79, 0x00, 0x03, 0x00, 0x1A, 0xF8, 0xFC, 0xFE, 0xFF, 0xFA, 0xF4, 0xFD, 0x7D,
  0x00, 0x2E, 0x35, 0x13, 0xD0, 0xAD, 0x2A, 0x17, 0x08, 0x00, 0x00, 0x00, 0x00, 0xC0, 0x9C, 0x00, 0x00, 0x00, 0x00, 0x00, 0x00, 0x00, 0xD7, 0xB3,
  0x00, 0x00, 0x00, 0x00, 0x00, 0x00, 0x00, 0x6D, 0x54, 0x00, 0x00, 0x00, 0x07, 0x84, 0x92, 0xA6, 0xA0, 0x85, 0x70, 0x84, 0x2F, 0x19, 0xE5, 0xFF,
  0xFF, 0xE8, 0xE0, 0xD3, 0xD2, 0x52, 0x00, 0x00, 0x07, 0x00, 0x00, 0x00, 0x00, 0x00, 0x00, 0x00, 0x36, 0x40, 0x00, 0x00, 0xBB, 0xF7, 0x04, 0x00,
  0x52, 0x4B, 0x00, 0x00, 0x00, 0x00, 0x00, 0x00, 0x00, 0x00, 0x00, 0x00, 0x00, 0x00, 0x00, 0x00, 0x00, 0x00, 0x00, 0x00, 0x00, 0x00, 0x00, 0x00,
  0x00, 0x18, 0x79, 0x8D, 0x61, 0x06, 0x00, 0x00, 0x00, 0x28, 0xE9, 0x73, 0x52, 0xA9, 0xB4, 0x01, 0x00, 0x00, 0xA4, 0x71, 0x00, 0x00, 0x03, 0xB6,
  0x47, 0x00, 0x00, 0xE8, 0x1F, 0x00, 0x00, 0x00, 0x6A, 0x78, 0x00, 0x00, 0xDA, 0x4F, 0x00, 0x00, 0x00, 0x8A, 0x57, 0x00, 0x00, 0x54, 0xD6, 0x1B,
  0x03, 0x40, 0xE2, 0x1C, 0x00, 0x00, 0x00, 0x70, 0xE7, 0xE8, 0xD7, 0x3E, 0x00, 0x00, 0x00, 0x00, 0x00, 0x00, 0x03, 0x00, 0x00, 0x00, 0x00, 0x00,
  0x7C, 0xF8, 0xEC, 0xD8, 0xD4, 0xF3, 0x5B, 0x00, 0x00, 0x34, 0x97, 0x92, 0x7F, 0x62, 0x65, 0x17, 0x00, 0x00, 0x00, 0x00, 0x00, 0x00, 0x00, 0x00,
  0x00, 0x00, 0x00, 0x00, 0x00, 0x00, 0x00, 0x00, 0x00, 0x00, 0x00, 0x00, 0x00, 0x00, 0x00, 0x00, 0x00, 0x00, 0x00, 0x00, 0x00, 0x00, 0x00, 0x40,
  0xC3, 0x59, 0x00, 0x00, 0x00, 0x00, 0x00, 0x95, 0xFF, 0xBC, 0x00, 0x00, 0x00, 0x00, 0x00, 0x0D, 0x7A, 0x38, 0x00, 0x00, 0x00, 0x00, 0x00, 0x01,
  0x36, 0x01, 0x00, 0x00, 0x00, 0x00, 0x00, 0x3C, 0xFF, 0x66, 0x00, 0x00, 0x00, 0x00, 0x00, 0x39, 0xFF, 0x7D, 0x00, 0x00, 0x00, 0x00, 0x3B, 0xEA,
  0xFF, 0x3A, 0x00, 0x00, 0x00, 0x4D, 0xED, 0xB4, 0x3F, 0x17, 0x0E, 0x00, 0x1B, 0xE0, 0x3D, 0x00, 0x35, 0xF9, 0xF7, 0x4A, 0x6C, 0xCA, 0x00, 0x00,
  0x29, 0xDA, 0xFF, 0x95, 0x32, 0xA7, 0x00, 0x00, 0x00, 0x16, 0xEA, 0xCB, 0x00, 0xAA, 0x6A, 0x3F, 0x02, 0x37, 0xF0, 0x76, 0x00, 0x03, 0x99, 0xF9,
  0xFB, 0xF6, 0x85, 0x00, 0x00, 0x00, 0x00, 0x06, 0x33, 0x0E, 0x00, 0x00, 0x00, 0x00, 0x00, 0x00, 0x00, 0x00, 0x00, 0x00, 0x01, 0x03, 0x00, 0x00,
  0x00, 0x00, 0x00, 0x00, 0x00, 0x00, 0x0A, 0xC1, 0x93, 0x00, 0x00, 0x00, 0x00, 0x00, 0x00, 0x00, 0x3D, 0xCC, 0xA1, 0x34, 0x00, 0x00, 0x00, 0x00,
  0x00, 0x00, 0x25, 0xCE, 0x27, 0x00, 0x00, 0x00, 0x00, 0x00, 0x00, 0x00, 0x0A, 0x87, 0x93, 0x03, 0x00, 0x00, 0x00, 0x00, 0x00, 0x00, 0x00, 0x41,
  0xFF, 0xFF, 0x62, 0x00, 0x00, 0x00, 0x00, 0x00, 0x00, 0x00, 0x7F, 0xFF, 0xFF, 0x9A, 0x00, 0x00, 0x00, 0x00, 0x00, 0x00, 0x00, 0xD9, 0xFF, 0xFF,
  0xA1, 0x00, 0x00, 0x00, 0x00, 0x00, 0x00, 0x06, 0xF8, 0x9A, 0xA0, 0xE8, 0x02, 0x00, 0x00, 0x00, 0x00, 0x00, 0x47, 0xFF, 0x42, 0x55, 0xFF, 0x27,
  0x00, 0x00, 0x00, 0x00, 0x00, 0x59, 0xFF, 0x30, 0x2C, 0xFF, 0x51, 0x00, 0x00, 0x00, 0x00, 0x00, 0x6D, 0xFF, 0x09, 0x00, 0xE5, 0x87, 0x00, 0x00,
  0x00, 0x00, 0x00, 0x98, 0xFF, 0xC0, 0xD6, 0xFF, 0xAC, 0x00, 0x00, 0x00, 0x00, 0x02, 0xE0, 0xF9, 0xAD, 0xB3, 0xD7, 0xE4, 0x00, 0x00, 0x00, 0x00,
  0x1D, 0xFF, 0x69, 0x00, 0x00, 0x17, 0xF9, 0x02, 0x00, 0x00, 0x06, 0x7F, 0xFF, 0x48, 0x00, 0x00, 0x3B, 0xFD, 0x5C, 0x00, 0x00, 0xDB, 0xFF, 0xFF,
  0xEE, 0x1F, 0x00, 0xDB, 0xFF, 0xFF, 0xA7, 0x00, 0x0B, 0x19, 0x09, 0x00, 0x00, 0x00, 0x0B, 0x3D, 0x2B, 0x00, 0x00, 0x00, 0x00, 0x00, 0x00, 0x00,
  0x00, 0x00, 0x04, 0x00, 0x00, 0x00, 0x00, 0x00, 0x00, 0x00, 0x00, 0x00, 0x00, 0x49, 0xF9, 0x1D, 0x00, 0x00, 0x00, 0x00, 0x00, 0x00, 0x00, 0x08,
  0x85, 0xD0, 0x7E, 0x02, 0x00, 0x00, 0x00, 0x00, 0x00, 0x00, 0x00, 0x98, 0x7E, 0x04, 0x00, 0x00, 0x00, 0x00, 0x00, 0x1D, 0x3C, 0x4F, 0x4B, 0x53,
  0x64, 0x50, 0x5A, 0x35, 0x00, 0x00, 0x31, 0xFF, 0xFF, 0xFD, 0xFC, 0xFF, 0xFF, 0xFD, 0xE4, 0xEF, 0x17, 0x00, 0x00, 0x24, 0xEC, 0x6F, 0x1A, 0x22,
  0x0E, 0x00, 0x00, 0xD8, 0x41, 0x00, 0x00, 0x00, 0xA6, 0x3D, 0x00, 0x03, 0x10, 0x00, 0x00, 0xD0, 0x67, 0x00, 0x00, 0x00, 0xA3, 0x38, 0x00, 0x0E,
  0xF4, 0x01, 0x00, 0x9D, 0x6E, 0x00, 0x00, 0x00, 0xBF, 0x4C, 0x01, 0x2A, 0xEC, 0x00, 0x00, 0x00, 0x00, 0x00, 0x00, 0x00, 0xAE, 0xA9, 0xF8, 0xFF,
  0xEF, 0x01, 0x00, 0x00, 0x00, 0x00, 0x00, 0x00, 0xCB, 0xD5, 0x9E, 0xB2, 0xF6, 0x02, 0x00, 0x00, 0x00, 0x00, 0x00, 0x00, 0xCC, 0x5C, 0x00, 0x01,
  0xF7, 0x15, 0x00, 0x8D, 0x32, 0x00, 0x00, 0x00, 0xCD, 0x61, 0x00, 0x00, 0x4C, 0x00, 0x00, 0xF1, 0x7D, 0x00, 0x00, 0x00, 0xBD, 0x55, 0x00, 0x00,
  0x00, 0x00, 0x01, 0xEC, 0x6B, 0x00, 0x00, 0x2C, 0xED, 0xA7, 0x45, 0x4C, 0x57, 0x52, 0x8F, 0xFF, 0x34, 0x00, 0x02, 0xEF, 0xFF, 0xFF, 0xFF, 0xFF,
  0xFE, 0xF0, 0xDD, 0xAB, 0x01, 0x00, 0x00, 0x27, 0x3F, 0x24, 0x11, 0x05, 0x00, 0x00, 0x00, 0x00, 0x00, 0x00, 0x00, 0x00, 0x00, 0x00, 0x00, 0x00,
  0x00, 0x04, 0x00, 0x00, 0x00, 0x00, 0x00, 0x00, 0x00, 0x39, 0xF6, 0x2F, 0x00, 0x00, 0x00, 0x00, 0x04, 0x79, 0xD3, 0x85, 0x07, 0x00, 0x00, 0x00,
  0x00, 0x86, 0x8D, 0x07, 0x00, 0x00, 0x0F, 0x8C, 0x9B, 0x9F, 0xB5, 0x93, 0x84, 0x9C, 0x13, 0x6E, 0xFF, 0xF3, 0xE7, 0xFF, 0xFF, 0xFC, 0xFA, 0x43,
  0x02, 0x23, 0x16, 0x5A, 0xFF, 0xA6, 0x0E, 0x05, 0x00, 0x00, 0x00, 0x00, 0x2F, 0xFF, 0x64, 0x00, 0x00, 0x00, 0x00, 0x00, 0x00, 0x23, 0xFF, 0x58,
  0x00, 0x00, 0x00, 0x00, 0x00, 0x00, 0x30, 0xFF, 0x3E, 0x00, 0x00, 0x00, 0x00, 0x00, 0x00, 0x23, 0xFF, 0x4B, 0x00, 0x00, 0x00, 0x00, 0x00, 0x00,
  0x21, 0xFF, 0x49, 0x00, 0x00, 0x00, 0x00, 0x00, 0x00, 0x37, 0xFF, 0x52, 0x00, 0x00, 0x00, 0x00, 0x00, 0x00, 0x31, 0xFF, 0x61, 0x00, 0x00, 0x00,
  0x00, 0x00, 0x00, 0x22, 0xFF, 0x55, 0x00, 0x00, 0x00, 0x06, 0x35, 0x29, 0xA0, 0xFF, 0xA6, 0x56, 0x65, 0x0F, 0x67, 0xFF, 0xFF, 0xFF, 0xFF, 0xFF,
  0xFF, 0xFF, 0x4C, 0x12, 0x4F, 0x37, 0x43, 0x44, 0x42, 0x52, 0x5B, 0x03, 0x00, 0x00, 0x00, 0x10, 0x6E, 0x4C, 0x00, 0x6A, 0x12, 0x00, 0x00, 0x00,
  0x00, 0x00, 0xAB, 0xC5, 0xE6, 0xC2, 0xFC, 0x30, 0x00, 0x00, 0x04, 0x77, 0x86, 0xA5, 0x07, 0x11, 0xB4, 0xDE, 0x83, 0x42, 0x17, 0x26, 0xFF, 0xFF,
  0xFF, 0x6C, 0x00, 0xB7, 0xFF, 0xFF, 0xFC, 0x7C, 0x00, 0x69, 0xF3, 0xFF, 0xD1, 0x00, 0x00, 0x22, 0xFF, 0x5C, 0x00, 0x00, 0x00, 0xCA, 0xFF, 0xFF,
  0x44, 0x00, 0x00, 0xEE, 0x53, 0x00, 0x00, 0x00, 0xB9, 0xAE, 0xC2, 0x94, 0x00, 0x00, 0xE1, 0x5E, 0x00, 0x00, 0x00, 0xA7, 0x99, 0x59, 0xE7, 0x02,
  0x00, 0xAF, 0x5C, 0x00, 0x00, 0x00, 0x9B, 0x9A, 0x01, 0xDC, 0x30, 0x00, 0xB5, 0x5F, 0x00, 0x00, 0x00, 0x85, 0x9F, 0x00, 0x7B, 0xC3, 0x00, 0xB6,
  0x61, 0x00, 0x00, 0x00, 0x7E, 0x6C, 0x00, 0x15, 0xFB, 0x26, 0x8A, 0x4A, 0x00, 0x00, 0x00, 0x6D, 0xB4, 0x00, 0x00, 0xC1, 0x74, 0x8D, 0x33, 0x00,
  0x00, 0x00, 0x6C, 0xBC, 0x00, 0x00, 0x52, 0xF5, 0xAB, 0x4F, 0x00, 0x00, 0x18, 0x9F, 0xCD, 0x12, 0x00, 0x00, 0xD1, 0xFF, 0x74, 0x00, 0x22, 0xFC,
  0xED, 0xFF, 0xFE, 0x30, 0x00, 0x4F, 0xF8, 0x52, 0x00, 0x00, 0x23, 0x36, 0x34, 0x1F, 0x00, 0x00, 0x00, 0x02, 0x00, 0x00, 0x00, 0x00, 0x00, 0x00,
  0x00, 0x00, 0x00, 0x00, 0x04, 0x00, 0x00, 0x00, 0x00, 0x00, 0x00, 0x00, 0x00, 0x00, 0x39, 0xF6, 0x2F, 0x00, 0x00, 0x00, 0x00, 0x00, 0x00, 0x04,
  0x79, 0xD3, 0x85, 0x07, 0x00, 0x00, 0x00, 0x00, 0x00, 0x00, 0x86, 0x8D, 0x07, 0x00, 0x00, 0x00, 0x00, 0x00, 0x00, 0x28, 0x4E, 0x8A, 0x94, 0x4A,
  0x00, 0x00, 0x00, 0x00, 0x00, 0x98, 0xFF, 0xFF, 0xFF, 0xFF, 0xFF, 0x6F, 0x00, 0x00, 0x00, 0x5E, 0xFF, 0xC9, 0x3E, 0x3D, 0x5C, 0xB4, 0xFE, 0x3E,
  0x00, 0x00, 0xBD, 0xE3, 0x15, 0x00, 0x00, 0x00, 0x02, 0xE3, 0xB5, 0x00, 0x07, 0xF8, 0x9D, 0x00, 0x00, 0x00, 0x00, 0x00, 0x8F, 0xD9, 0x00, 0x27,
  0xFF, 0x79, 0x00, 0x00, 0x00, 0x00, 0x00, 0x4A, 0xFF, 0x1A, 0x1A, 0xFF, 0x53, 0x00, 0x00, 0x00, 0x00, 0x00, 0x29, 0xFF, 0x45, 0x0B, 0xFF, 0x4D,
  0x00, 0x00, 0x00, 0x00, 0x00, 0x25, 0xFF, 0x40, 0x00, 0xCC, 0x70, 0x00, 0x00, 0x00, 0x00, 0x00, 0x37, 0xFF, 0x1A, 0x00, 0xB8, 0xBA, 0x07, 0x00,
  0x00, 0x00, 0x00, 0x66, 0xE7, 0x01, 0x00, 0x6B, 0xFF, 0x96, 0x01, 0x00, 0x00, 0x04, 0xC4, 0xB2, 0x00, 0x00, 0x16, 0xDF, 0xFF, 0xBC, 0x3F, 0x48,
  0xB4, 0xC5, 0x17, 0x00, 0x00, 0x00, 0x1F, 0xE0, 0xFF, 0xFF, 0xFF, 0xF6, 0x62, 0x00, 0x00, 0x00, 0x00, 0x00, 0x07, 0x5C, 0x82, 0x79, 0x12, 0x00,
  0x00, 0x00, 0x00, 0x00, 0x00, 0x00, 0x00, 0x00, 0x00, 0x00, 0x04, 0x00, 0x00, 0x00, 0x00, 0x00, 0x00, 0x00, 0x00, 0x00, 0x29, 0xEE, 0x47, 0x00,
  0x00, 0x00, 0x00, 0x00, 0x00, 0x01, 0x6B, 0xD6, 0x8C, 0x10, 0x00, 0x00, 0x00, 0x00, 0x00, 0x00, 0x6E, 0x9F, 0x0C, 0x00, 0x00, 0x00, 0x29, 0x8B,
  0x91, 0x9D, 0x43, 0x01, 0x91, 0xA2, 0xB6, 0x7F, 0x50, 0x29, 0xB1, 0xFF, 0xFF, 0x73, 0x00, 0xBF, 0xFF, 0xFF, 0xF4, 0x86, 0x00, 0x18, 0xFF, 0x86,
  0x00, 0x00, 0x00, 0x5D, 0xFF, 0x23, 0x00, 0x00, 0x00, 0xEE, 0x2F, 0x00, 0x00, 0x00, 0x34, 0xE1, 0x05, 0x00, 0x00, 0x02, 0xFF, 0x25, 0x00, 0x00,
  0x00, 0x21, 0xFE, 0x02, 0x00, 0x00, 0x00, 0xF8, 0x18, 0x00, 0x00, 0x00, 0x1F, 0xFF, 0x12, 0x00, 0x00, 0x00, 0xEF, 0x2F, 0x00, 0x00, 0x00, 0x29,
  0xFF, 0x17, 0x00, 0x00, 0x05, 0xFA, 0x26, 0x00, 0x00, 0x00, 0x22, 0xFF, 0x2A, 0x00, 0x00, 0x14, 0xFF, 0x5C, 0x00, 0x00, 0x00, 0x21, 0xFC, 0x0A,
  0x00, 0x00, 0x00, 0xEA, 0x61, 0x00, 0x00, 0x00, 0x32, 0xFF, 0x2C, 0x00, 0x00, 0x00, 0xCC, 0xAA, 0x00, 0x00, 0x00, 0x5D, 0xD9, 0x07, 0x00, 0x00,
  0x00, 0x8B, 0xFF, 0xA7, 0x11, 0x6C, 0xF6, 0x69, 0x00, 0x00, 0x00, 0x00, 0x0E, 0x93, 0xE2, 0xE7, 0xBC, 0x7A, 0x00, 0x00, 0x00, 0x00, 0x00, 0x00,
  0x00, 0x00, 0x0D, 0x06, 0x00, 0x00, 0x00, 0x00, 0x00, 0x00, 0x00, 0x22, 0x25, 0x00, 0x30, 0x71, 0x0F, 0x00, 0x00, 0x00, 0x00, 0x0B, 0xF2, 0xF9,
  0x1E, 0xC5, 0xFF, 0x79, 0x00, 0x00, 0x00, 0x00, 0x02, 0xC1, 0xE3, 0x18, 0x8E, 0xFE, 0x5E, 0x00, 0x00, 0x29, 0x8B, 0x91, 0x9D, 0x43, 0x00, 0x91,
  0xB2, 0xB6, 0x7F, 0x50, 0x29, 0xB1, 0xFF, 0xFF, 0x73, 0x00, 0xBF, 0xFF, 0xFF, 0xF4, 0x86, 0x00, 0x18, 0xFF, 0x86, 0x00, 0x00, 0x00, 0x5D, 0xFF,
  0x23, 0x00, 0x00, 0x00, 0xEE, 0x2F, 0x00, 0x00, 0x00, 0x34, 0xE1, 0x05, 0x00, 0x00, 0x02, 0xFF, 0x25, 0x00, 0x00, 0x00, 0x21, 0xFE, 0x02, 0x00,
  0x00, 0x00, 0xF8, 0x18, 0x00, 0x00, 0x00, 0x1F, 0xFF, 0x12, 0x00, 0x00, 0x00, 0xEF, 0x2F, 0x00, 0x00, 0x00, 0x29, 0xFF, 0x17, 0x00, 0x00, 0x05,
  0xFA, 0x26, 0x00, 0x00, 0x00, 0x22, 0xFF, 0x2A, 0x00, 0x00, 0x14, 0xFF, 0x5C, 0x00, 0x00, 0x00, 0x21, 0xFC, 0x0A, 0x00, 0x00, 0x00, 0xEA, 0x61,
  0x00, 0x00, 0x00, 0x32, 0xFF, 0x2C, 0x00, 0x00, 0x00, 0xCC, 0xAA, 0x00, 0x00, 0x00, 0x5D, 0xD9, 0x07, 0x00, 0x00, 0x00, 0x8B, 0xFF, 0xA7, 0x11,
  0x6C, 0xF6, 0x69, 0x00, 0x00, 0x00, 0x00, 0x0E, 0x93, 0xE2, 0xE7, 0xBC, 0x7A, 0x00, 0x00, 0x00, 0x00, 0x00, 0x00, 0x00, 0x00, 0x0D, 0x06, 0x00,
  0x00, 0x00, 0x00, 0x00, 0x00, 0x00, 0x00, 0x00, 0x00, 0x00, 0x04, 0x00, 0x00, 0x00, 0x00, 0x00, 0x00, 0x00, 0x00, 0x00, 0x57, 0xF9, 0x0F, 0x00,
  0x00, 0x00, 0x00, 0x00, 0x00, 0x0C, 0x8E, 0xCC, 0x76, 0x00, 0x00, 0x00, 0x00, 0x00, 0x00, 0x00, 0xA9, 0x72, 0x02, 0x00, 0x00, 0x00, 0x00, 0x00,
  0x09, 0x74, 0xC9, 0xFF, 0xED, 0x9E, 0x15, 0x00, 0x00, 0x00, 0x00, 0x67, 0xFF, 0xE3, 0x53, 0x4B, 0xD1, 0xCE, 0x00, 0x00, 0x00, 0x00, 0xA4, 0xFF,
  0xB3, 0x00, 0x00, 0x20, 0xFE, 0x24, 0x00, 0x00, 0x00, 0x2D, 0x99, 0x3F, 0x00, 0x1E, 0x63, 0xFF, 0x38, 0x00, 0x00, 0x00, 0x2A, 0x9F, 0xB2, 0xBA,
  0xFD, 0xB6, 0xED, 0x32, 0x00, 0x00, 0x08, 0xE3, 0xE0, 0x5D, 0x2B, 0x11, 0x00, 0xCF, 0x39, 0x00, 0x00, 0x3A, 0xFC, 0x1B, 0x00, 0x00, 0x00, 0x11,
  0xF2, 0x58, 0x00, 0x00, 0x32, 0xFF, 0x5E, 0x04, 0x00, 0x16, 0xBB, 0xFF, 0x84, 0xAF, 0x07, 0x00, 0x7E, 0xE8, 0xF8, 0xEC, 0xCF, 0x71, 0x93, 0xF0,
  0x90, 0x00, 0x00, 0x00, 0x06, 0x1B, 0x0E, 0x00, 0x00, 0x00, 0x00, 0x00, 0x00, 0x00, 0x00, 0x00, 0x00, 0x00, 0x00, 0x00, 0x02, 0x02, 0x00, 0x00,
  0x00, 0x00, 0x00, 0x00, 0x00, 0x13, 0xD4, 0x77, 0x00, 0x00, 0x00, 0x00, 0x00, 0x00, 0x4D, 0xD2, 0x99, 0x26, 0x00, 0x00, 0x00, 0x00, 0x00, 0x3F,
  0xC1, 0x1B, 0x00, 0x00, 0x00, 0x00, 0x00, 0x3C, 0xA4, 0xE4, 0xEB, 0x85, 0x16, 0x00, 0x00, 0x00, 0x4C, 0xFA, 0xDB, 0x77, 0x83, 0xE0, 0xE3, 0x22,
  0x00, 0x01, 0xE0, 0x9A, 0x0C, 0x00, 0x00, 0x03, 0x95, 0x95, 0x00, 0x17, 0xFF, 0x61, 0x04, 0x05, 0x13, 0x0A, 0x70, 0xF1, 0x00, 0x32, 0xFF, 0xFF,
  0xFD, 0xFE, 0xFF, 0xFA, 0xFF, 0xDC, 0x00, 0x2B, 0xFF, 0x6C, 0x11, 0x10, 0x09, 0x00, 0x14, 0x0C, 0x00, 0x00, 0xE0, 0x91, 0x00, 0x00, 0x00, 0x00,
  0x13, 0x42, 0x00, 0x00, 0x5C, 0xFF, 0x8B, 0x1B, 0x00, 0x29, 0xE1, 0xE6, 0x00, 0x00, 0x00, 0x5E, 0xEE, 0xFF, 0xF3, 0xF8, 0xB5, 0x26, 0x00, 0x00,
  0x00, 0x00, 0x16, 0x53, 0x55, 0x27, 0x00, 0x00, 0x00, 0x00, 0x00, 0x00, 0x00, 0x00, 0x00, 0x00, 0x00, 0x04, 0x00, 0x00, 0x00, 0x00, 0x00, 0x00,
  0x00, 0x00, 0x03, 0xA8, 0xB3, 0x00, 0x00, 0x00, 0x00, 0x00, 0x00, 0x00, 0x2D, 0xC0, 0xAB, 0x45, 0x00, 0x00, 0x00, 0x00, 0x00, 0x00, 0x0E, 0xD3,
  0x39, 0x00, 0x00, 0x00, 0x00, 0x03, 0x4B, 0x62, 0x62, 0x52, 0x1F, 0x00, 0x00, 0x00, 0x00, 0x00, 0x39, 0xF7, 0xFF, 0xEC, 0xEC, 0xF2, 0x11, 0x00,
  0x00, 0x00, 0x00, 0x00, 0x02, 0x13, 0x01, 0x23, 0xFA, 0x19, 0x00, 0x00, 0x00, 0x00, 0x00, 0x00, 0x00, 0x00, 0x23, 0xFB, 0x31, 0x00, 0x00, 0x00,
  0x00, 0x00, 0x00, 0x00, 0x00, 0x20, 0xFF, 0x54, 0x00, 0x00, 0x00, 0x00, 0x00, 0x00, 0x00, 0x00, 0x17, 0xFF, 0x50, 0x00, 0x00, 0x00, 0x00, 0x00,
  0x00, 0x00, 0x00, 0x0B, 0xFF, 0x54, 0x00, 0x00, 0x00, 0x00, 0x00, 0x00, 0x00, 0x00, 0x23, 0xFF, 0xA5, 0x5F, 0x6D, 0x11, 0x00, 0x2F, 0xDA, 0xD4,
  0xDF, 0xF1, 0xFF, 0xC5, 0x8A, 0xF5, 0xEB, 0x21, 0x02, 0x8C, 0xAA, 0x48, 0x40, 0x24, 0x00, 0x00, 0x15, 0x4E, 0x02, 0x00, 0x00, 0x00, 0x0B, 0x6A,
  0x54, 0x00, 0x62, 0x1A, 0x00, 0x00, 0x00, 0x00, 0x00, 0x9B, 0xCA, 0xE1, 0xC5, 0xFA, 0x3F, 0x00, 0x00, 0x00, 0x00, 0x00, 0x47, 0x0A, 0x0C, 0x66,
  0x53, 0x00, 0x00, 0x00, 0x2E, 0xAC, 0x97, 0x20, 0x09, 0x7E, 0xCD, 0xC1, 0x4C, 0x00, 0x00, 0x30, 0xDD, 0xFF, 0x9B, 0xBC, 0xFA, 0xC9, 0xDE, 0xF9,
  0x24, 0x00, 0x00, 0x02, 0xCE, 0xFF, 0xD8, 0x2C, 0x00, 0x0C, 0xF8, 0x64, 0x00, 0x00, 0x00, 0xA2, 0xED, 0x1D, 0x00, 0x00, 0x00, 0xC4, 0x95, 0x00,
  0x00, 0x00, 0x8F, 0x91, 0x00, 0x00, 0x00, 0x00, 0xE8, 0x82, 0x00, 0x00, 0x00, 0x8D, 0x67, 0x00, 0x00, 0x00, 0x00, 0xD7, 0x64, 0x00, 0x00, 0x00,
  0xA8, 0xA9, 0x00, 0x00, 0x00, 0x00, 0xE6, 0x75, 0x00, 0x00, 0x17, 0xCA, 0xCB, 0x15, 0x00, 0x00, 0x0A, 0xC4, 0x69, 0x09, 0x2A, 0xFF, 0xFF, 0xFF,
  0xEF, 0x18, 0x7B, 0xFF, 0xFF, 0xFF, 0xE5, 0x00, 0x41, 0x62, 0x67, 0x4F, 0x02, 0x04, 0x47, 0x54, 0x36, 0x1F, 0x00, 0x00, 0x00, 0x00, 0x00, 0x00,
  0x00, 0x00, 0x04, 0x00, 0x00, 0x00, 0x00, 0x00, 0x00, 0x00, 0x00, 0x00, 0x8F, 0xCF, 0x00, 0x00, 0x00, 0x00, 0x00, 0x00, 0x00, 0x21, 0xB2, 0xB6,
  0x54, 0x00, 0x00, 0x00, 0x00, 0x00, 0x00, 0x01, 0xCF, 0x4A, 0x00, 0x00, 0x00, 0x00, 0x00, 0x00, 0x0A, 0x68, 0xA2, 0xBF, 0xA1, 0x3E, 0x00, 0x00,
  0x00, 0x00, 0x1D, 0xD6, 0xFF, 0xED, 0xF3, 0xFF, 0xE7, 0x56, 0x00, 0x00, 0x00, 0xB0, 0xF2, 0x46, 0x00, 0x00, 0x12, 0x97, 0xFF, 0x36, 0x00, 0x1D,
  0xFE, 0x77, 0x00, 0x00, 0x00, 0x00, 0x22, 0xFF, 0x9F, 0x00, 0x1D, 0xFF, 0x3C, 0x00, 0x00, 0x00, 0x00, 0x00, 0xE5, 0x90, 0x00, 0x3B, 0xFF, 0x4D,
  0x00, 0x00, 0x00, 0x00, 0x00, 0xB3, 0xA5, 0x00, 0x18, 0xF6, 0xC6, 0x09, 0x00, 0x00, 0x00, 0x37, 0xF9, 0x75, 0x00, 0x00, 0x67, 0xFF, 0xBB, 0x1F,
  0x00, 0x41, 0xF8, 0xF5, 0x29, 0x00, 0x00, 0x00, 0x3D, 0xDB, 0xFF, 0xFA, 0xFF, 0xEF, 0x2C, 0x00, 0x00, 0x00, 0x00, 0x00, 0x0D, 0x53, 0x88, 0x6E,
  0x21, 0x00, 0x00, 0x00, 0x00, 0x00, 0x00, 0x00, 0x00, 0x00, 0x00, 0x00, 0x04, 0x00, 0x00, 0x00, 0x00, 0x00, 0x00, 0x00, 0x00, 0x00, 0x00, 0x65,
  0xF6, 0x03, 0x00, 0x00, 0x00, 0x00, 0x00, 0x00, 0x00, 0x11, 0x98, 0xC8, 0x6D, 0x00, 0x00, 0x00, 0x00, 0x00, 0x00, 0x00, 0x00, 0xB2, 0x67, 0x01,
  0x00, 0x00, 0x00, 0x00, 0x62, 0xB9, 0x9A, 0x1E, 0x00, 0x01, 0x7B, 0xAA, 0xAF, 0x1E, 0x00, 0x00, 0x92, 0xE2, 0xFF, 0x85, 0x00, 0x00, 0x9A, 0xE1,
  0xFF, 0x57, 0x00, 0x00, 0x00, 0x00, 0xC9, 0x83, 0x00, 0x00, 0x00, 0x35, 0xFF, 0x53, 0x00, 0x00, 0x00, 0x00, 0xB6, 0x8D, 0x00, 0x00, 0x00, 0x09,
  0xFE, 0x64, 0x00, 0x00, 0x00, 0x00, 0xBE, 0x9C, 0x00, 0x00, 0x00, 0x02, 0xFB, 0x4C, 0x00, 0x00, 0x00, 0x00, 0xC6, 0x74, 0x00, 0x00, 0x00, 0x03,
  0xF5, 0x43, 0x00, 0x00, 0x00, 0x00, 0xCD, 0x5D, 0x00, 0x00, 0x00, 0x75, 0xFF, 0x43, 0x00, 0x00, 0x00, 0x00, 0xC7, 0xD4, 0x3B, 0x4B, 0xAB, 0xFE,
  0xFF, 0xBC, 0x5F, 0x00, 0x00, 0x00, 0x3B, 0xF5, 0xFF, 0xFF, 0xE9, 0x87, 0xF6, 0xFF, 0xFF, 0x20, 0x00, 0x00, 0x00, 0x2E, 0x79, 0x52, 0x09, 0x00,
  0x30, 0x63, 0x4B, 0x00, 0x00, 0x00, 0x00, 0x36, 0x11, 0x00, 0x55, 0x5B, 0x00, 0x00, 0x00, 0x00, 0x00, 0x00, 0x49, 0xFF, 0xCB, 0x11, 0xFF, 0xFF,
  0x2D, 0x00, 0x00, 0x00, 0x00, 0x00, 0x22, 0xED, 0xB0, 0x05, 0xD4, 0xF4, 0x1D, 0x00, 0x00, 0x00, 0x62, 0xB9, 0x9A, 0x20, 0x00, 0x00, 0x81, 0xB4,
  0xAF, 0x1E, 0x00, 0x00, 0x92, 0xE2, 0xFF, 0x85, 0x00, 0x00, 0x9A, 0xE1, 0xFF, 0x57, 0x00, 0x00, 0x00, 0x00, 0xC9, 0x83, 0x00, 0x00, 0x00, 0x35,
  0xFF, 0x53, 0x00, 0x00, 0x00, 0x00, 0xB6, 0x8D, 0x00, 0x00, 0x00, 0x09, 0xFE, 0x64, 0x00, 0x00, 0x00, 0x00, 0xBE, 0x9C, 0x00, 0x00, 0x00, 0x02,
  0xFB, 0x4C, 0x00, 0x00, 0x00, 0x00, 0xC6, 0x74, 0x00, 0x00, 0x00, 0x03, 0xF5, 0x43, 0x00, 0x00, 0x00, 0x00, 0xCD, 0x5D, 0x00, 0x00, 0x00, 0x75,
  0xFF, 0x43, 0x00, 0x00, 0x00, 0x00, 0xC7, 0xD4, 0x3B, 0x4B, 0xAB, 0xFE, 0xFF, 0xBC, 0x5F, 0x00, 0x00, 0x00, 0x3B, 0xF5, 0xFF, 0xFF, 0xE9, 0x87,
  0xF6, 0xFF, 0xFF, 0x20, 0x00, 0x00, 0x00, 0x2E, 0x79, 0x52, 0x09, 0x00, 0x30, 0x63, 0x4B, 0x00,
};
