// Generado por tools/fonts/make_vlw.py desde Oswald.ttf (SemiBold, 24 px). No editar.
#pragma once
#include <pgmspace.h>

const uint8_t oswaldSemi24[] PROGMEM = {
  0x00, 0x00, 0x00, 0x73, 0x00, 0x00, 0x00, 0x0B, 0x00, 0x00, 0x00, 0x18, 0x00, 0x00, 0x00, 0x00, 0x00, 0x00, 0x00, 0x1D, 0x00, 0x00, 0x00, 0x07,
  0x00, 0x00, 0x00, 0x21, 0x00, 0x00, 0x00, 0x13, 0x00, 0x00, 0x00, 0x06, 0x00, 0x00, 0x00, 0x06, 0x00, 0x00, 0x00, 0x13, 0x00, 0x00, 0x00, 0x00,
  0x00, 0x00, 0x00, 0x00, 0x00, 0x00, 0x00, 0x22, 0x00, 0x00, 0x00, 0x13, 0x00, 0x00, 0x00, 0x09, 0x00, 0x00, 0x00, 0x08, 0x00, 0x00, 0x00, 0x13,
  0x00, 0x00, 0x00, 0x00, 0x00, 0x00, 0x00, 0x00, 0x00, 0x00, 0x00, 0x23, 0x00, 0x00, 0x00, 0x13, 0x00, 0x00, 0x00, 0x0D, 0x00, 0x00, 0x00, 0x0D,
  0x00, 0x00, 0x00, 0x13, 0x00, 0x00, 0x00, 0x00, 0x00, 0x00, 0x00, 0x00, 0x00, 0x00, 0x00, 0x24, 0x00, 0x00, 0x00, 0x19, 0x00, 0x00, 0x00, 0x0C,
  0x00, 0x00, 0x00, 0x0C, 0x00, 0x00, 0x00, 0x16, 0x00, 0x00, 0x00, 0x00, 0x00, 0x00, 0x00, 0x00, 0x00, 0x00, 0x00, 0x25, 0x00, 0x00, 0x00, 0x13,
  0x00, 0x00, 0x00, 0x18, 0x00, 0x00, 0x00, 0x18, 0x00, 0x00, 0x00, 0x13, 0x00, 0x00, 0x00, 0x00, 0x00, 0x00, 0x00, 0x00, 0x00, 0x00, 0x00, 0x26,
  0x00, 0x00, 0x00, 0x13, 0x00, 0x00, 0x00, 0x0E, 0x00, 0x00, 0x00, 0x0E, 0x00, 0x00, 0x00, 0x13, 0x00, 0x00, 0x00, 0x00, 0x00, 0x00, 0x00, 0x00,
  0x00, 0x00, 0x00, 0x27, 0x00, 0x00, 0x00, 0x13, 0x00, 0x00, 0x00, 0x04, 0x00, 0x00, 0x00, 0x04, 0x00, 0x00, 0x00, 0x13, 0x00, 0x00, 0x00, 0x00,
  0x00, 0x00, 0x00, 0x00, 0x00, 0x00, 0x00, 0x28, 0x00, 0x00, 0x00, 0x17, 0x00, 0x00, 0x00, 0x08, 0x00, 0x00, 0x00, 0x08, 0x00, 0x00, 0x00, 0x13,
  0x00, 0x00, 0x00, 0x00, 0x00, 0x00, 0x00, 0x00, 0x00, 0x00, 0x00, 0x29, 0x00, 0x00, 0x00, 0x17, 0x00, 0x00, 0x00, 0x08, 0x00, 0x00, 0x00, 0x08,
  0x00, 0x00, 0x00, 0x13, 0x00, 0x00, 0x00, 0x00, 0x00, 0x00, 0x00, 0x00, 0x00, 0x00, 0x00, 0x2A, 0x00, 0x00, 0x00, 0x13, 0x00, 0x00, 0x00, 0x0A,
  0x00, 0x00, 0x00, 0x0A, 0x00, 0x00, 0x00, 0x13, 0x00, 0x00, 0x00, 0x00, 0x00, 0x00, 0x00, 0x00, 0x00, 0x00, 0x00, 0x2B, 0x00, 0x00, 0x00, 0x0F,
  0x00, 0x00, 0x00, 0x0B, 0x00, 0x00, 0x00, 0x0B, 0x00, 0x00, 0x00, 0x0F, 0x00, 0x00, 0x00, 0x00, 0x00, 0x00, 0x00, 0x00, 0x00, 0x00, 0x00, 0x2C,
  0x00, 0x00, 0x00, 0x07, 0x00, 0x00, 0x00, 0x05, 0x00, 0x00, 0x00, 0x05, 0x00, 0x00, 0x00, 0x03, 0x00, 0x00, 0x00, 0x00, 0x00, 0x00, 0x00, 0x00,
  0x00, 0x00, 0x00, 0x2D, 0x00, 0x00, 0x00, 0x09, 0x00, 0x00, 0x00, 0x08, 0x00, 0x00, 0x00, 0x08, 0x00, 0x00, 0x00, 0x09, 0x00, 0x00, 0x00, 0x00,
  0x00, 0x00, 0x00, 0x00, 0x00, 0x00, 0x00, 0x2E, 0x00, 0x00, 0x00, 0x04, 0x00, 0x00, 0x00, 0x06, 0x00, 0x00, 0x00, 0x06, 0x00, 0x00, 0x00, 0x04,
  0x00, 0x00, 0x00, 0x00, 0x00, 0x00, 0x00, 0x00, 0x00, 0x00, 0x00, 0x2F, 0x00, 0x00, 0x00, 0x13, 0x00, 0x00, 0x00, 0x0A, 0x00, 0x00, 0x00, 0x0A,
  0x00, 0x00, 0x00, 0x13, 0x00, 0x00, 0x00, 0x00, 0x00, 0x00, 0x00, 0x00, 0x00, 0x00, 0x00, 0x30, 0x00, 0x00, 0x00, 0x13, 0x00, 0x00, 0x00, 0x0D,
  0x00, 0x00, 0x00, 0x0D, 0x00, 0x00, 0x00, 0x13, 0x00, 0x00, 0x00, 0x00, 0x00, 0x00, 0x00, 0x00, 0x00, 0x00, 0x00, 0x31, 0x00, 0x00, 0x00, 0x13,
  0x00, 0x00, 0x00, 0x09, 0x00, 0x00, 0x00, 0x09, 0x00, 0x00, 0x00, 0x13, 0x00, 0x00, 0x00, 0x00, 0x00, 0x00, 0x00, 0x00, 0x00, 0x00, 0x00, 0x32,
  0x00, 0x00, 0x00, 0x13, 0x00, 0x00, 0x00, 0x0C, 0x00, 0x00, 0x00, 0x0C, 0x00, 0x00, 0x00, 0x13, 0x00, 0x00, 0x00, 0x00, 0x00, 0x00, 0x00, 0x00,
  0x00, 0x00, 0x00, 0x33, 0x00, 0x00, 0x00, 0x13, 0x00, 0x00, 0x00, 0x0C, 0x00, 0x00, 0x00, 0x0C, 0x00, 0x00, 0x00, 0x13, 0x00, 0x00, 0x00, 0x00,
  0x00, 0x00, 0x00, 0x00, 0x00, 0x00, 0x00, 0x34, 0x00, 0x00, 0x00, 0x13, 0x00, 0x00, 0x00, 0x0C, 0x00, 0x00, 0x00, 0x0C, 0x00, 0x00, 0x00, 0x13,
  0x00, 0x00, 0x00, 0x00, 0x00, 0x00, 0x00, 0x00, 0x00, 0x00, 0x00, 0x35, 0x00, 0x00, 0x00, 0x13, 0x00, 0x00, 0x00, 0x0C, 0x00, 0x00, 0x00, 0x0C,
  0x00, 0x00, 0x00, 0x13, 0x00, 0x00, 0x00, 0x00, 0x00, 0x00, 0x00, 0x00, 0x00, 0x00, 0x00, 0x36, 0x00, 0x00, 0x00, 0x13, 0x00, 0x00, 0x00, 0x0D,
  0x00, 0x00, 0x00, 0x0D, 0x00, 0x00, 0x00, 0x13, 0x00, 0x00, 0x00, 0x00, 0x00, 0x00, 0x00, 0x00, 0x00, 0x00, 0x00, 0x37, 0x00, 0x00, 0x00, 0x13,
  0x00, 0x00, 0x00, 0x0A, 0x00, 0x00, 0x00, 0x0A, 0x00, 0x00, 0x00, 0x13, 0x00, 0x00, 0x00, 0x00, 0x00, 0x00, 0x00, 0x00, 0x00, 0x00, 0x00, 0x38,
  0x00, 0x00, 0x00, 0x13, 0x00, 0x00, 0x00, 0x0C, 0x00, 0x00, 0x00, 0x0C, 0x00, 0x00, 0x00, 0x13, 0x00, 0x00, 0x00, 0x00, 0x00, 0x00, 0x00, 0x00,
  0x00, 0x00, 0x00, 0x39, 0x00, 0x00, 0x00, 0x13, 0x00, 0x00, 0x00, 0x0D, 0x00, 0x00, 0x00, 0x0D, 0x00, 0x00, 0x00, 0x13, 0x00, 0x00, 0x00, 0x00,
  0x00, 0x00, 0x00, 0x00, 0x00, 0x00, 0x00, 0x3A, 0x00, 0x00, 0x00, 0x0E, 0x00, 0x00, 0x00, 0x06, 0x00, 0x00, 0x00, 0x06, 0x00, 0x00, 0x00, 0x0E,
  0x00, 0x00, 0x00, 0x00, 0x00, 0x00, 0x00, 0x00, 0x00, 0x00, 0x00, 0x3B, 0x00, 0x00, 0x00, 0x10, 0x00, 0x00, 0x00, 0x06, 0x00, 0x00, 0x00, 0x06,
  0x00, 0x00, 0x00, 0x0E, 0x00, 0x00, 0x00, 0x00, 0x00, 0x00, 0x00, 0x00, 0x00, 0x00, 0x00, 0x3C, 0x00, 0x00, 0x00, 0x10, 0x00, 0x00, 0x00, 0x09,
  0x00, 0x00, 0x00, 0x09, 0x00, 0x00, 0x00, 0x10, 0x00, 0x00, 0x00, 0x00, 0x00, 0x00, 0x00, 0x00, 0x00, 0x00, 0x00, 0x3D, 0x00, 0x00, 0x00, 0x0E,
  0x00, 0x00, 0x00, 0x0A, 0x00, 0x00, 0x00, 0x0A, 0x00, 0x00, 0x00, 0x0E, 0x00, 0x00, 0x00, 0x00, 0x00, 0x00, 0x00, 0x00, 0x00, 0x00, 0x00, 0x3E,
  0x00, 0x00, 0x00, 0x10, 0x00, 0x00, 0x00, 0x09, 0x00, 0x00, 0x00, 0x09, 0x00, 0x00, 0x00, 0x10, 0x00, 0x00, 0x00, 0x00, 0x00, 0x00, 0x00, 0x00,
  0x00, 0x00, 0x00, 0x3F, 0x00, 0x00, 0x00, 0x13, 0x00, 0x00, 0x00, 0x0C, 0x00, 0x00, 0x00, 0x0C, 0x00, 0x00, 0x00, 0x13, 0x00, 0x00, 0x00, 0x00,
  0x00, 0x00, 0x00, 0x00, 0x00, 0x00, 0x00, 0x40, 0x00, 0x00, 0x00, 0x17, 0x00, 0x00, 0x00, 0x17, 0x00, 0x00, 0x00, 0x17, 0x00, 0x00, 0x00, 0x13,
  0x00, 0x00, 0x00, 0x00, 0x00, 0x00, 0x00, 0x00, 0x00, 0x00, 0x00, 0x41, 0x00, 0x00, 0x00, 0x13, 0x00, 0x00, 0x00, 0x0D, 0x00, 0x00, 0x00, 0x0D,
  0x00, 0x00, 0x00, 0x13, 0x00, 0x00, 0x00, 0x00, 0x00, 0x00, 0x00, 0x00, 0x00, 0x00, 0x00, 0x42, 0x00, 0x00, 0x00, 0x13, 0x00, 0x00, 0x00, 0x0E,
  0x00, 0x00, 0x00, 0x0E, 0x00, 0x00, 0x00, 0x13, 0x00, 0x00, 0x00, 0x00, 0x00, 0x00, 0x00, 0x00, 0x00, 0x00, 0x00, 0x43, 0x00, 0x00, 0x00, 0x13,
  0x00, 0x00, 0x00, 0x0D, 0x00, 0x00, 0x00, 0x0D, 0x00, 0x00, 0x00, 0x13, 0x00, 0x00, 0x00, 0x00, 0x00, 0x00, 0x00, 0x00, 0x00, 0x00, 0x00, 0x44,
  0x00, 0x00, 0x00, 0x13, 0x00, 0x00, 0x00, 0x0E, 0x00, 0x00, 0x00, 0x0E, 0x00, 0x00, 0x00, 0x13, 0x00, 0x00, 0x00, 0x00, 0x00, 0x00, 0x00, 0x00,
  0x00, 0x00, 0x00, 0x45, 0x00, 0x00, 0x00, 0x13, 0x00, 0x00, 0x00, 0x0B, 0x00, 0x00, 0x00, 0x0B, 0x00, 0x00, 0x00, 0x13, 0x00, 0x00, 0x00, 0x00,
  0x00, 0x00, 0x00, 0x00, 0x00, 0x00, 0x00, 0x46, 0x00, 0x00, 0x00, 0x13, 0x00, 0x00, 0x00, 0x0A, 0x00, 0x00, 0x00, 0x0A, 0x00, 0x00, 0x00, 0x13,
  0x00, 0x00, 0x00, 0x00, 0x00, 0x00, 0x00, 0x00, 0x00, 0x00, 0x00, 0x47, 0x00, 0x00, 0x00, 0x13, 0x00, 0x00, 0x00, 0x0E, 0x00, 0x00, 0x00, 0x0E,
  0x00, 0x00, 0x00, 0x13, 0x00, 0x00, 0x00, 0x00, 0x00, 0x00, 0x00, 0x00, 0x00, 0x00, 0x00, 0x48, 0x00, 0x00, 0x00, 0x13, 0x00, 0x00, 0x00, 0x0E,
  0x00, 0x00, 0x00, 0x0E, 0x00, 0x00, 0x00, 0x13, 0x00, 0x00, 0x00, 0x00, 0x00, 0x00, 0x00, 0x00, 0x00, 0x00, 0x00, 0x49, 0x00, 0x00, 0x00, 0x13,
  0x00, 0x00, 0x00, 0x07, 0x00, 0x00, 0x00, 0x07, 0x00, 0x00, 0x00, 0x13, 0x00, 0x00, 0x00, 0x00, 0x00, 0x00, 0x00, 0x00, 0x00, 0x00, 0x00, 0x4A,
  0x00, 0x00, 0x00, 0x14, 0x00, 0x00, 0x00, 0x08, 0x00, 0x00, 0x00, 0x08, 0x00, 0x00, 0x00, 0x13, 0x00, 0x00, 0x00, 0x00, 0x00, 0x00, 0x00, 0x00,
  0x00, 0x00, 0x00, 0x4B, 0x00, 0x00, 0x00, 0x13, 0x00, 0x00, 0x00, 0x0D, 0x00, 0x00, 0x00, 0x0D, 0x00, 0x00, 0x00, 0x13, 0x00, 0x00, 0x00, 0x00,
  0x00, 0x00, 0x00, 0x00, 0x00, 0x00, 0x00, 0x4C, 0x00, 0x00, 0x00, 0x13, 0x00, 0x00, 0x00, 0x0A, 0x00, 0x00, 0x00, 0x0A, 0x00, 0x00, 0x00, 0x13,
  0x00, 0x00, 0x00, 0x00, 0x00, 0x00, 0x00, 0x00, 0x00, 0x00, 0x00, 0x4D, 0x00, 0x00, 0x00, 0x13, 0x00, 0x00, 0x00, 0x11, 0x00, 0x00, 0x00, 0x11,
  0x00, 0x00, 0x00, 0x13, 0x00, 0x00, 0x00, 0x00, 0x00, 0x00, 0x00, 0x00, 0x00, 0x00, 0x00, 0x4E, 0x00, 0x00, 0x00, 0x13, 0x00, 0x00, 0x00, 0x0D,
  0x00, 0x00, 0x00, 0x0D, 0x00, 0x00, 0x00, 0x13, 0x00, 0x00, 0x00, 0x00, 0x00, 0x00, 0x00, 0x00, 0x00, 0x00, 0x00, 0x4F, 0x00, 0x00, 0x00, 0x13,
  0x00, 0x00, 0x00, 0x0E, 0x00, 0x00, 0x00, 0x0E, 0x00, 0x00, 0x00, 0x13, 0x00, 0x00, 0x00, 0x00, 0x00, 0x00, 0x00, 0x00, 0x00, 0x00, 0x00, 0x50,
  0x00, 0x00, 0x00, 0x13, 0x00, 0x00, 0x00, 0x0D, 0x00, 0x00, 0x00, 0x0D, 0x00, 0x00, 0x00, 0x13, 0x00, 0x00, 0x00, 0x00, 0x00, 0x00, 0x00, 0x00,
  0x00, 0x00, 0x00, 0x51, 0x00, 0x00, 0x00, 0x17, 0x00, 0x00, 0x00, 0x0E, 0x00, 0x00, 0x00, 0x0E, 0x00, 0x00, 0x00, 0x13, 0x00, 0x00, 0x00, 0x00,
  0x00, 0x00, 0x00, 0x00, 0x00, 0x00, 0x00, 0x52, 0x00, 0x00, 0x00, 0x13, 0x00, 0x00, 0x00, 0x0E, 0x00, 0x00, 0x00, 0x0E, 0x00, 0x00, 0x00, 0x13,
  0x00, 0x00, 0x00, 0x00, 0x00, 0x00, 0x00, 0x00, 0x00, 0x00, 0x00, 0x53, 0x00, 0x00, 0x00, 0x13, 0x00, 0x00, 0x00, 0x0C, 0x00, 0x00, 0x00, 0x0C,
  0x00, 0x00, 0x00, 0x13, 0x00, 0x00, 0x00, 0x00, 0x00, 0x00, 0x00, 0x00, 0x00, 0x00, 0x00, 0x54, 0x00, 0x00, 0x00, 0x13, 0x00, 0x00, 0x00, 0x0B,
  0x00, 0x00, 0x00, 0x0B, 0x00, 0x00, 0x00, 0x13, 0x00, 0x00, 0x00, 0x00, 0x00, 0x00, 0x00, 0x00, 0x00, 0x00, 0x00, 0x55, 0x00, 0x00, 0x00, 0x13,
  0x00, 0x00, 0x00, 0x0E, 0x00, 0x00, 0x00, 0x0E, 0x00, 0x00, 0x00, 0x13, 0x00, 0x00, 0x00, 0x00, 0x00, 0x00, 0x00, 0x00, 0x00, 0x00, 0x00, 0x56,
  0x00, 0x00, 0x00, 0x13, 0x00, 0x00, 0x00, 0x0D, 0x00, 0x00, 0x00, 0x0D, 0x00, 0x00, 0x00, 0x13, 0x00, 0x00, 0x00, 0x00, 0x00, 0x00, 0x00, 0x00,
  0x00, 0x00, 0x00, 0x57, 0x00, 0x00, 0x00, 0x13, 0x00, 0x00, 0x00, 0x11, 0x00, 0x00, 0x00, 0x11, 0x00, 0x00, 0x00, 0x13, 0x00, 0x00, 0x00, 0x00,
  0x00, 0x00, 0x00, 0x00, 0x00, 0x00, 0x00, 0x58, 0x00, 0x00, 0x00, 0x13, 0x00, 0x00, 0x00, 0x0C, 0x00, 0x00, 0x00, 0x0C, 0x00, 0x00, 0x00, 0x13,
  0x00, 0x00, 0x00, 0x00, 0x00, 0x00, 0x00, 0x00, 0x00, 0x00, 0x00, 0x59, 0x00, 0x00, 0x00, 0x13, 0x00, 0x00, 0x00, 0x0C, 0x00, 0x00, 0x00, 0x0C,
  0x00, 0x00, 0x00, 0x13, 0x00, 0x00, 0x00, 0x00, 0x00, 0x00, 0x00, 0x00, 0x00, 0x00, 0x00, 0x5A, 0x00, 0x00, 0x00, 0x13, 0x00, 0x00, 0x00, 0x0A,
  0x00, 0x00, 0x00, 0x0A, 0x00, 0x00, 0x00, 0x13, 0x00, 0x00, 0x00, 0x00, 0x00, 0x00, 0x00, 0x00, 0x00, 0x00, 0x00, 0x5B, 0x00, 0x00, 0x00, 0x17,
  0x00, 0x00, 0x00, 0x08, 0x00, 0x00, 0x00, 0x08, 0x00, 0x00, 0x00, 0x13, 0x00, 0x00, 0x00, 0x00, 0x00, 0x00, 0x00, 0x00, 0x00, 0x00, 0x00, 0x5C,
  0x00, 0x00, 0x00, 0x13, 0x00, 0x00, 0x00, 0x0A, 0x00, 0x00, 0x00, 0x0A, 0x00, 0x00, 0x00, 0x13, 0x00, 0x00, 0x00, 0x00, 0x00, 0x00, 0x00, 0x00,
  0x00, 0x00, 0x00, 0x5D, 0x00, 0x00, 0x00, 0x17, 0x00, 0x00, 0x00, 0x08, 0x00, 0x00, 0x00, 0x08, 0x00, 0x00, 0x00, 0x13, 0x00, 0x00, 0x00, 0x00,
  0x00, 0x00, 0x00, 0x00, 0x00, 0x00, 0x00, 0x5E, 0x00, 0x00, 0x00, 0x13, 0x00, 0x00, 0x00, 0x0B, 0x00, 0x00, 0x00, 0x0B, 0x00, 0x00, 0x00, 0x13,
  0x00, 0x00, 0x00, 0x00, 0x00, 0x00, 0x00, 0x00, 0x00, 0x00, 0x00, 0x5F, 0x00, 0x00, 0x00, 0x04, 0x00, 0x00, 0x00, 0x09, 0x00, 0x00, 0x00, 0x09,
  0x00, 0x00, 0x00, 0x00, 0x00, 0x00, 0x00, 0x00, 0x00, 0x00, 0x00, 0x00, 0x00, 0x00, 0x00, 0x60, 0x00, 0x00, 0x00, 0x14, 0x00, 0x00, 0x00, 0x07,
  0x00, 0x00, 0x00, 0x07, 0x00, 0x00, 0x00, 0x14, 0x00, 0x00, 0x00, 0x00, 0x00, 0x00, 0x00, 0x00, 0x00, 0x00, 0x00, 0x61, 0x00, 0x00, 0x00, 0x0E,
  0x00, 0x00, 0x00, 0x0B, 0x00, 0x00, 0x00, 0x0B, 0x00, 0x00, 0x00, 0x0E, 0x00, 0x00, 0x00, 0x00, 0x00, 0x00, 0x00, 0x00, 0x00, 0x00, 0x00, 0x62,
  0x00, 0x00, 0x00, 0x13, 0x00, 0x00, 0x00, 0x0C, 0x00, 0x00, 0x00, 0x0C, 0x00, 0x00, 0x00, 0x13, 0x00, 0x00, 0x00, 0x00, 0x00, 0x00, 0x00, 0x00,
  0x00, 0x00, 0x00, 0x63, 0x00, 0x00, 0x00, 0x0E, 0x00, 0x00, 0x00, 0x0B, 0x00, 0x00, 0x00, 0x0B, 0x00, 0x00, 0x00, 0x0E, 0x00, 0x00, 0x00, 0x00,
  0x00, 0x00, 0x00, 0x00, 0x00, 0x00, 0x00, 0x64, 0x00, 0x00, 0x00, 0x13, 0x00, 0x00, 0x00, 0x0C, 0x00, 0x00, 0x00, 0x0C, 0x00, 0x00, 0x00, 0x13,
  0x00, 0x00, 0x00, 0x00, 0x00, 0x00, 0x00, 0x00, 0x00, 0x00, 0x00, 0x65, 0x00, 0x00, 0x00, 0x0E, 0x00, 0x00, 0x00, 0x0B, 0x00, 0x00, 0x00, 0x0B,
  0x00, 0x00, 0x00, 0x0E, 0x00, 0x00, 0x00, 0x00, 0x00, 0x00, 0x00, 0x00, 0x00, 0x00, 0x00, 0x66, 0x00, 0x00, 0x00, 0x13, 0x00, 0x00, 0x00, 0x08,
  0x00, 0x00, 0x00, 0x08, 0x00, 0x00, 0x00, 0x13, 0x00, 0x00, 0x00, 0x00, 0x00, 0x00, 0x00, 0x00, 0x00, 0x00, 0x00, 0x67, 0x00, 0x00, 0x00, 0x13,
  0x00, 0x00, 0x00, 0x0D, 0x00, 0x00, 0x00, 0x0C, 0x00, 0x00, 0x00, 0x0F, 0x00, 0x00, 0x00, 0x00, 0x00, 0x00, 0x00, 0x00, 0x00, 0x00, 0x00, 0x68,
  0x00, 0x00, 0x00, 0x13, 0x00, 0x00, 0x00, 0x0C, 0x00, 0x00, 0x00, 0x0C, 0x00, 0x00, 0x00, 0x13, 0x00, 0x00, 0x00, 0x00, 0x00, 0x00, 0x00, 0x00,
  0x00, 0x00, 0x00, 0x69, 0x00, 0x00, 0x00, 0x13, 0x00, 0x00, 0x00, 0x06, 0x00, 0x00, 0x00, 0x06, 0x00, 0x00, 0x00, 0x13, 0x00, 0x00, 0x00, 0x00,
  0x00, 0x00, 0x00, 0x00, 0x00, 0x00, 0x00, 0x6A, 0x00, 0x00, 0x00, 0x17, 0x00, 0x00, 0x00, 0x06, 0x00, 0x00, 0x00, 0x06, 0x00, 0x00, 0x00, 0x13,
  0x00, 0x00, 0x00, 0x00, 0x00, 0x00, 0x00, 0x00, 0x00, 0x00, 0x00, 0x6B, 0x00, 0x00, 0x00, 0x13, 0x00, 0x00, 0x00, 0x0C, 0x00, 0x00, 0x00, 0x0C,
  0x00, 0x00, 0x00, 0x13, 0x00, 0x00, 0x00, 0x00, 0x00, 0x00, 0x00, 0x00, 0x00, 0x00, 0x00, 0x6C, 0x00, 0x00, 0x00, 0x13, 0x00, 0x00, 0x00, 0x06,
  0x00, 0x00, 0x00, 0x06, 0x00, 0x00, 0x00, 0x13, 0x00, 0x00, 0x00, 0x00, 0x00, 0x00, 0x00, 0x00, 0x00, 0x00, 0x00, 0x6D, 0x00, 0x00, 0x00, 0x0E,
  0x00, 0x00, 0x00, 0x12, 0x00, 0x00, 0x00, 0x12, 0x00, 0x00, 0x00, 0x0E, 0x00, 0x00, 0x00, 0x00, 0x00, 0x00, 0x00, 0x00, 0x00, 0x00, 0x00, 0x6E,
  0x00, 0x00, 0x00, 0x0E, 0x00, 0x00, 0x00, 0x0C, 0x00, 0x00, 0x00, 0x0C, 0x00, 0x00, 0x00, 0x0E, 0x00, 0x00, 0x00, 0x00, 0x00, 0x00, 0x00, 0x00,
  0x00, 0x00, 0x00, 0x6F, 0x00, 0x00, 0x00, 0x0E, 0x00, 0x00, 0x00, 0x0B, 0x00, 0x00, 0x00, 0x0B, 0x00, 0x00, 0x00, 0x0E, 0x00, 0x00, 0x00, 0x00,
  0x00, 0x00, 0x00, 0x00, 0x00, 0x00, 0x00, 0x70, 0x00, 0x00, 0x00, 0x12, 0x00, 0x00, 0x00, 0x0C, 0x00, 0x00, 0x00, 0x0C, 0x00, 0x00, 0x00, 0x0E,
  0x00, 0x00, 0x00, 0x00, 0x00, 0x00, 0x00, 0x00, 0x00, 0x00, 0x00, 0x71, 0x00, 0x00, 0x00, 0x12, 0x00, 0x00, 0x00, 0x0C, 0x00, 0x00, 0x00, 0x0C,
  0x00, 0x00, 0x00, 0x0E, 0x00, 0x00, 0x00, 0x00, 0x00, 0x00, 0x00, 0x00, 0x00, 0x00, 0x00, 0x72, 0x00, 0x00, 0x00, 0x0E, 0x00, 0x00, 0x00, 0x09,
  0x00, 0x00, 0x00, 0x09, 0x00, 0x00, 0x00, 0x0E, 0x00, 0x00, 0x00, 0x00, 0x00, 0x00, 0x00, 0x00, 0x00, 0x00, 0x00, 0x73, 0x00, 0x00, 0x00, 0x0E,
  0x00, 0x00, 0x00, 0x0A, 0x00, 0x00, 0x00, 0x0A, 0x00, 0x00, 0x00, 0x0E, 0x00, 0x00, 0x00, 0x00, 0x00, 0x00, 0x00, 0x00, 0x00, 0x00, 0x00, 0x74,
  0x00, 0x00, 0x00, 0x12, 0x00, 0x00, 0x00, 0x09, 0x00, 0x00, 0x00, 0x08, 0x00, 0x00, 0x00, 0x12, 0x00, 0x00, 0x00, 0x00, 0x00, 0x00, 0x00, 0x00,
  0x00, 0x00, 0x00, 0x75, 0x00, 0x00, 0x00, 0x0E, 0x00, 0x00, 0x00, 0x0C, 0x00, 0x00, 0x00, 0x0C, 0x00, 0x00, 0x00, 0x0E, 0x00, 0x00, 0x00, 0x00,
  0x00, 0x00, 0x00, 0x00, 0x00, 0x00, 0x00, 0x76, 0x00, 0x00, 0x00, 0x0E, 0x00, 0x00, 0x00, 0x0A, 0x00, 0x00, 0x00, 0x0A, 0x00, 0x00, 0x00, 0x0E,
  0x00, 0x00, 0x00, 0x00, 0x00, 0x00, 0x00, 0x00, 0x00, 0x00, 0x00, 0x77, 0x00, 0x00, 0x00, 0x0E, 0x00, 0x00, 0x00, 0x0E, 0x00, 0x00, 0x00, 0x0E,
  0x00, 0x00, 0x00, 0x0E, 0x00, 0x00, 0x00, 0x00, 0x00, 0x00, 0x00, 0x00, 0x00, 0x00, 0x00, 0x78, 0x00, 0x00, 0x00, 0x0E, 0x00, 0x00, 0x00, 0x0B,
  0x00, 0x00, 0x00, 0x0A, 0x00, 0x00, 0x00, 0x0E, 0x00, 0x00, 0x00, 0x00, 0x00, 0x00, 0x00, 0x00, 0x00, 0x00, 0x00, 0x79, 0x00, 0x00, 0x00, 0x12,
  0x00, 0x00, 0x00, 0x0B, 0x00, 0x00, 0x00, 0x0A, 0x00, 0x00, 0x00, 0x0E, 0xFF, 0xFF, 0xFF, 0xFF, 0x00, 0x00, 0x00, 0x00, 0x00, 0x00, 0x00, 0x7A,
  0x00, 0x00, 0x00, 0x0E, 0x00, 0x00, 0x00, 0x09, 0x00, 0x00, 0x00, 0x09, 0x00, 0x00, 0x00, 0x0E, 0x00, 0x00, 0x00, 0x00, 0x00, 0x00, 0x00, 0x00,
  0x00, 0x00, 0x00, 0x7B, 0x00, 0x00, 0x00, 0x17, 0x00, 0x00, 0x00, 0x09, 0x00, 0x00, 0x00, 0x09, 0x00, 0x00, 0x00, 0x13, 0x00, 0x00, 0x00, 0x00,
  0x00, 0x00, 0x00, 0x00, 0x00, 0x00, 0x00, 0x7C, 0x00, 0x00, 0x00, 0x17, 0x00, 0x00, 0x00, 0x06, 0x00, 0x00, 0x00, 0x06, 0x00, 0x00, 0x00, 0x13,
  0x00, 0x00, 0x00, 0x00, 0x00, 0x00, 0x00, 0x00, 0x00, 0x00, 0x00, 0x7D, 0x00, 0x00, 0x00, 0x17, 0x00, 0x00, 0x00, 0x09, 0x00, 0x00, 0x00, 0x09,
  0x00, 0x00, 0x00, 0x13, 0x00, 0x00, 0x00, 0x00, 0x00, 0x00, 0x00, 0x00, 0x00, 0x00, 0x00, 0x7E, 0x00, 0x00, 0x00, 0x0C, 0x00, 0x00, 0x00, 0x0B,
  0x00, 0x00, 0x00, 0x0B, 0x00, 0x00, 0x00, 0x0C, 0x00, 0x00, 0x00, 0x00, 0x00, 0x00, 0x00, 0x00, 0x00, 0x00, 0x00, 0xA1, 0x00, 0x00, 0x00, 0x13,
  0x00, 0x00, 0x00, 0x06, 0x00, 0x00, 0x00, 0x06, 0x00, 0x00, 0x00, 0x0F, 0x00, 0x00, 0x00, 0x00, 0x00, 0x00, 0x00, 0x00, 0x00, 0x00, 0x00, 0xAA,
  0x00, 0x00, 0x00, 0x14, 0x00, 0x00, 0x00, 0x0A, 0x00, 0x00, 0x00, 0x0A, 0x00, 0x00, 0x00, 0x14, 0x00, 0x00, 0x00, 0x00, 0x00, 0x00, 0x00, 0x00,
  0x00, 0x00, 0x00, 0xB0, 0x00, 0x00, 0x00, 0x14, 0x00, 0x00, 0x00, 0x0D, 0x00, 0x00, 0x00, 0x0D, 0x00, 0x00, 0x00, 0x14, 0x00, 0x00, 0x00, 0x00,
  0x00, 0x00, 0x00, 0x00, 0x00, 0x00, 0x00, 0xB1, 0x00, 0x00, 0x00, 0x10, 0x00, 0x00, 0x00, 0x0B, 0x00, 0x00, 0x00, 0x0B, 0x00, 0x00, 0x00, 0x10,
  0x00, 0x00, 0x00, 0x00, 0x00, 0x00, 0x00, 0x00, 0x00, 0x00, 0x00, 0xB7, 0x00, 0x00, 0x00, 0x0A, 0x00, 0x00, 0x00, 0x05, 0x00, 0x00, 0x00, 0x05,
  0x00, 0x00, 0x00, 0x0A, 0x00, 0x00, 0x00, 0x00, 0x00, 0x00, 0x00, 0x00, 0x00, 0x00, 0x00, 0xBA, 0x00, 0x00, 0x00, 0x15, 0x00, 0x00, 0x00, 0x0A,
  0x00, 0x00, 0x00, 0x0A, 0x00, 0x00, 0x00, 0x15, 0x00, 0x00, 0x00, 0x00, 0x00, 0x00, 0x00, 0x00, 0x00, 0x00, 0x00, 0xBF, 0x00, 0x00, 0x00, 0x13,
  0x00, 0x00, 0x00, 0x0C, 0x00, 0x00, 0x00, 0x0C, 0x00, 0x00, 0x00, 0x0F, 0x00, 0x00, 0x00, 0x00, 0x00, 0x00, 0x00, 0x00, 0x00, 0x00, 0x00, 0xC1,
  0x00, 0x00, 0x00, 0x1A, 0x00, 0x00, 0x00, 0x0D, 0x00, 0x00, 0x00, 0x0D, 0x00, 0x00, 0x00, 0x1A, 0x00, 0x00, 0x00, 0x00, 0x00, 0x00, 0x00, 0x00,
  0x00, 0x00, 0x00, 0xC9, 0x00, 0x00, 0x00, 0x1A, 0x00, 0x00, 0x00, 0x0B, 0x00, 0x00, 0x00, 0x0B, 0x00, 0x00, 0x00, 0x1A, 0x00, 0x00, 0x00, 0x00,
  0x00, 0x00, 0x00, 0x00, 0x00, 0x00, 0x00, 0xCD, 0x00, 0x00, 0x00, 0x1A, 0x00, 0x00, 0x00, 0x08, 0x00, 0x00, 0x00, 0x07, 0x00, 0x00, 0x00, 0x1A,
  0x00, 0x00, 0x00, 0x00, 0x00, 0x00, 0x00, 0x00, 0x00, 0x00, 0x00, 0xD1, 0x00, 0x00, 0x00, 0x1A, 0x00, 0x00, 0x00, 0x0D, 0x00, 0x00, 0x00, 0x0D,
  0x00, 0x00, 0x00, 0x1A, 0x00, 0x00, 0x00, 0x00, 0x00, 0x00, 0x00, 0x00, 0x00, 0x00, 0x00, 0xD3, 0x00, 0x00, 0x00, 0x1A, 0x00, 0x00, 0x00, 0x0E,
  0x00, 0x00, 0x00, 0x0E, 0x00, 0x00, 0x00, 0x1A, 0x00, 0x00, 0x00, 0x00, 0x00, 0x00, 0x00, 0x00, 0x00, 0x00, 0x00, 0xDA, 0x00, 0x00, 0x00, 0x1A,
  0x00, 0x00, 0x00, 0x0E, 0x00, 0x00, 0x00, 0x0E, 0x00, 0x00, 0x00, 0x1A, 0x00, 0x00, 0x00, 0x00, 0x00, 0x00, 0x00, 0x00, 0x00, 0x00, 0x00, 0xDC,
  0x00, 0x00, 0x00, 0x19, 0x00, 0x00, 0x00, 0x0E, 0x00, 0x00, 0x00, 0x0E, 0x00, 0x00, 0x00, 0x19, 0x00, 0x00, 0x00, 0x00, 0x00, 0x00, 0x00, 0x00,
  0x00, 0x00, 0x00, 0xE1, 0x00, 0x00, 0x00, 0x14, 0x00, 0x00, 0x00, 0x0B, 0x00, 0x00, 0x00, 0x0B, 0x00, 0x00, 0x00, 0x14, 0x00, 0x00, 0x00, 0x00,
  0x00, 0x00, 0x00, 0x00, 0x00, 0x00, 0x00, 0xE9, 0x00, 0x00, 0x00, 0x14, 0x00, 0x00, 0x00, 0x0B, 0x00, 0x00, 0x00, 0x0B, 0x00, 0x00, 0x00, 0x14,
  0x00, 0x00, 0x00, 0x00, 0x00, 0x00, 0x00, 0x00, 0x00, 0x00, 0x00, 0xED, 0x00, 0x00, 0x00, 0x14, 0x00, 0x00, 0x00, 0x07, 0x00, 0x00, 0x00, 0x06,
  0x00, 0x00, 0x00, 0x14, 0x00, 0x00, 0x00, 0x00, 0x00, 0x00, 0x00, 0x00, 0x00, 0x00, 0x00, 0xF1, 0x00, 0x00, 0x00, 0x14, 0x00, 0x00, 0x00, 0x0C,
  0x00, 0x00, 0x00, 0x0C, 0x00, 0x00, 0x00, 0x14, 0x00, 0x00, 0x00, 0x00, 0x00, 0x00, 0x00, 0x00, 0x00, 0x00, 0x00, 0xF3, 0x00, 0x00, 0x00, 0x14,
  0x00, 0x00, 0x00, 0x0B, 0x00, 0x00, 0x00, 0x0B, 0x00, 0x00, 0x00, 0x14, 0x00, 0x00, 0x00, 0x00, 0x00, 0x00, 0x00, 0x00, 0x00, 0x00, 0x00, 0xFA,
  0x00, 0x00, 0x00, 0x14, 0x00, 0x00, 0x00, 0x0C, 0x00, 0x00, 0x00, 0x0C, 0x00, 0x00, 0x00, 0x14, 0x00, 0x00, 0x00, 0x00, 0x00, 0x00, 0x00, 0x00,
  0x00, 0x00, 0x00, 0xFC, 0x00, 0x00, 0x00, 0x13, 0x00, 0x00, 0x00, 0x0C, 0x00, 0x00, 0x00, 0x0C, 0x00, 0x00, 0x00, 0x13, 0x00, 0x00, 0x00, 0x00,
  0x00, 0x00, 0x00, 0x00, 0x00, 0xEB, 0xFF, 0xFF, 0xC3, 0x00, 0x00, 0xD7, 0xFF, 0xFF, 0xAA, 0x00, 0x00, 0xC3, 0xFF, 0xFF, 0x92, 0x00, 0x00, 0xAF,
  0xFF, 0xFF, 0x79, 0x00, 0x00, 0x9B, 0xFF, 0xFF, 0x61, 0x00, 0x00, 0x87, 0xFF, 0xFF, 0x48, 0x00, 0x00, 0x73, 0xFF, 0xFF, 0x2F, 0x00, 0x00, 0x5F,
  0xFF, 0xFF, 0x17, 0x00, 0x00, 0x4B, 0xFF, 0xFC, 0x02, 0x00, 0x00, 0x37, 0xFF, 0xE6, 0x00, 0x00, 0x00, 0x23, 0xFF, 0xCD, 0x00, 0x00, 0x00, 0x0F,
  0xFF, 0xB5, 0x00, 0x00, 0x00, 0x00, 0xFA, 0x9C, 0x00, 0x00, 0x00, 0x00, 0xE6, 0x84, 0x00, 0x00, 0x00, 0x00, 0x00, 0x00, 0x00, 0x00, 0x00, 0x00,
  0x00, 0x00, 0x00, 0x00, 0x00, 0xFF, 0xFF, 0xFF, 0x98, 0x00, 0x00, 0xFF, 0xFF, 0xFF, 0x98, 0x00, 0x00, 0xFF, 0xFF, 0xFF, 0x98, 0x00, 0x00, 0xFF,
  0xFF, 0xE2, 0x00, 0xFF, 0xFF, 0xFC, 0x09, 0x00, 0xFF, 0xFF, 0xB1, 0x00, 0xFF, 0xFF, 0xD3, 0x00, 0x00, 0xFF, 0xFF, 0x7F, 0x00, 0xFF, 0xFF, 0xA0,
  0x00, 0x00, 0xFF, 0xFF, 0x4D, 0x00, 0xFF, 0xFF, 0x6D, 0x00, 0x00, 0xFF, 0xFF, 0x1C, 0x00, 0xFF, 0xFF, 0x3A, 0x00, 0x00, 0xFF, 0xEA, 0x00, 0x00,
  0xFF, 0xFC, 0x0A, 0x00, 0x00, 0xFF, 0xB8, 0x00, 0x00, 0xFF, 0xD5, 0x00, 0x00, 0x00, 0x00, 0x00, 0x00, 0x00, 0x00, 0x00, 0x00, 0x00, 0x00, 0x00,
  0x00, 0x00, 0x00, 0x00, 0x00, 0x00, 0x00, 0x00, 0x00, 0x00, 0x00, 0x00, 0x00, 0x00, 0x00, 0x00, 0x00, 0x00, 0x00, 0x00, 0x00, 0x00, 0x00, 0x00,
  0x00, 0x00, 0x00, 0x00, 0x00, 0x00, 0x00, 0x00, 0x00, 0x00, 0x00, 0x00, 0x00, 0x00, 0x00, 0x00, 0x00, 0x00, 0x00, 0x00, 0x00, 0x00, 0x00, 0x00,
  0x00, 0x00, 0x00, 0x00, 0x00, 0x00, 0x00, 0x00, 0x00, 0x00, 0x00, 0x00, 0x00, 0x00, 0x00, 0x00, 0x00, 0x00, 0x00, 0x00, 0x00, 0x00, 0x00, 0x00,
  0x00, 0x00, 0x00, 0x00, 0x00, 0x00, 0x00, 0x00, 0x00, 0x00, 0x00, 0x00, 0x00, 0x00, 0x00, 0x00, 0x00, 0x00, 0x00, 0x00, 0x00, 0x00, 0x00, 0x00,
  0x00, 0x00, 0x00, 0x00, 0x3D, 0xFF, 0xFF, 0x33, 0x00, 0xF4, 0xFF, 0x73, 0x00, 0x00, 0x00, 0x00, 0x00, 0x5D, 0xFF, 0xFF, 0x12, 0x17, 0xFF, 0xFF,
  0x52, 0x00, 0x00, 0x00, 0x00, 0x00, 0x7E, 0xFF, 0xF1, 0x00, 0x38, 0xFF, 0xFF, 0x31, 0x00, 0x00, 0x00, 0x00, 0x00, 0x9F, 0xFF, 0xD0, 0x00, 0x5A,
  0xFF, 0xFF, 0x10, 0x00, 0x00, 0x00, 0x00, 0x00, 0xC0, 0xFF, 0xB0, 0x00, 0x7B, 0xFF, 0xF0, 0x00, 0x00, 0x00, 0x00, 0xFF, 0xFF, 0xFF, 0xFF, 0xFF,
  0xFF, 0xFF, 0xFF, 0xFF, 0xFF, 0x00, 0x00, 0x00, 0xFF, 0xFF, 0xFF, 0xFF, 0xFF, 0xFF, 0xFF, 0xFF, 0xFF, 0xFF, 0x00, 0x00, 0x00, 0x6C, 0x8C, 0xFF,
  0xFF, 0x88, 0x6C, 0xF7, 0xFF, 0xAE, 0x6C, 0x00, 0x00, 0x00, 0x00, 0x51, 0xFF, 0xFF, 0x17, 0x0B, 0xFF, 0xFF, 0x5B, 0x00, 0x00, 0x00, 0x00, 0x00,
  0x70, 0xFF, 0xF4, 0x00, 0x2C, 0xFF, 0xFF, 0x3E, 0x00, 0x00, 0x00, 0x00, 0xFF, 0xFF, 0xFF, 0xFF, 0xFF, 0xFF, 0xFF, 0xFF, 0xFF, 0xFF, 0x00, 0x00,
  0x00, 0xFF, 0xFF, 0xFF, 0xFF, 0xFF, 0xFF, 0xFF, 0xFF, 0xFF, 0xFF, 0x00, 0x00, 0x00, 0x6C, 0xEB, 0xFF, 0xC0, 0x6C, 0xC2, 0xFF, 0xE5, 0x6C, 0x6C,
  0x00, 0x00, 0x00, 0x00, 0xF4, 0xFF, 0x7B, 0x00, 0xAD, 0xFF, 0xBB, 0x00, 0x00, 0x00, 0x00, 0x00, 0x12, 0xFF, 0xFF, 0x5C, 0x00, 0xCB, 0xFF, 0x9C,
  0x00, 0x00, 0x00, 0x00, 0x00, 0x30, 0xFF, 0xFF, 0x3E, 0x00, 0xEA, 0xFF, 0x7E, 0x00, 0x00, 0x00, 0x00, 0x00, 0x4E, 0xFF, 0xFF, 0x1F, 0x09, 0xFF,
  0xFF, 0x5F, 0x00, 0x00, 0x00, 0x00, 0x00, 0x6C, 0xFF, 0xFC, 0x04, 0x27, 0xFF, 0xFF, 0x41, 0x00, 0x00, 0x00, 0x00, 0x00, 0x89, 0xFF, 0xE3, 0x00,
  0x45, 0xFF, 0xFF, 0x23, 0x00, 0x00, 0x00, 0x00, 0x00, 0x00, 0x00, 0x00, 0x00, 0x28, 0xF8, 0x00, 0x00, 0x00, 0x00, 0x00, 0x00, 0x00, 0x00, 0x00,
  0x00, 0x28, 0xF8, 0x00, 0x00, 0x00, 0x00, 0x00, 0x00, 0x00, 0x00, 0x00, 0x00, 0x2B, 0xF8, 0x00, 0x00, 0x00, 0x00, 0x00, 0x00, 0x00, 0x08, 0x78,
  0xD4, 0xFD, 0xFF, 0xF2, 0xBD, 0x38, 0x00, 0x00, 0x00, 0x0C, 0xCA, 0xFF, 0xFF, 0xFF, 0xFF, 0xFF, 0xFF, 0xF6, 0x29, 0x00, 0x00, 0x89, 0xFF, 0xFF,
  0xE7, 0x22, 0x31, 0xF7, 0xFF, 0xFF, 0x9B, 0x00, 0x00, 0xDE, 0xFF, 0xFF, 0xA1, 0x00, 0x00, 0xBC, 0xFF, 0xFF, 0xE0, 0x00, 0x00, 0xFA, 0xFF, 0xFF,
  0xB9, 0x00, 0x00, 0x9E, 0xDC, 0xB7, 0x8E, 0x00, 0x00, 0xEE, 0xFF, 0xFF, 0xFC, 0x36, 0x00, 0x00, 0x00, 0x00, 0x00, 0x00, 0x00, 0xB1, 0xFF, 0xFF,
  0xFF, 0xE9, 0x25, 0x00, 0x00, 0x00, 0x00, 0x00, 0x00, 0x2F, 0xFC, 0xFF, 0xFF, 0xFF, 0xE9, 0x32, 0x00, 0x00, 0x00, 0x00, 0x00, 0x00, 0x6C, 0xFF,
  0xFF, 0xFF, 0xFF, 0xF2, 0x3B, 0x00, 0x00, 0x00, 0x00, 0x00, 0x00, 0x6C, 0xFD, 0xFF, 0xFF, 0xFF, 0xEE, 0x2A, 0x00, 0x00, 0x00, 0x00, 0x00, 0x00,
  0x4C, 0xF3, 0xFF, 0xFF, 0xFF, 0xD1, 0x02, 0x00, 0x00, 0x00, 0x00, 0x00, 0x00, 0x33, 0xEC, 0xFF, 0xFF, 0xFF, 0x60, 0x00, 0x00, 0x0A, 0x31, 0x5A,
  0x4A, 0x00, 0x42, 0xFF, 0xFF, 0xFF, 0xC2, 0x00, 0x00, 0xF8, 0xFF, 0xFF, 0xA4, 0x00, 0x00, 0xC5, 0xFF, 0xFF, 0xF0, 0x00, 0x00, 0xE6, 0xFF, 0xFF,
  0xCA, 0x00, 0x00, 0xA3, 0xFF, 0xFF, 0xF7, 0x00, 0x00, 0xB6, 0xFF, 0xFF, 0xFE, 0x3F, 0x06, 0xD8, 0xFF, 0xFF, 0xD7, 0x00, 0x00, 0x5E, 0xFF, 0xFF,
  0xFF, 0xFF, 0xF8, 0xFF, 0xFF, 0xFF, 0x81, 0x00, 0x00, 0x02, 0xBC, 0xFF, 0xFF, 0xFF, 0xFF, 0xFF, 0xFF, 0xD5, 0x0C, 0x00, 0x00, 0x00, 0x08, 0x7D,
  0xD6, 0xF8, 0xFF, 0xEA, 0x96, 0x13, 0x00, 0x00, 0x00, 0x00, 0x00, 0x00, 0x00, 0x28, 0xFC, 0x00, 0x00, 0x00, 0x00, 0x00, 0x00, 0x00, 0x00, 0x00,
  0x00, 0x28, 0xFC, 0x00, 0x00, 0x00, 0x00, 0x00, 0x00, 0x00, 0x00, 0x00, 0x00, 0x14, 0x7E, 0x00, 0x00, 0x00, 0x00, 0x00, 0x00, 0x00, 0x41, 0xB9,
  0xEC, 0xFB, 0xED, 0xBA, 0x44, 0x00, 0x00, 0x00, 0x00, 0xE2, 0xFF, 0xA5, 0x00, 0x00, 0x00, 0x00, 0x00, 0x00, 0x00, 0x00, 0x00, 0x3E, 0xFC, 0xFF,
  0xFF, 0xFF, 0xFF, 0xFF, 0xFD, 0x40, 0x00, 0x00, 0x2F, 0xFF, 0xFF, 0x59, 0x00, 0x00, 0x00, 0x00, 0x00, 0x00, 0x00, 0x00, 0x00, 0xB3, 0xFF, 0xFF,
  0xEF, 0x7E, 0xEF, 0xFF, 0xFF, 0xB4, 0x00, 0x00, 0x7B, 0xFF, 0xFB, 0x11, 0x00, 0x00, 0x00, 0x00, 0x00, 0x00, 0x00, 0x00, 0x00, 0xEA, 0xFF, 0xFF,
  0xA7, 0x00, 0xA8, 0xFF, 0xFF, 0xEA, 0x00, 0x00, 0xC8, 0xFF, 0xC0, 0x00, 0x00, 0x00, 0x00, 0x00, 0x00, 0x00, 0x00, 0x00, 0x00, 0xFC, 0xFF, 0xFF,
  0x99, 0x00, 0x9A, 0xFF, 0xFF, 0xFC, 0x00, 0x16, 0xFD, 0xFF, 0x73, 0x00, 0x00, 0x00, 0x00, 0x00, 0x00, 0x00, 0x00, 0x00, 0x00, 0xFF, 0xFF, 0xFF,
  0x98, 0x00, 0x99, 0xFF, 0xFF, 0xFF, 0x00, 0x61, 0xFF, 0xFF, 0x27, 0x00, 0x00, 0x00, 0x00, 0x00, 0x00, 0x00, 0x00, 0x00, 0x00, 0xF2, 0xFF, 0xFF,
  0xA1, 0x00, 0xA5, 0xFF, 0xFF, 0xF2, 0x00, 0xAD, 0xFF, 0xDB, 0x00, 0x00, 0x00, 0x00, 0x00, 0x00, 0x00, 0x00, 0x00, 0x00, 0x00, 0xC7, 0xFF, 0xFF,
  0xD8, 0x10, 0xDA, 0xFF, 0xFF, 0xC8, 0x06, 0xF2, 0xFF, 0x8E, 0x00, 0x00, 0x00, 0x00, 0x00, 0x00, 0x00, 0x00, 0x00, 0x00, 0x00, 0x68, 0xFF, 0xFF,
  0xFF, 0xFF, 0xFF, 0xFF, 0xFF, 0x68, 0x46, 0xFF, 0xFF, 0x42, 0x0C, 0x89, 0xD8, 0xF7, 0xF7, 0xD9, 0x8B, 0x0D, 0x00, 0x00, 0x00, 0x02, 0x9A, 0xFE,
  0xFF, 0xFF, 0xFF, 0xFE, 0x9A, 0x02, 0x92, 0xFF, 0xF0, 0x06, 0xC0, 0xFF, 0xFF, 0xFF, 0xFF, 0xFF, 0xFF, 0xC3, 0x01, 0x00, 0x00, 0x00, 0x00, 0x21,
  0x58, 0x68, 0x58, 0x20, 0x00, 0x00, 0xDE, 0xFF, 0xA9, 0x3E, 0xFF, 0xFF, 0xFF, 0xAA, 0xAB, 0xFF, 0xFF, 0xFF, 0x41, 0x00, 0x00, 0x00, 0x00, 0x00,
  0x00, 0x00, 0x00, 0x00, 0x00, 0x2B, 0xFF, 0xFF, 0x5C, 0x7A, 0xFF, 0xFF, 0xFF, 0x16, 0x18, 0xFF, 0xFF, 0xFF, 0x7B, 0x00, 0x00, 0x00, 0x00, 0x00,
  0x00, 0x00, 0x00, 0x00, 0x00, 0x78, 0xFF, 0xFC, 0x13, 0x92, 0xFF, 0xFF, 0xFF, 0x04, 0x04, 0xFF, 0xFF, 0xFF, 0x92, 0x00, 0x00, 0x00, 0x00, 0x00,
  0x00, 0x00, 0x00, 0x00, 0x00, 0xC4, 0xFF, 0xC4, 0x00, 0x98, 0xFF, 0xFF, 0xFF, 0x00, 0x00, 0xFF, 0xFF, 0xFF, 0x97, 0x00, 0x00, 0x00, 0x00, 0x00,
  0x00, 0x00, 0x00, 0x00, 0x13, 0xFC, 0xFF, 0x77, 0x00, 0x91, 0xFF, 0xFF, 0xFF, 0x05, 0x07, 0xFF, 0xFF, 0xFF, 0x90, 0x00, 0x00, 0x00, 0x00, 0x00,
  0x00, 0x00, 0x00, 0x00, 0x5D, 0xFF, 0xFF, 0x2B, 0x00, 0x75, 0xFF, 0xFF, 0xFF, 0x18, 0x1B, 0xFF, 0xFF, 0xFF, 0x75, 0x00, 0x00, 0x00, 0x00, 0x00,
  0x00, 0x00, 0x00, 0x00, 0xA9, 0xFF, 0xDE, 0x00, 0x00, 0x32, 0xFF, 0xFF, 0xFF, 0xAB, 0xAB, 0xFF, 0xFF, 0xFF, 0x33, 0x00, 0x00, 0x00, 0x00, 0x00,
  0x00, 0x00, 0x00, 0x05, 0xF0, 0xFF, 0x92, 0x00, 0x00, 0x00, 0xAB, 0xFF, 0xFF, 0xFF, 0xFF, 0xFF, 0xFF, 0xAE, 0x00, 0x00, 0x00, 0x00, 0x00, 0x00,
  0x00, 0x00, 0x00, 0x42, 0xFF, 0xFF, 0x46, 0x00, 0x00, 0x00, 0x06, 0x7E, 0xD6, 0xF7, 0xF7, 0xD5, 0x7F, 0x07, 0x00, 0x00, 0x00, 0x00, 0x0B, 0x85,
  0xDA, 0xF8, 0xEC, 0xAF, 0x33, 0x00, 0x00, 0x00, 0x00, 0x00, 0x00, 0x07, 0xCA, 0xFF, 0xFF, 0xFF, 0xFF, 0xFF, 0xFA, 0x45, 0x00, 0x00, 0x00, 0x00,
  0x00, 0x5D, 0xFF, 0xFF, 0xFF, 0xB2, 0xA3, 0xFF, 0xFF, 0xCE, 0x00, 0x00, 0x00, 0x00, 0x00, 0x8E, 0xFF, 0xFF, 0xFF, 0x14, 0x03, 0xF9, 0xFF, 0xF7,
  0x00, 0x00, 0x00, 0x00, 0x00, 0x75, 0xFF, 0xFF, 0xFF, 0x0E, 0x0C, 0xFF, 0xFF, 0xDB, 0x00, 0x00, 0x00, 0x00, 0x00, 0x17, 0xF0, 0xFF, 0xFF, 0x2E,
  0x40, 0xFF, 0xFF, 0x7A, 0x00, 0x00, 0x00, 0x00, 0x00, 0x00, 0x54, 0xFE, 0xFF, 0x64, 0x95, 0xFF, 0xBF, 0x04, 0x00, 0x00, 0x00, 0x00, 0x00, 0x00,
  0x00, 0x76, 0xFF, 0xC7, 0xF5, 0xD6, 0x15, 0x00, 0x00, 0x00, 0x00, 0x00, 0x00, 0x00, 0x00, 0x0E, 0xE5, 0xFF, 0xE4, 0x17, 0x00, 0x00, 0x00, 0x00,
  0x00, 0x00, 0x00, 0x00, 0x0C, 0xC9, 0xFF, 0xFF, 0xFB, 0x26, 0x00, 0x09, 0xFF, 0xFF, 0xCA, 0x00, 0x00, 0x00, 0xA8, 0xFF, 0xFF, 0xF8, 0xFF, 0xAE,
  0x00, 0x1F, 0xFF, 0xFF, 0xB1, 0x00, 0x00, 0x49, 0xFF, 0xFF, 0xF5, 0x7A, 0xFF, 0xFF, 0x3B, 0x48, 0xFF, 0xFF, 0x91, 0x00, 0x00, 0xB6, 0xFF, 0xFF,
  0xBF, 0x0E, 0xF0, 0xFF, 0xC7, 0x83, 0xFF, 0xFF, 0x48, 0x00, 0x00, 0xE4, 0xFF, 0xFF, 0xA6, 0x00, 0x89, 0xFF, 0xFF, 0xF8, 0xFF, 0xEE, 0x07, 0x00,
  0x00, 0xF8, 0xFF, 0xFF, 0xA1, 0x00, 0x19, 0xF9, 0xFF, 0xFF, 0xFF, 0x79, 0x00, 0x00, 0x00, 0xDD, 0xFF, 0xFF, 0xCE, 0x00, 0x01, 0xD1, 0xFF, 0xFF,
  0xFF, 0x54, 0x00, 0x00, 0x00, 0x8D, 0xFF, 0xFF, 0xFF, 0x92, 0xA9, 0xFF, 0xFF, 0xFF, 0xFF, 0xFF, 0xBA, 0x00, 0x00, 0x10, 0xDB, 0xFF, 0xFF, 0xFF,
  0xFF, 0xFF, 0xDA, 0xBC, 0xFF, 0xFF, 0xD8, 0x00, 0x00, 0x00, 0x11, 0x91, 0xE1, 0xF9, 0xE1, 0x8E, 0x11, 0x06, 0x7A, 0xDC, 0xD6, 0x00, 0x00, 0xFF,
  0xFF, 0xE9, 0x00, 0xFF, 0xFF, 0xBC, 0x00, 0xFF, 0xFF, 0x90, 0x00, 0xFF, 0xFF, 0x63, 0x00, 0xFF, 0xFF, 0x37, 0x00, 0xFF, 0xFE, 0x0C, 0x00, 0xFF,
  0xDE, 0x00, 0x00, 0x00, 0x00, 0x00, 0x00, 0x00, 0x00, 0x00, 0x00, 0x00, 0x00, 0x00, 0x00, 0x00, 0x00, 0x00, 0x00, 0x00, 0x00, 0x00, 0x00, 0x00,
  0x00, 0x00, 0x00, 0x00, 0x00, 0x00, 0x00, 0x00, 0x00, 0x00, 0x00, 0x00, 0x00, 0x00, 0x00, 0x00, 0x00, 0x00, 0x00, 0x00, 0x00, 0x00, 0x00, 0x00,
  0x00, 0x00, 0x00, 0x00, 0x00, 0x00, 0x26, 0xA2, 0xE4, 0x7C, 0x00, 0x00, 0x00, 0x31, 0xF1, 0xFF, 0xFF, 0x80, 0x00, 0x00, 0x02, 0xD6, 0xFF, 0xFF,
  0xDF, 0x3E, 0x00, 0x00, 0x4D, 0xFF, 0xFF, 0xFF, 0x3D, 0x00, 0x00, 0x00, 0x9A, 0xFF, 0xFF, 0xEB, 0x01, 0x00, 0x00, 0x00, 0xCD, 0xFF, 0xFF, 0xBE,
  0x00, 0x00, 0x00, 0x00, 0xED, 0xFF, 0xFF, 0xA4, 0x00, 0x00, 0x00, 0x00, 0xFA, 0xFF, 0xFF, 0x9A, 0x00, 0x00, 0x00, 0x00, 0xFF, 0xFF, 0xFF, 0x98,
  0x00, 0x00, 0x00, 0x00, 0xFF, 0xFF, 0xFF, 0x98, 0x00, 0x00, 0x00, 0x00, 0xFF, 0xFF, 0xFF, 0x98, 0x00, 0x00, 0x00, 0x00, 0xFF, 0xFF, 0xFF, 0x98,
  0x00, 0x00, 0x00, 0x00, 0xFF, 0xFF, 0xFF, 0x98, 0x00, 0x00, 0x00, 0x00, 0xFF, 0xFF, 0xFF, 0x98, 0x00, 0x00, 0x00, 0x00, 0xFF, 0xFF, 0xFF, 0x98,
  0x00, 0x00, 0x00, 0x00, 0xFA, 0xFF, 0xFF, 0x99, 0x00, 0x00, 0x00, 0x00, 0xED, 0xFF, 0xFF, 0xA2, 0x00, 0x00, 0x00, 0x00, 0xCD, 0xFF, 0xFF, 0xB9,
  0x00, 0x00, 0x00, 0x00, 0x99, 0xFF, 0xFF, 0xE5, 0x00, 0x00, 0x00, 0x00, 0x49, 0xFF, 0xFF, 0xFF, 0x39, 0x00, 0x00, 0x00, 0x01, 0xD3, 0xFF, 0xFF,
  0xDD, 0x3E, 0x00, 0x00, 0x00, 0x2F, 0xF0, 0xFF, 0xFF, 0x80, 0x00, 0x00, 0x00, 0x00, 0x25, 0xA3, 0xE5, 0x7C, 0x00, 0xF3, 0xCF, 0x70, 0x03, 0x00,
  0x00, 0x00, 0x00, 0xFF, 0xFF, 0xFF, 0xB7, 0x03, 0x00, 0x00, 0x00, 0x98, 0xFF, 0xFF, 0xFF, 0x70, 0x00, 0x00, 0x00, 0x00, 0xA9, 0xFF, 0xFF, 0xE2,
  0x01, 0x00, 0x00, 0x00, 0x53, 0xFF, 0xFF, 0xFF, 0x30, 0x00, 0x00, 0x00, 0x26, 0xFF, 0xFF, 0xFF, 0x62, 0x00, 0x00, 0x00, 0x0C, 0xFF, 0xFF, 0xFF,
  0x83, 0x00, 0x00, 0x00, 0x03, 0xFF, 0xFF, 0xFF, 0x91, 0x00, 0x00, 0x00, 0x00, 0xFF, 0xFF, 0xFF, 0x98, 0x00, 0x00, 0x00, 0x00, 0xFF, 0xFF, 0xFF,
  0x98, 0x00, 0x00, 0x00, 0x00, 0xFF, 0xFF, 0xFF, 0x98, 0x00, 0x00, 0x00, 0x00, 0xFF, 0xFF, 0xFF, 0x98, 0x00, 0x00, 0x00, 0x00, 0xFF, 0xFF, 0xFF,
  0x98, 0x00, 0x00, 0x00, 0x00, 0xFF, 0xFF, 0xFF, 0x98, 0x00, 0x00, 0x00, 0x00, 0xFF, 0xFF, 0xFF, 0x97, 0x00, 0x00, 0x00, 0x02, 0xFF, 0xFF, 0xFF,
  0x91, 0x00, 0x00, 0x00, 0x0B, 0xFF, 0xFF, 0xFF, 0x83, 0x00, 0x00, 0x00, 0x25, 0xFF, 0xFF, 0xFF, 0x60, 0x00, 0x00, 0x00, 0x52, 0xFF, 0xFF, 0xFF,
  0x2B, 0x00, 0x00, 0x00, 0xA6, 0xFF, 0xFF, 0xDC, 0x00, 0x00, 0x00, 0x96, 0xFF, 0xFF, 0xFF, 0x68, 0x00, 0x00, 0x00, 0xFF, 0xFF, 0xFF, 0xAE, 0x01,
  0x00, 0x00, 0x00, 0xF3, 0xCE, 0x6D, 0x02, 0x00, 0x00, 0x00, 0x00, 0x00, 0x00, 0x0B, 0xFF, 0xFF, 0x91, 0x00, 0x00, 0x00, 0x00, 0x1B, 0x16, 0x00,
  0xF1, 0xFF, 0x76, 0x00, 0x31, 0x00, 0x00, 0x8D, 0xF2, 0x7A, 0xDE, 0xFF, 0x8C, 0xBE, 0xFB, 0x17, 0x00, 0xD4, 0xFF, 0xFF, 0xFF, 0xFF, 0xFF, 0xFF,
  0xFF, 0x5E, 0x00, 0x06, 0x55, 0xCE, 0xFF, 0xFF, 0xFD, 0x8B, 0x29, 0x00, 0x00, 0x00, 0x0F, 0xE0, 0xFF, 0xFD, 0xFF, 0x70, 0x00, 0x00, 0x00, 0x00,
  0xA5, 0xFF, 0xE6, 0x78, 0xFF, 0xF9, 0x31, 0x00, 0x00, 0x06, 0x9D, 0xFE, 0x70, 0x09, 0xE9, 0xE1, 0x45, 0x00, 0x00, 0x00, 0x00, 0x37, 0x09, 0x00,
  0x38, 0x09, 0x00, 0x00, 0x00, 0x00, 0x00, 0x00, 0x00, 0x00, 0x00, 0x00, 0x00, 0x00, 0x00, 0x00, 0x00, 0x00, 0x00, 0x00, 0x00, 0x00, 0x00, 0x00,
  0x00, 0x00, 0x00, 0x00, 0x00, 0x00, 0x00, 0x00, 0x00, 0x00, 0x00, 0x00, 0x00, 0x00, 0x00, 0x00, 0x00, 0x00, 0x00, 0x00, 0x00, 0x00, 0x00, 0x00,
  0x00, 0x00, 0x00, 0x00, 0x00, 0x00, 0x00, 0x00, 0x00, 0x00, 0x00, 0x00, 0x00, 0x00, 0x00, 0x00, 0x00, 0x00, 0x00, 0x00, 0x00, 0x00, 0x00, 0x00,
  0x00, 0x00, 0x00, 0x00, 0x00, 0x00, 0x00, 0x00, 0x00, 0x00, 0x00, 0x00, 0x00, 0x00, 0x00, 0x00, 0x00, 0x00, 0x00, 0x00, 0x00, 0x00, 0x00, 0x00,
  0x00, 0x00, 0x00, 0x00, 0x00, 0x00, 0x00, 0x00, 0x00, 0x00, 0x00, 0x00, 0x28, 0xFF, 0xFF, 0x00, 0x00, 0x00, 0x00, 0x00, 0x00, 0x00, 0x00, 0x28,
  0xFF, 0xFF, 0x00, 0x00, 0x00, 0x00, 0x00, 0x00, 0x00, 0x00, 0x28, 0xFF, 0xFF, 0x00, 0x00, 0x00, 0x00, 0x00, 0x00, 0x00, 0x00, 0x28, 0xFF, 0xFF,
  0x00, 0x00, 0x00, 0x00, 0x00, 0xFF, 0xFF, 0xFF, 0xFF, 0xFF, 0xFF, 0xFF, 0xFF, 0xFF, 0x00, 0x00, 0xFF, 0xFF, 0xFF, 0xFF, 0xFF, 0xFF, 0xFF, 0xFF,
  0xFF, 0x00, 0x00, 0x6C, 0x6C, 0x6C, 0x83, 0xFF, 0xFF, 0x6C, 0x6C, 0x6C, 0x00, 0x00, 0x00, 0x00, 0x00, 0x28, 0xFF, 0xFF, 0x00, 0x00, 0x00, 0x00,
  0x00, 0x00, 0x00, 0x00, 0x28, 0xFF, 0xFF, 0x00, 0x00, 0x00, 0x00, 0x00, 0x00, 0x00, 0x00, 0x28, 0xFF, 0xFF, 0x00, 0x00, 0x00, 0x00, 0x00, 0x00,
  0x00, 0x00, 0x00, 0x00, 0x00, 0x00, 0x00, 0x00, 0x00, 0x00, 0x00, 0x00, 0x00, 0x00, 0x00, 0x00, 0x00, 0x00, 0x00, 0x00, 0x00, 0x00, 0x00, 0x00,
  0x00, 0x00, 0x00, 0x00, 0x00, 0x00, 0x00, 0x00, 0x00, 0x00, 0x00, 0x00, 0x00, 0x00, 0x00, 0x00, 0x00, 0x00, 0x00, 0x00, 0x00, 0x00, 0x00, 0x00,
  0x00, 0x00, 0x00, 0x00, 0x00, 0x00, 0xFF, 0xFF, 0xFF, 0x98, 0x00, 0xFF, 0xFF, 0xFF, 0x98, 0x00, 0xFF, 0xFF, 0xFF, 0x97, 0x00, 0x00, 0x1E, 0xFF,
  0x7F, 0x00, 0x18, 0xB1, 0xFF, 0x3B, 0x00, 0x9B, 0xFB, 0x7B, 0x00, 0x00, 0x1B, 0x0F, 0x00, 0x00, 0x00, 0x6C, 0x6C, 0x6C, 0x6C, 0x6C, 0x6C, 0x00,
  0x00, 0xFF, 0xFF, 0xFF, 0xFF, 0xFF, 0xFF, 0x00, 0x00, 0xFF, 0xFF, 0xFF, 0xFF, 0xFF, 0xFF, 0x00, 0x00, 0x00, 0x00, 0x00, 0x00, 0x00, 0x00, 0x00,
  0x00, 0x00, 0x00, 0x00, 0x00, 0x00, 0x00, 0x00, 0x00, 0x00, 0x00, 0x00, 0x00, 0x00, 0x00, 0x00, 0x00, 0x00, 0x00, 0x00, 0x00, 0x00, 0x00, 0x00,
  0x00, 0x00, 0x00, 0x00, 0x00, 0x00, 0x00, 0x00, 0x00, 0x00, 0x00, 0x00, 0x00, 0x00, 0x00, 0x00, 0x00, 0xFF, 0xFF, 0xFF, 0x98, 0x00, 0x00, 0xFF,
  0xFF, 0xFF, 0x98, 0x00, 0x00, 0xFF, 0xFF, 0xFF, 0x98, 0x00, 0x00, 0xFF, 0xFF, 0xFF, 0x98, 0x00, 0x00, 0x00, 0x00, 0x00, 0x00, 0x00, 0x64, 0xFF,
  0xC0, 0x00, 0x00, 0x00, 0x00, 0x00, 0x00, 0x00, 0xB2, 0xFF, 0x71, 0x00, 0x00, 0x00, 0x00, 0x00, 0x00, 0x09, 0xF6, 0xFF, 0x23, 0x00, 0x00, 0x00,
  0x00, 0x00, 0x00, 0x4E, 0xFF, 0xD4, 0x00, 0x00, 0x00, 0x00, 0x00, 0x00, 0x00, 0x9D, 0xFF, 0x86, 0x00, 0x00, 0x00, 0x00, 0x00, 0x00, 0x02, 0xE8,
  0xFF, 0x37, 0x00, 0x00, 0x00, 0x00, 0x00, 0x00, 0x39, 0xFF, 0xE7, 0x01, 0x00, 0x00, 0x00, 0x00, 0x00, 0x00, 0x88, 0xFF, 0x9A, 0x00, 0x00, 0x00,
  0x00, 0x00, 0x00, 0x00, 0xD6, 0xFF, 0x4C, 0x00, 0x00, 0x00, 0x00, 0x00, 0x00, 0x24, 0xFF, 0xF5, 0x08, 0x00, 0x00, 0x00, 0x00, 0x00, 0x00, 0x73,
  0xFF, 0xAF, 0x00, 0x00, 0x00, 0x00, 0x00, 0x00, 0x00, 0xC1, 0xFF, 0x60, 0x00, 0x00, 0x00, 0x00, 0x00, 0x00, 0x12, 0xFC, 0xFD, 0x15, 0x00, 0x00,
  0x00, 0x00, 0x00, 0x00, 0x5E, 0xFF, 0xC3, 0x00, 0x00, 0x00, 0x00, 0x00, 0x00, 0x00, 0xAC, 0xFF, 0x75, 0x00, 0x00, 0x00, 0x00, 0x00, 0x00, 0x07,
  0xF2, 0xFF, 0x26, 0x00, 0x00, 0x00, 0x00, 0x00, 0x00, 0x49, 0xFF, 0xD8, 0x00, 0x00, 0x00, 0x00, 0x00, 0x00, 0x00, 0x97, 0xFF, 0x89, 0x00, 0x00,
  0x00, 0x00, 0x00, 0x00, 0x00, 0xE4, 0xFF, 0x3B, 0x00, 0x00, 0x00, 0x00, 0x00, 0x00, 0x00, 0x00, 0x04, 0x70, 0xCD, 0xF1, 0xF2, 0xCF, 0x70, 0x04,
  0x00, 0x00, 0x00, 0x00, 0x02, 0xB7, 0xFF, 0xFF, 0xFF, 0xFF, 0xFF, 0xFF, 0xB7, 0x02, 0x00, 0x00, 0x00, 0x64, 0xFF, 0xFF, 0xFF, 0xFF, 0xFF, 0xFF,
  0xFF, 0xFF, 0x63, 0x00, 0x00, 0x00, 0xBF, 0xFF, 0xFF, 0xF4, 0x26, 0x23, 0xF3, 0xFF, 0xFF, 0xBE, 0x00, 0x00, 0x00, 0xEC, 0xFF, 0xFF, 0xAE, 0x00,
  0x00, 0xAE, 0xFF, 0xFF, 0xEB, 0x00, 0x00, 0x00, 0xFE, 0xFF, 0xFF, 0x99, 0x00, 0x00, 0x99, 0xFF, 0xFF, 0xFD, 0x00, 0x00, 0x00, 0xFF, 0xFF, 0xFF,
  0x98, 0x00, 0x00, 0x98, 0xFF, 0xFF, 0xFF, 0x00, 0x00, 0x00, 0xFF, 0xFF, 0xFF, 0x98, 0x00, 0x00, 0x98, 0xFF, 0xFF, 0xFF, 0x00, 0x00, 0x00, 0xFF,
  0xFF, 0xFF, 0x98, 0x00, 0x00, 0x98, 0xFF, 0xFF, 0xFF, 0x00, 0x00, 0x00, 0xFF, 0xFF, 0xFF, 0x98, 0x00, 0x00, 0x98, 0xFF, 0xFF, 0xFF, 0x00, 0x00,
  0x00, 0xFF, 0xFF, 0xFF, 0x98, 0x00, 0x00, 0x98, 0xFF, 0xFF, 0xFF, 0x00, 0x00, 0x00, 0xFF, 0xFF, 0xFF, 0x98, 0x00, 0x00, 0x98, 0xFF, 0xFF, 0xFF,
  0x00, 0x00, 0x00, 0xFF, 0xFF, 0xFF, 0x98, 0x00, 0x00, 0x98, 0xFF, 0xFF, 0xFF, 0x00, 0x00, 0x00, 0xFE, 0xFF, 0xFF, 0x99, 0x00, 0x00, 0x99, 0xFF,
  0xFF, 0xFE, 0x00, 0x00, 0x00, 0xED, 0xFF, 0xFF, 0xAF, 0x00, 0x00, 0xAF, 0xFF, 0xFF, 0xEB, 0x00, 0x00, 0x00, 0xC0, 0xFF, 0xFF, 0xF5, 0x28, 0x25,
  0xF5, 0xFF, 0xFF, 0xBE, 0x00, 0x00, 0x00, 0x63, 0xFF, 0xFF, 0xFF, 0xFF, 0xFF, 0xFF, 0xFF, 0xFF, 0x5F, 0x00, 0x00, 0x00, 0x01, 0xB1, 0xFF, 0xFF,
  0xFF, 0xFF, 0xFF, 0xFF, 0xB0, 0x01, 0x00, 0x00, 0x00, 0x00, 0x03, 0x6E, 0xCD, 0xF2, 0xF2, 0xCE, 0x6F, 0x03, 0x00, 0x00, 0x00, 0x00, 0x00, 0x00,
  0x20, 0xC0, 0xFF, 0xFF, 0x98, 0x00, 0x00, 0x22, 0x96, 0xF9, 0xFF, 0xFF, 0xFF, 0x98, 0x00, 0x00, 0xFC, 0xFF, 0xFF, 0xFF, 0xFF, 0xFF, 0x98, 0x00,
  0x00, 0xFF, 0xFF, 0xEC, 0xFF, 0xFF, 0xFF, 0x98, 0x00, 0x00, 0x9C, 0x4B, 0x07, 0xFF, 0xFF, 0xFF, 0x98, 0x00, 0x00, 0x00, 0x00, 0x00, 0xFF, 0xFF,
  0xFF, 0x98, 0x00, 0x00, 0x00, 0x00, 0x00, 0xFF, 0xFF, 0xFF, 0x98, 0x00, 0x00, 0x00, 0x00, 0x00, 0xFF, 0xFF, 0xFF, 0x98, 0x00, 0x00, 0x00, 0x00,
  0x00, 0xFF, 0xFF, 0xFF, 0x98, 0x00, 0x00, 0x00, 0x00, 0x00, 0xFF, 0xFF, 0xFF, 0x98, 0x00, 0x00, 0x00, 0x00, 0x00, 0xFF, 0xFF, 0xFF, 0x98, 0x00,
  0x00, 0x00, 0x00, 0x00, 0xFF, 0xFF, 0xFF, 0x98, 0x00, 0x00, 0x00, 0x00, 0x00, 0xFF, 0xFF, 0xFF, 0x98, 0x00, 0x00, 0x00, 0x00, 0x00, 0xFF, 0xFF,
  0xFF, 0x98, 0x00, 0x00, 0x00, 0x00, 0x00, 0xFF, 0xFF, 0xFF, 0x98, 0x00, 0x00, 0x00, 0x00, 0x00, 0xFF, 0xFF, 0xFF, 0x98, 0x00, 0x00, 0x00, 0x00,
  0x00, 0xFF, 0xFF, 0xFF, 0x98, 0x00, 0x00, 0x00, 0x00, 0x00, 0xFF, 0xFF, 0xFF, 0x98, 0x00, 0x00, 0x00, 0x00, 0x00, 0xFF, 0xFF, 0xFF, 0x98, 0x00,
  0x00, 0x00, 0x00, 0x54, 0xBC, 0xE8, 0xFA, 0xE7, 0xAE, 0x3C, 0x00, 0x00, 0x00, 0x00, 0x8F, 0xFF, 0xFF, 0xFF, 0xFF, 0xFF, 0xFF, 0xFD, 0x62, 0x00,
  0x00, 0x43, 0xFF, 0xFF, 0xFF, 0xFF, 0xFF, 0xFF, 0xFF, 0xFF, 0xF7, 0x17, 0x00, 0xA7, 0xFF, 0xFF, 0xFD, 0x53, 0x0B, 0x7D, 0xFF, 0xFF, 0xFF, 0x67,
  0x00, 0xE1, 0xFF, 0xFF, 0xC1, 0x00, 0x00, 0x0D, 0xFF, 0xFF, 0xFF, 0x8D, 0x00, 0xF8, 0xFF, 0xFF, 0xA1, 0x00, 0x00, 0x0F, 0xFF, 0xFF, 0xFF, 0x8E,
  0x00, 0xC4, 0xC4, 0xC4, 0x74, 0x00, 0x00, 0x50, 0xFF, 0xFF, 0xFF, 0x69, 0x00, 0x00, 0x00, 0x00, 0x00, 0x00, 0x01, 0xCC, 0xFF, 0xFF, 0xF7, 0x19,
  0x00, 0x00, 0x00, 0x00, 0x00, 0x00, 0x63, 0xFF, 0xFF, 0xFF, 0x8F, 0x00, 0x00, 0x00, 0x00, 0x00, 0x00, 0x1B, 0xF0, 0xFF, 0xFF, 0xE8, 0x13, 0x00,
  0x00, 0x00, 0x00, 0x00, 0x00, 0xB6, 0xFF, 0xFF, 0xFF, 0x4E, 0x00, 0x00, 0x00, 0x00, 0x00, 0x00, 0x64, 0xFF, 0xFF, 0xFF, 0xA0, 0x00, 0x00, 0x00,
  0x00, 0x00, 0x00, 0x1F, 0xF2, 0xFF, 0xFF, 0xE2, 0x0F, 0x00, 0x00, 0x00, 0x00, 0x00, 0x01, 0xBC, 0xFF, 0xFF, 0xFE, 0x43, 0x00, 0x00, 0x00, 0x00,
  0x00, 0x00, 0x6B, 0xFF, 0xFF, 0xFF, 0x93, 0x00, 0x00, 0x00, 0x00, 0x00, 0x00, 0x23, 0xF4, 0xFF, 0xFF, 0xDA, 0x0A, 0x00, 0x00, 0x00, 0x00, 0x00,
  0x00, 0xC2, 0xFF, 0xFF, 0xFF, 0xA0, 0x6C, 0x6C, 0x6C, 0x6C, 0x6C, 0x00, 0x00, 0xFF, 0xFF, 0xFF, 0xFF, 0xFF, 0xFF, 0xFF, 0xFF, 0xFF, 0xFF, 0x00,
  0x00, 0xFF, 0xFF, 0xFF, 0xFF, 0xFF, 0xFF, 0xFF, 0xFF, 0xFF, 0xFF, 0x00, 0x00, 0x00, 0x04, 0x6C, 0xC6, 0xED, 0xF8, 0xE3, 0xA8, 0x3B, 0x00, 0x00,
  0x00, 0x07, 0xC1, 0xFF, 0xFF, 0xFF, 0xFF, 0xFF, 0xFF, 0xFE, 0x6C, 0x00, 0x00, 0x7E, 0xFF, 0xFF, 0xFF, 0xA5, 0x7B, 0xDB, 0xFF, 0xFF, 0xFC, 0x1E,
  0x00, 0xD6, 0xFF, 0xFF, 0xCC, 0x00, 0x00, 0x36, 0xFF, 0xFF, 0xFF, 0x71, 0x00, 0xF7, 0xFF, 0xFF, 0xA0, 0x00, 0x00, 0x08, 0xFF, 0xFF, 0xFF, 0x8F,
  0x00, 0xBC, 0xBC, 0xBC, 0x6F, 0x00, 0x00, 0x13, 0xFF, 0xFF, 0xFF, 0x7F, 0x00, 0x00, 0x00, 0x00, 0x00, 0x00, 0x00, 0x54, 0xFF, 0xFF, 0xFF, 0x42,
  0x00, 0x00, 0x00, 0x00, 0x00, 0x6E, 0x90, 0xF4, 0xFF, 0xFF, 0xB4, 0x00, 0x00, 0x00, 0x00, 0x00, 0x00, 0xFF, 0xFF, 0xFF, 0xFF, 0xAD, 0x08, 0x00,
  0x00, 0x00, 0x00, 0x00, 0x00, 0xFF, 0xFF, 0xFF, 0xFF, 0xFF, 0x78, 0x00, 0x00, 0x00, 0x00, 0x00, 0x00, 0x02, 0x26, 0xC6, 0xFF, 0xFF, 0xFD, 0x22,
  0x00, 0x00, 0x00, 0x00, 0x00, 0x00, 0x00, 0x40, 0xFF, 0xFF, 0xFF, 0x6E, 0x00, 0x80, 0x80, 0x80, 0x4C, 0x00, 0x00, 0x10, 0xFF, 0xFF, 0xFF, 0x8E,
  0x00, 0xF9, 0xFF, 0xFF, 0x9B, 0x00, 0x00, 0x04, 0xFF, 0xFF, 0xFF, 0x8F, 0x00, 0xE4, 0xFF, 0xFF, 0xB4, 0x00, 0x00, 0x1E, 0xFF, 0xFF, 0xFF, 0x79,
  0x00, 0xAF, 0xFF, 0xFF, 0xF6, 0x39, 0x09, 0x8C, 0xFF, 0xFF, 0xFF, 0x41, 0x00, 0x52, 0xFF, 0xFF, 0xFF, 0xFF, 0xFF, 0xFF, 0xFF, 0xFF, 0xDC, 0x05,
  0x00, 0x00, 0xA6, 0xFF, 0xFF, 0xFF, 0xFF, 0xFF, 0xFF, 0xF3, 0x3F, 0x00, 0x00, 0x00, 0x01, 0x65, 0xC5, 0xEB, 0xF8, 0xDF, 0x9F, 0x2A, 0x00, 0x00,
  0x00, 0x00, 0x00, 0x00, 0x00, 0x19, 0xFA, 0xFF, 0xFF, 0xFF, 0x98, 0x00, 0x00, 0x00, 0x00, 0x00, 0x00, 0x82, 0xFF, 0xFF, 0xFF, 0xFF, 0x98, 0x00,
  0x00, 0x00, 0x00, 0x00, 0x07, 0xE8, 0xFF, 0xFF, 0xFF, 0xFF, 0x98, 0x00, 0x00, 0x00, 0x00, 0x00, 0x5F, 0xFF, 0xFE, 0xFF, 0xFF, 0xFF, 0x98, 0x00,
  0x00, 0x00, 0x00, 0x00, 0xCC, 0xFF, 0xBD, 0xFF, 0xFF, 0xFF, 0x98, 0x00, 0x00, 0x00, 0x00, 0x3B, 0xFF, 0xFF, 0x5E, 0xFF, 0xFF, 0xFF, 0x98, 0x00,
  0x00, 0x00, 0x00, 0xAA, 0xFF, 0xF4, 0x0B, 0xFF, 0xFF, 0xFF, 0x98, 0x00, 0x00, 0x00, 0x1C, 0xFB, 0xFF, 0xA1, 0x00, 0xFF, 0xFF, 0xFF, 0x98, 0x00,
  0x00, 0x00, 0x87, 0xFF, 0xFF, 0x42, 0x00, 0xFF, 0xFF, 0xFF, 0x98, 0x00, 0x00, 0x08, 0xEC, 0xFF, 0xE2, 0x02, 0x00, 0xFF, 0xFF, 0xFF, 0x98, 0x00,
  0x00, 0x63, 0xFF, 0xFF, 0x85, 0x00, 0x00, 0xFF, 0xFF, 0xFF, 0x98, 0x00, 0x00, 0xD1, 0xFF, 0xFF, 0x27, 0x00, 0x00, 0xFF, 0xFF, 0xFF, 0x98, 0x00,
  0x00, 0xFF, 0xFF, 0xFF, 0xFF, 0xFF, 0xFF, 0xFF, 0xFF, 0xFF, 0xFF, 0xFF, 0x00, 0xFF, 0xFF, 0xFF, 0xFF, 0xFF, 0xFF, 0xFF, 0xFF, 0xFF, 0xFF, 0xFF,
  0x00, 0xD0, 0xD0, 0xD0, 0xD0, 0xD0, 0xD0, 0xFF, 0xFF, 0xFF, 0xEC, 0xD0, 0x00, 0x00, 0x00, 0x00, 0x00, 0x00, 0x00, 0xFF, 0xFF, 0xFF, 0x98, 0x00,
  0x00, 0x00, 0x00, 0x00, 0x00, 0x00, 0x00, 0xFF, 0xFF, 0xFF, 0x98, 0x00, 0x00, 0x00, 0x00, 0x00, 0x00, 0x00, 0x00, 0xFF, 0xFF, 0xFF, 0x98, 0x00,
  0x00, 0x00, 0x00, 0x00, 0x00, 0x00, 0x00, 0xFF, 0xFF, 0xFF, 0x98, 0x00, 0x00, 0xFF, 0xFF, 0xFF, 0xFF, 0xFF, 0xFF, 0xFF, 0xFF, 0xFF, 0x2C, 0x00,
  0x00, 0xFF, 0xFF, 0xFF, 0xFF, 0xFF, 0xFF, 0xFF, 0xFF, 0xFF, 0x2C, 0x00, 0x00, 0xFF, 0xFF, 0xFF, 0xFF, 0xFF, 0xFF, 0xFF, 0xFF, 0xFF, 0x2C, 0x00,
  0x00, 0xFF, 0xFF, 0xFF, 0x98, 0x00, 0x00, 0x00, 0x00, 0x00, 0x00, 0x00, 0x00, 0xFF, 0xFF, 0xFF, 0x98, 0x00, 0x00, 0x00, 0x00, 0x00, 0x00, 0x00,
  0x00, 0xFF, 0xFF, 0xFF, 0x98, 0x00, 0x00, 0x00, 0x00, 0x00, 0x00, 0x00, 0x00, 0xFF, 0xFF, 0xFF, 0xC0, 0xC1, 0xF6, 0xF4, 0xAE, 0x1D, 0x00, 0x00,
  0x00, 0xFF, 0xFF, 0xFF, 0xFF, 0xFF, 0xFF, 0xFF, 0xFF, 0xDB, 0x09, 0x00, 0x00, 0xFF, 0xFF, 0xFF, 0xFB, 0x8B, 0xA6, 0xFF, 0xFF, 0xFF, 0x6C, 0x00,
  0x00, 0xFF, 0xFF, 0xFF, 0x98, 0x00, 0x02, 0xDF, 0xFF, 0xFF, 0xB6, 0x00, 0x00, 0x34, 0x34, 0x34, 0x14, 0x00, 0x00, 0xAF, 0xFF, 0xFF, 0xE5, 0x00,
  0x00, 0x00, 0x00, 0x00, 0x00, 0x00, 0x00, 0xA0, 0xFF, 0xFF, 0xF6, 0x00, 0x00, 0x00, 0x00, 0x00, 0x00, 0x00, 0x00, 0x99, 0xFF, 0xFF, 0xF7, 0x00,
  0x00, 0xF9, 0xFF, 0xFF, 0x9B, 0x00, 0x00, 0x9F, 0xFF, 0xFF, 0xE6, 0x00, 0x00, 0xE9, 0xFF, 0xFF, 0xAD, 0x00, 0x00, 0xB1, 0xFF, 0xFF, 0xD4, 0x00,
  0x00, 0xC1, 0xFF, 0xFF, 0xE8, 0x0A, 0x08, 0xE7, 0xFF, 0xFF, 0xA7, 0x00, 0x00, 0x77, 0xFF, 0xFF, 0xFF, 0xE3, 0xDF, 0xFF, 0xFF, 0xFF, 0x52, 0x00,
  0x00, 0x0E, 0xD7, 0xFF, 0xFF, 0xFF, 0xFF, 0xFF, 0xFF, 0xB4, 0x02, 0x00, 0x00, 0x00, 0x16, 0x8D, 0xDA, 0xF5, 0xF3, 0xCF, 0x75, 0x04, 0x00, 0x00,
  0x00, 0x00, 0x04, 0x68, 0xCA, 0xEC, 0xF7, 0xE2, 0xA2, 0x29, 0x00, 0x00, 0x00, 0x00, 0x00, 0xA6, 0xFF, 0xFF, 0xFF, 0xFF, 0xFF, 0xFF, 0xF6, 0x2E,
  0x00, 0x00, 0x00, 0x49, 0xFF, 0xFF, 0xFF, 0x9A, 0x89, 0xFB, 0xFF, 0xFF, 0xAC, 0x00, 0x00, 0x00, 0xA6, 0xFF, 0xFF, 0xD4, 0x00, 0x00, 0xB6, 0xFF,
  0xFF, 0xE9, 0x00, 0x00, 0x00, 0xDA, 0xFF, 0xFF, 0xA8, 0x00, 0x00, 0x71, 0xB8, 0xB8, 0xB5, 0x00, 0x00, 0x00, 0xF3, 0xFF, 0xFF, 0x9B, 0x00, 0x00,
  0x00, 0x00, 0x00, 0x00, 0x00, 0x00, 0x00, 0xFF, 0xFF, 0xFF, 0x98, 0x00, 0x00, 0x00, 0x00, 0x00, 0x00, 0x00, 0x00, 0x00, 0xFF, 0xFF, 0xFF, 0xB2,
  0xB1, 0xEB, 0xED, 0xB2, 0x27, 0x00, 0x00, 0x00, 0x00, 0xFF, 0xFF, 0xFF, 0xFF, 0xFF, 0xFF, 0xFF, 0xFF, 0xE7, 0x17, 0x00, 0x00, 0x00, 0xFF, 0xFF,
  0xFF, 0xFC, 0x94, 0x92, 0xFF, 0xFF, 0xFF, 0x84, 0x00, 0x00, 0x00, 0xFF, 0xFF, 0xFF, 0xA3, 0x00, 0x00, 0xC8, 0xFF, 0xFF, 0xCA, 0x00, 0x00, 0x00,
  0xFF, 0xFF, 0xFF, 0x98, 0x00, 0x00, 0xA3, 0xFF, 0xFF, 0xEF, 0x00, 0x00, 0x00, 0xFF, 0xFF, 0xFF, 0x98, 0x00, 0x00, 0x9A, 0xFF, 0xFF, 0xFB, 0x00,
  0x00, 0x00, 0xF5, 0xFF, 0xFF, 0x99, 0x00, 0x00, 0x9A, 0xFF, 0xFF, 0xEF, 0x00, 0x00, 0x00, 0xDC, 0xFF, 0xFF, 0xA7, 0x00, 0x00, 0xA7, 0xFF, 0xFF,
  0xD4, 0x00, 0x00, 0x00, 0xA2, 0xFF, 0xFF, 0xD3, 0x00, 0x00, 0xD2, 0xFF, 0xFF, 0x9E, 0x00, 0x00, 0x00, 0x3E, 0xFF, 0xFF, 0xFF, 0x9D, 0x95, 0xFF,
  0xFF, 0xFF, 0x40, 0x00, 0x00, 0x00, 0x00, 0x90, 0xFF, 0xFF, 0xFF, 0xFF, 0xFF, 0xFF, 0xA2, 0x00, 0x00, 0x00, 0x00, 0x00, 0x00, 0x5F, 0xC8, 0xF0,
  0xF1, 0xCF, 0x6D, 0x04, 0x00, 0x00, 0x00, 0x00, 0xFF, 0xFF, 0xFF, 0xFF, 0xFF, 0xFF, 0xFF, 0xFF, 0xFF, 0x00, 0xFF, 0xFF, 0xFF, 0xFF, 0xFF, 0xFF,
  0xFF, 0xFF, 0xFF, 0x00, 0x6C, 0x6C, 0x6C, 0x6C, 0x6C, 0xD7, 0xFF, 0xFF, 0xE6, 0x00, 0x00, 0x00, 0x00, 0x00, 0x01, 0xEB, 0xFF, 0xFF, 0xA7, 0x00,
  0x00, 0x00, 0x00, 0x00, 0x2C, 0xFF, 0xFF, 0xFF, 0x68, 0x00, 0x00, 0x00, 0x00, 0x00, 0x6C, 0xFF, 0xFF, 0xFF, 0x2A, 0x00, 0x00, 0x00, 0x00, 0x00,
  0xAB, 0xFF, 0xFF, 0xEA, 0x00, 0x00, 0x00, 0x00, 0x00, 0x00, 0xE9, 0xFF, 0xFF, 0xAC, 0x00, 0x00, 0x00, 0x00, 0x00, 0x2A, 0xFF, 0xFF, 0xFF, 0x6D,
  0x00, 0x00, 0x00, 0x00, 0x00, 0x69, 0xFF, 0xFF, 0xFF, 0x2F, 0x00, 0x00, 0x00, 0x00, 0x00, 0xA9, 0xFF, 0xFF, 0xEE, 0x02, 0x00, 0x00, 0x00, 0x00,
  0x00, 0xE7, 0xFF, 0xFF, 0xB1, 0x00, 0x00, 0x00, 0x00, 0x00, 0x28, 0xFF, 0xFF, 0xFF, 0x73, 0x00, 0x00, 0x00, 0x00, 0x00, 0x67, 0xFF, 0xFF, 0xFF,
  0x34, 0x00, 0x00, 0x00, 0x00, 0x00, 0xA7, 0xFF, 0xFF, 0xF2, 0x03, 0x00, 0x00, 0x00, 0x00, 0x00, 0xE5, 0xFF, 0xFF, 0xB7, 0x00, 0x00, 0x00, 0x00,
  0x00, 0x26, 0xFF, 0xFF, 0xFF, 0x78, 0x00, 0x00, 0x00, 0x00, 0x00, 0x65, 0xFF, 0xFF, 0xFF, 0x39, 0x00, 0x00, 0x00, 0x00, 0x00, 0xA4, 0xFF, 0xFF,
  0xF5, 0x05, 0x00, 0x00, 0x00, 0x00, 0x00, 0x0B, 0x80, 0xD3, 0xF3, 0xF4, 0xD5, 0x85, 0x0E, 0x00, 0x00, 0x00, 0x0D, 0xD4, 0xFF, 0xFF, 0xFF, 0xFF,
  0xFF, 0xFF, 0xDA, 0x0F, 0x00, 0x00, 0x88, 0xFF, 0xFF, 0xFF, 0x9B, 0x98, 0xFF, 0xFF, 0xFF, 0x8A, 0x00, 0x00, 0xDA, 0xFF, 0xFF, 0xC8, 0x00, 0x00,
  0xC6, 0xFF, 0xFF, 0xDA, 0x00, 0x00, 0xF8, 0xFF, 0xFF, 0x9E, 0x00, 0x00, 0x9E, 0xFF, 0xFF, 0xF7, 0x00, 0x00, 0xEA, 0xFF, 0xFF, 0xA9, 0x00, 0x00,
  0xAE, 0xFF, 0xFF, 0xE9, 0x00, 0x00, 0xAA, 0xFF, 0xFF, 0xD1, 0x00, 0x00, 0xD8, 0xFF, 0xFF, 0xAE, 0x00, 0x00, 0x29, 0xF2, 0xFF, 0xFF, 0x9C, 0x9D,
  0xFF, 0xFF, 0xF5, 0x2F, 0x00, 0x00, 0x00, 0x3C, 0xFC, 0xFF, 0xFF, 0xFF, 0xFF, 0xFC, 0x40, 0x00, 0x00, 0x00, 0x07, 0xC7, 0xFF, 0xFF, 0xFF, 0xFF,
  0xFF, 0xFF, 0xC4, 0x05, 0x00, 0x00, 0x78, 0xFF, 0xFF, 0xFA, 0x33, 0x34, 0xFA, 0xFF, 0xFF, 0x70, 0x00, 0x00, 0xCF, 0xFF, 0xFF, 0xBE, 0x00, 0x00,
  0xBF, 0xFF, 0xFF, 0xC7, 0x00, 0x00, 0xF3, 0xFF, 0xFF, 0xA4, 0x00, 0x00, 0xA5, 0xFF, 0xFF, 0xEE, 0x00, 0x00, 0xF8, 0xFF, 0xFF, 0x9B, 0x00, 0x00,
  0x9C, 0xFF, 0xFF, 0xF7, 0x00, 0x00, 0xE5, 0xFF, 0xFF, 0xA8, 0x00, 0x00, 0xAC, 0xFF, 0xFF, 0xE3, 0x00, 0x00, 0xB3, 0xFF, 0xFF, 0xE2, 0x01, 0x00,
  0xE4, 0xFF, 0xFF, 0xAD, 0x00, 0x00, 0x5C, 0xFF, 0xFF, 0xFF, 0x9E, 0x9D, 0xFF, 0xFF, 0xFF, 0x53, 0x00, 0x00, 0x02, 0xB9, 0xFF, 0xFF, 0xFF, 0xFF,
  0xFF, 0xFF, 0xB0, 0x00, 0x00, 0x00, 0x00, 0x07, 0x77, 0xD2, 0xF2, 0xF1, 0xCF, 0x72, 0x04, 0x00, 0x00, 0x00, 0x00, 0x00, 0x59, 0xBF, 0xE9, 0xF7,
  0xDE, 0x9A, 0x25, 0x00, 0x00, 0x00, 0x00, 0x00, 0x96, 0xFF, 0xFF, 0xFF, 0xFF, 0xFF, 0xFF, 0xF0, 0x39, 0x00, 0x00, 0x00, 0x45, 0xFF, 0xFF, 0xFF,
  0xD4, 0x77, 0xD4, 0xFF, 0xFF, 0xD7, 0x03, 0x00, 0x00, 0xA7, 0xFF, 0xFF, 0xFF, 0x3B, 0x00, 0x38, 0xFF, 0xFF, 0xFF, 0x3D, 0x00, 0x00, 0xDF, 0xFF,
  0xFF, 0xFF, 0x0D, 0x00, 0x0F, 0xFF, 0xFF, 0xFF, 0x78, 0x00, 0x00, 0xF6, 0xFF, 0xFF, 0xFF, 0x02, 0x00, 0x00, 0xFF, 0xFF, 0xFF, 0x8E, 0x00, 0x00,
  0xF7, 0xFF, 0xFF, 0xFF, 0x07, 0x00, 0x00, 0xFF, 0xFF, 0xFF, 0x98, 0x00, 0x00, 0xDF, 0xFF, 0xFF, 0xFF, 0x18, 0x00, 0x00, 0xFF, 0xFF, 0xFF, 0x98,
  0x00, 0x00, 0xA6, 0xFF, 0xFF, 0xFF, 0x7E, 0x09, 0x64, 0xFF, 0xFF, 0xFF, 0x98, 0x00, 0x00, 0x38, 0xFE, 0xFF, 0xFF, 0xFF, 0xFF, 0xFF, 0xFF, 0xFF,
  0xFF, 0x98, 0x00, 0x00, 0x00, 0x63, 0xF4, 0xFF, 0xFF, 0xFF, 0xD5, 0xFF, 0xFF, 0xFF, 0x98, 0x00, 0x00, 0x00, 0x00, 0x12, 0x4F, 0x62, 0x3F, 0x06,
  0xFF, 0xFF, 0xFF, 0x98, 0x00, 0x00, 0x00, 0x00, 0x00, 0x00, 0x00, 0x00, 0x01, 0xFF, 0xFF, 0xFF, 0x97, 0x00, 0x00, 0x1C, 0x30, 0x30, 0x30, 0x00,
  0x00, 0x08, 0xFF, 0xFF, 0xFF, 0x8A, 0x00, 0x00, 0x8E, 0xFF, 0xFF, 0xFF, 0x0A, 0x00, 0x1F, 0xFF, 0xFF, 0xFF, 0x72, 0x00, 0x00, 0x72, 0xFF, 0xFF,
  0xFF, 0x47, 0x00, 0x69, 0xFF, 0xFF, 0xFF, 0x3D, 0x00, 0x00, 0x2C, 0xFF, 0xFF, 0xFF, 0xFA, 0xDA, 0xFD, 0xFF, 0xFF, 0xDC, 0x03, 0x00, 0x00, 0x00,
  0x99, 0xFF, 0xFF, 0xFF, 0xFF, 0xFF, 0xFF, 0xF7, 0x43, 0x00, 0x00, 0x00, 0x00, 0x01, 0x68, 0xC6, 0xEE, 0xF8, 0xDF, 0xA7, 0x30, 0x00, 0x00, 0x00,
  0x00, 0x00, 0xFF, 0xFF, 0xFF, 0x98, 0x00, 0x00, 0xFF, 0xFF, 0xFF, 0x98, 0x00, 0x00, 0xFF, 0xFF, 0xFF, 0x98, 0x00, 0x00, 0x00, 0x00, 0x00, 0x00,
  0x00, 0x00, 0x00, 0x00, 0x00, 0x00, 0x00, 0x00, 0x00, 0x00, 0x00, 0x00, 0x00, 0x00, 0x00, 0x00, 0x00, 0x00, 0x00, 0x00, 0x00, 0x00, 0x00, 0x00,
  0x00, 0x00, 0x00, 0x00, 0x00, 0x00, 0x00, 0x00, 0xFF, 0xFF, 0xFF, 0x98, 0x00, 0x00, 0xFF, 0xFF, 0xFF, 0x98, 0x00, 0x00, 0xFF, 0xFF, 0xFF, 0x98,
  0x00, 0x00, 0x00, 0x00, 0x00, 0x00, 0x00, 0x00, 0x00, 0x00, 0x00, 0x00, 0x00, 0x00, 0xFF, 0xFF, 0xFF, 0x98, 0x00, 0x00, 0xFF, 0xFF, 0xFF, 0x98,
  0x00, 0x00, 0xFF, 0xFF, 0xFF, 0x98, 0x00, 0x00, 0x00, 0x00, 0x00, 0x00, 0x00, 0x00, 0x00, 0x00, 0x00, 0x00, 0x00, 0x00, 0x00, 0x00, 0x00, 0x00,
  0x00, 0x00, 0x00, 0x00, 0x00, 0x00, 0x00, 0x00, 0x00, 0x00, 0x00, 0x00, 0x00, 0x00, 0x00, 0x00, 0x00, 0x00, 0x00, 0x00, 0xFF, 0xFF, 0xFF, 0x98,
  0x00, 0x00, 0xFF, 0xFF, 0xFF, 0x98, 0x00, 0x00, 0xFF, 0xFF, 0xFF, 0x98, 0x00, 0x00, 0x00, 0x1E, 0xFF, 0x89, 0x00, 0x00, 0x04, 0x97, 0xFF, 0x5E,
  0x00, 0x00, 0xA2, 0xFF, 0xD1, 0x06, 0x00, 0x00, 0x3A, 0x58, 0x08, 0x00, 0x00, 0x00, 0x00, 0x00, 0x00, 0x00, 0x00, 0x00, 0x00, 0x00, 0x00, 0x00,
  0x00, 0x00, 0x00, 0x17, 0x8C, 0x75, 0x00, 0x00, 0x00, 0x00, 0x18, 0x8E, 0xF6, 0xFF, 0x80, 0x00, 0x00, 0x1A, 0x90, 0xF7, 0xFF, 0xFF, 0xFF, 0x80,
  0x00, 0x93, 0xF7, 0xFF, 0xFF, 0xFF, 0xEC, 0x8C, 0x1F, 0x00, 0xFF, 0xFF, 0xFF, 0xC3, 0x5B, 0x07, 0x00, 0x00, 0x00, 0xFF, 0xFF, 0xF5, 0x90, 0x27,
  0x00, 0x00, 0x00, 0x00, 0xCE, 0xFF, 0xFF, 0xFF, 0xFE, 0xBC, 0x52, 0x03, 0x00, 0x00, 0x4E, 0xCC, 0xFF, 0xFF, 0xFF, 0xFF, 0x7D, 0x00, 0x00, 0x00,
  0x00, 0x4C, 0xCA, 0xFF, 0xFF, 0x80, 0x00, 0x00, 0x00, 0x00, 0x00, 0x00, 0x4A, 0xC9, 0x80, 0x00, 0x00, 0x00, 0x00, 0x00, 0x00, 0x00, 0x00, 0x14,
  0x00, 0x00, 0x00, 0x00, 0x00, 0x00, 0x00, 0x00, 0x00, 0x00, 0x00, 0x00, 0x00, 0x00, 0x00, 0x00, 0x00, 0x00, 0x00, 0x00, 0x00, 0x00, 0x00, 0x00,
  0x00, 0x00, 0x00, 0x00, 0x00, 0x00, 0x00, 0x00, 0x00, 0x00, 0x00, 0x00, 0x00, 0xFF, 0xFF, 0xFF, 0xFF, 0xFF, 0xFF, 0xFF, 0xFF, 0x00, 0x00, 0xFF,
  0xFF, 0xFF, 0xFF, 0xFF, 0xFF, 0xFF, 0xFF, 0x00, 0x00, 0x6C, 0x6C, 0x6C, 0x6C, 0x6C, 0x6C, 0x6C, 0x6C, 0x00, 0x00, 0x00, 0x00, 0x00, 0x00, 0x00,
  0x00, 0x00, 0x00, 0x00, 0x00, 0x6C, 0x6C, 0x6C, 0x6C, 0x6C, 0x6C, 0x6C, 0x6C, 0x00, 0x00, 0xFF, 0xFF, 0xFF, 0xFF, 0xFF, 0xFF, 0xFF, 0xFF, 0x00,
  0x00, 0xFF, 0xFF, 0xFF, 0xFF, 0xFF, 0xFF, 0xFF, 0xFF, 0x00, 0x00, 0x00, 0x00, 0x00, 0x00, 0x00, 0x00, 0x00, 0x00, 0x00, 0x00, 0x00, 0x00, 0x00,
  0x00, 0x00, 0x00, 0x00, 0x00, 0x00, 0x00, 0x00, 0x00, 0x00, 0x00, 0x00, 0x00, 0x00, 0x00, 0x00, 0x00, 0x00, 0x00, 0x00, 0x00, 0x00, 0x00, 0x00,
  0x00, 0x00, 0x00, 0x00, 0x00, 0x00, 0x00, 0x00, 0x00, 0x00, 0x00, 0x00, 0x00, 0x00, 0x00, 0x00, 0x00, 0x00, 0x00, 0x00, 0x00, 0x00, 0x00, 0x00,
  0x00, 0x00, 0x00, 0x00, 0x00, 0x00, 0x00, 0x00, 0x00, 0x00, 0x00, 0x00, 0x00, 0x00, 0x00, 0x00, 0x00, 0x00, 0xCB, 0x4D, 0x00, 0x00, 0x00, 0x00,
  0x00, 0x00, 0x00, 0xFF, 0xFF, 0xCD, 0x4F, 0x01, 0x00, 0x00, 0x00, 0x00, 0xFF, 0xFF, 0xFF, 0xFF, 0xCF, 0x51, 0x01, 0x00, 0x00, 0x58, 0xC0, 0xFF,
  0xFF, 0xFF, 0xFF, 0xD1, 0x39, 0x00, 0x00, 0x00, 0x28, 0x90, 0xEE, 0xFF, 0xFF, 0x80, 0x00, 0x00, 0x00, 0x07, 0x5C, 0xCB, 0xFF, 0xFF, 0x80, 0x00,
  0x1F, 0x87, 0xEA, 0xFF, 0xFF, 0xFF, 0xF6, 0x58, 0x00, 0xFD, 0xFF, 0xFF, 0xFF, 0xF5, 0x8E, 0x18, 0x00, 0x00, 0xFF, 0xFF, 0xF5, 0x8C, 0x17, 0x00,
  0x00, 0x00, 0x00, 0xF4, 0x8A, 0x15, 0x00, 0x00, 0x00, 0x00, 0x00, 0x00, 0x14, 0x00, 0x00, 0x00, 0x00, 0x00, 0x00, 0x00, 0x00, 0x00, 0x00, 0x00,
  0x00, 0x00, 0x00, 0x00, 0x00, 0x00, 0x00, 0x00, 0x00, 0x00, 0x00, 0x00, 0x00, 0x00, 0x00, 0x00, 0x00, 0x00, 0x00, 0x00, 0x00, 0x00, 0x00, 0x00,
  0x00, 0x00, 0x00, 0x00, 0x00, 0x00, 0x00, 0x00, 0x00, 0x00, 0x15, 0x8D, 0xD9, 0xF7, 0xF5, 0xD1, 0x7C, 0x09, 0x00, 0x00, 0x00, 0x1B, 0xE2, 0xFF,
  0xFF, 0xFF, 0xFF, 0xFF, 0xFF, 0xCD, 0x0C, 0x00, 0x00, 0xA0, 0xFF, 0xFF, 0xFF, 0xFF, 0xFF, 0xFF, 0xFF, 0xFF, 0x84, 0x00, 0x00, 0xE9, 0xFF, 0xFF,
  0xDD, 0x1D, 0x27, 0xEA, 0xFF, 0xFF, 0xD8, 0x00, 0x00, 0xFA, 0xFF, 0xFF, 0xA0, 0x00, 0x00, 0xA3, 0xFF, 0xFF, 0xF8, 0x00, 0x00, 0xDC, 0xFF, 0xF6,
  0x9A, 0x00, 0x00, 0xAA, 0xFF, 0xFF, 0xF1, 0x00, 0x00, 0x3E, 0x31, 0x04, 0x00, 0x00, 0x00, 0xDD, 0xFF, 0xFF, 0xCD, 0x00, 0x00, 0x00, 0x00, 0x00,
  0x00, 0x00, 0x43, 0xFF, 0xFF, 0xFF, 0x84, 0x00, 0x00, 0x00, 0x00, 0x00, 0x00, 0x07, 0xD0, 0xFF, 0xFF, 0xF8, 0x1B, 0x00, 0x00, 0x00, 0x00, 0x00,
  0x01, 0x9F, 0xFF, 0xFF, 0xFF, 0x76, 0x00, 0x00, 0x00, 0x00, 0x00, 0x04, 0xA4, 0xFF, 0xFF, 0xFF, 0xA8, 0x01, 0x00, 0x00, 0x00, 0x00, 0x00, 0x84,
  0xFF, 0xFF, 0xFF, 0xA4, 0x05, 0x00, 0x00, 0x00, 0x00, 0x00, 0x00, 0x98, 0xFF, 0xFF, 0xFF, 0x01, 0x00, 0x00, 0x00, 0x00, 0x00, 0x00, 0x00, 0x98,
  0xFF, 0xFF, 0xFF, 0x00, 0x00, 0x00, 0x00, 0x00, 0x00, 0x00, 0x00, 0x40, 0x6C, 0x6C, 0x6C, 0x00, 0x00, 0x00, 0x00, 0x00, 0x00, 0x00, 0x00, 0x00,
  0x00, 0x00, 0x00, 0x00, 0x00, 0x00, 0x00, 0x00, 0x00, 0x00, 0x00, 0x98, 0xFF, 0xFF, 0xFF, 0x00, 0x00, 0x00, 0x00, 0x00, 0x00, 0x00, 0x00, 0x98,
  0xFF, 0xFF, 0xFF, 0x00, 0x00, 0x00, 0x00, 0x00, 0x00, 0x00, 0x00, 0x98, 0xFF, 0xFF, 0xFF, 0x00, 0x00, 0x00, 0x00, 0x00, 0x00, 0x00, 0x00, 0x00,
  0x00, 0x00, 0x00, 0x26, 0x75, 0xBA, 0xDD, 0xF2, 0xF6, 0xE1, 0xC0, 0x76, 0x1F, 0x00, 0x00, 0x00, 0x00, 0x00, 0x00, 0x00, 0x00, 0x00, 0x00, 0x00,
  0x24, 0xA8, 0xFE, 0xFF, 0xFF, 0xFF, 0xFF, 0xFF, 0xFF, 0xFF, 0xFF, 0xF8, 0x88, 0x05, 0x00, 0x00, 0x00, 0x00, 0x00, 0x00, 0x00, 0x00, 0x4F, 0xF1,
  0xFF, 0xFF, 0xFB, 0xBE, 0x8C, 0x75, 0x79, 0x90, 0xCF, 0xFF, 0xFF, 0xFF, 0xB4, 0x07, 0x00, 0x00, 0x00, 0x00, 0x00, 0x00, 0x51, 0xFE, 0xFF, 0xFC,
  0x96, 0x16, 0x00, 0x00, 0x00, 0x00, 0x00, 0x00, 0x3B, 0xDA, 0xFF, 0xFF, 0x89, 0x00, 0x00, 0x00, 0x00, 0x00, 0x2A, 0xF4, 0xFF, 0xF7, 0x50, 0x00,
  0x00, 0x00, 0x00, 0x00, 0x00, 0x00, 0x00, 0x00, 0x1D, 0xEA, 0xFF, 0xFB, 0x23, 0x00, 0x00, 0x00, 0x00, 0xB8, 0xFF, 0xFF, 0x61, 0x00, 0x00, 0x09,
  0x80, 0xDC, 0xF6, 0x8B, 0xA2, 0xFF, 0xEA, 0x00, 0x72, 0xFF, 0xFF, 0x7F, 0x00, 0x00, 0x00, 0x3C, 0xFF, 0xFF, 0xBA, 0x00, 0x00, 0x0C, 0xC8, 0xFF,
  0xFF, 0xFF, 0xFF, 0xF4, 0xFF, 0xC7, 0x00, 0x1A, 0xFF, 0xFF, 0xC6, 0x00, 0x00, 0x00, 0x98, 0xFF, 0xFF, 0x41, 0x00, 0x00, 0xA1, 0xFF, 0xFF, 0xFF,
  0xB0, 0x84, 0xFF, 0xFF, 0xA4, 0x00, 0x00, 0xE6, 0xFF, 0xED, 0x00, 0x00, 0x01, 0xE7, 0xFF, 0xE8, 0x01, 0x00, 0x2F, 0xFE, 0xFF, 0xFF, 0x99, 0x00,
  0x1D, 0xFF, 0xFF, 0x82, 0x00, 0x00, 0xCD, 0xFF, 0xFF, 0x01, 0x00, 0x1F, 0xFF, 0xFF, 0xA7, 0x00, 0x00, 0x90, 0xFF, 0xFF, 0xF9, 0x16, 0x00, 0x3D,
  0xFF, 0xFF, 0x5F, 0x00, 0x00, 0xD2, 0xFF, 0xFF, 0x00, 0x00, 0x44, 0xFF, 0xFF, 0x7F, 0x00, 0x00, 0xD1, 0xFF, 0xFF, 0xC5, 0x00, 0x00, 0x5C, 0xFF,
  0xFF, 0x3C, 0x00, 0x00, 0xDE, 0xFF, 0xF6, 0x00, 0x00, 0x62, 0xFF, 0xFF, 0x61, 0x00, 0x00, 0xF5, 0xFF, 0xFF, 0xA2, 0x00, 0x00, 0x7B, 0xFF, 0xFF,
  0x1A, 0x00, 0x05, 0xF7, 0xFF, 0xD7, 0x00, 0x00, 0x68, 0xFF, 0xFF, 0x55, 0x00, 0x00, 0xF7, 0xFF, 0xFF, 0xA5, 0x00, 0x00, 0x9B, 0xFF, 0xF6, 0x01,
  0x00, 0x46, 0xFF, 0xFF, 0x97, 0x00, 0x00, 0x6A, 0xFF, 0xFF, 0x5B, 0x00, 0x00, 0xD8, 0xFF, 0xFF, 0xDD, 0x04, 0x02, 0xCF, 0xFF, 0xD8, 0x00, 0x00,
  0xB5, 0xFF, 0xFF, 0x36, 0x00, 0x00, 0x52, 0xFF, 0xFF, 0x73, 0x00, 0x00, 0x8C, 0xFF, 0xFF, 0xFF, 0xC5, 0xD1, 0xFF, 0xFF, 0xE4, 0x0C, 0x77, 0xFF,
  0xFF, 0xA9, 0x00, 0x00, 0x00, 0x2A, 0xFF, 0xFF, 0xAC, 0x00, 0x00, 0x15, 0xE4, 0xFF, 0xFF, 0xFF, 0xFC, 0x98, 0xFF, 0xFF, 0xFF, 0xFF, 0xFF, 0xCA,
  0x0D, 0x00, 0x00, 0x00, 0x02, 0xE2, 0xFF, 0xF7, 0x14, 0x00, 0x00, 0x1D, 0x9A, 0xCF, 0xC1, 0x4A, 0x02, 0x7D, 0xE1, 0xF6, 0xD6, 0x79, 0x06, 0x00,
  0x00, 0x00, 0x00, 0x00, 0x82, 0xFF, 0xFF, 0xA7, 0x00, 0x00, 0x00, 0x00, 0x00, 0x00, 0x00, 0x00, 0x00, 0x00, 0x00, 0x00, 0x00, 0x00, 0x00, 0x00,
  0x00, 0x00, 0x00, 0x0F, 0xE2, 0xFF, 0xFF, 0x9C, 0x0A, 0x00, 0x00, 0x00, 0x00, 0x00, 0x00, 0x00, 0x00, 0x00, 0x00, 0x00, 0x00, 0x00, 0x00, 0x00,
  0x00, 0x00, 0x00, 0x3D, 0xF4, 0xFF, 0xFF, 0xE3, 0x80, 0x3D, 0x15, 0x06, 0x07, 0x1A, 0x41, 0x73, 0x71, 0x00, 0x00, 0x00, 0x00, 0x00, 0x00, 0x00,
  0x00, 0x00, 0x00, 0x32, 0xE0, 0xFF, 0xFF, 0xFF, 0xFF, 0xFF, 0xFF, 0xFF, 0xFF, 0xFF, 0xFF, 0xD3, 0x00, 0x00, 0x00, 0x00, 0x00, 0x00, 0x00, 0x00,
  0x00, 0x00, 0x00, 0x07, 0x6D, 0xD0, 0xFE, 0xFF, 0xFF, 0xFF, 0xFF, 0xFF, 0xFF, 0xED, 0xB2, 0x00, 0x00, 0x00, 0x00, 0x00, 0x00, 0x00, 0x00, 0x00,
  0x00, 0x00, 0x00, 0x00, 0x00, 0x14, 0x43, 0x58, 0x67, 0x58, 0x41, 0x22, 0x00, 0x00, 0x00, 0x00, 0x00, 0x00, 0x00, 0x00, 0x00, 0x00, 0x00, 0x00,
  0x00, 0xD6, 0xFF, 0xFF, 0xFF, 0xC0, 0x00, 0x00, 0x00, 0x00, 0x00, 0x00, 0x00, 0x0B, 0xFD, 0xFF, 0xFF, 0xFF, 0xF1, 0x01, 0x00, 0x00, 0x00, 0x00,
  0x00, 0x00, 0x3B, 0xFF, 0xFF, 0xFF, 0xFF, 0xFF, 0x26, 0x00, 0x00, 0x00, 0x00, 0x00, 0x00, 0x6E, 0xFF, 0xFF, 0xFF, 0xFF, 0xFF, 0x58, 0x00, 0x00,
  0x00, 0x00, 0x00, 0x00, 0xA0, 0xFF, 0xFF, 0xFF, 0xFF, 0xFF, 0x8B, 0x00, 0x00, 0x00, 0x00, 0x00, 0x00, 0xD3, 0xFF, 0xFF, 0xCD, 0xFF, 0xFF, 0xBD,
  0x00, 0x00, 0x00, 0x00, 0x00, 0x09, 0xFC, 0xFF, 0xFF, 0x80, 0xFF, 0xFF, 0xEF, 0x00, 0x00, 0x00, 0x00, 0x00, 0x39, 0xFF, 0xFF, 0xFF, 0x33, 0xFF,
  0xFF, 0xFF, 0x22, 0x00, 0x00, 0x00, 0x00, 0x6B, 0xFF, 0xFF, 0xF0, 0x01, 0xF5, 0xFF, 0xFF, 0x55, 0x00, 0x00, 0x00, 0x00, 0x9E, 0xFF, 0xFF, 0xCA,
  0x00, 0xD0, 0xFF, 0xFF, 0x87, 0x00, 0x00, 0x00, 0x00, 0xD1, 0xFF, 0xFF, 0xA3, 0x00, 0xA9, 0xFF, 0xFF, 0xBA, 0x00, 0x00, 0x00, 0x08, 0xFB, 0xFF,
  0xFF, 0x7D, 0x00, 0x82, 0xFF, 0xFF, 0xEC, 0x00, 0x00, 0x00, 0x36, 0xFF, 0xFF, 0xFF, 0xA0, 0x68, 0xA3, 0xFF, 0xFF, 0xFF, 0x1F, 0x00, 0x00, 0x69,
  0xFF, 0xFF, 0xFF, 0xFF, 0xFF, 0xFF, 0xFF, 0xFF, 0xFF, 0x51, 0x00, 0x00, 0x9C, 0xFF, 0xFF, 0xFF, 0xFF, 0xFF, 0xFF, 0xFF, 0xFF, 0xFF, 0x84, 0x00,
  0x00, 0xCF, 0xFF, 0xFF, 0xDF, 0x00, 0x00, 0x00, 0xDF, 0xFF, 0xFF, 0xB6, 0x00, 0x07, 0xFA, 0xFF, 0xFF, 0xAF, 0x00, 0x00, 0x00, 0xB3, 0xFF, 0xFF,
  0xE9, 0x00, 0x34, 0xFF, 0xFF, 0xFF, 0x7F, 0x00, 0x00, 0x00, 0x87, 0xFF, 0xFF, 0xFF, 0x1B, 0x67, 0xFF, 0xFF, 0xFF, 0x4F, 0x00, 0x00, 0x00, 0x5A,
  0xFF, 0xFF, 0xFF, 0x4E, 0x00, 0xFF, 0xFF, 0xFF, 0xFF, 0xFF, 0xF3, 0xDB, 0xB9, 0x68, 0x07, 0x00, 0x00, 0x00, 0x00, 0xFF, 0xFF, 0xFF, 0xFF, 0xFF,
  0xFF, 0xFF, 0xFF, 0xFF, 0xCB, 0x0E, 0x00, 0x00, 0x00, 0xFF, 0xFF, 0xFF, 0xC3, 0x6F, 0x8A, 0xE0, 0xFF, 0xFF, 0xFF, 0x8C, 0x00, 0x00, 0x00, 0xFF,
  0xFF, 0xFF, 0x98, 0x00, 0x00, 0x10, 0xE6, 0xFF, 0xFF, 0xDC, 0x00, 0x00, 0x00, 0xFF, 0xFF, 0xFF, 0x98, 0x00, 0x00, 0x00, 0xA3, 0xFF, 0xFF, 0xF8,
  0x00, 0x00, 0x00, 0xFF, 0xFF, 0xFF, 0x98, 0x00, 0x00, 0x00, 0xB0, 0xFF, 0xFF, 0xF2, 0x00, 0x00, 0x00, 0xFF, 0xFF, 0xFF, 0x98, 0x00, 0x00, 0x07,
  0xE3, 0xFF, 0xFF, 0xBE, 0x00, 0x00, 0x00, 0xFF, 0xFF, 0xFF, 0xC3, 0x6C, 0x7F, 0xD2, 0xFF, 0xFF, 0xF9, 0x3E, 0x00, 0x00, 0x00, 0xFF, 0xFF, 0xFF,
  0xFF, 0xFF, 0xFF, 0xFF, 0xFF, 0xE0, 0x3B, 0x00, 0x00, 0x00, 0x00, 0xFF, 0xFF, 0xFF, 0xFF, 0xFF, 0xFF, 0xFF, 0xFF, 0xFF, 0xEC, 0x43, 0x00, 0x00,
  0x00, 0xFF, 0xFF, 0xFF, 0x98, 0x00, 0x0F, 0x50, 0xE5, 0xFF, 0xFF, 0xEE, 0x0F, 0x00, 0x00, 0xFF, 0xFF, 0xFF, 0x98, 0x00, 0x00, 0x00, 0x53, 0xFF,
  0xFF, 0xFF, 0x5E, 0x00, 0x00, 0xFF, 0xFF, 0xFF, 0x98, 0x00, 0x00, 0x00, 0x12, 0xFF, 0xFF, 0xFF, 0x89, 0x00, 0x00, 0xFF, 0xFF, 0xFF, 0x98, 0x00,
  0x00, 0x00, 0x07, 0xFF, 0xFF, 0xFF, 0x92, 0x00, 0x00, 0xFF, 0xFF, 0xFF, 0x98, 0x00, 0x00, 0x00, 0x24, 0xFF, 0xFF, 0xFF, 0x80, 0x00, 0x00, 0xFF,
  0xFF, 0xFF, 0x98, 0x00, 0x00, 0x00, 0x89, 0xFF, 0xFF, 0xFF, 0x4D, 0x00, 0x00, 0xFF, 0xFF, 0xFF, 0xC3, 0x6C, 0x76, 0xAE, 0xFF, 0xFF, 0xFF, 0xE3,
  0x06, 0x00, 0x00, 0xFF, 0xFF, 0xFF, 0xFF, 0xFF, 0xFF, 0xFF, 0xFF, 0xFF, 0xF2, 0x3D, 0x00, 0x00, 0x00, 0xFF, 0xFF, 0xFF, 0xFF, 0xFF, 0xFF, 0xF5,
  0xD6, 0x92, 0x20, 0x00, 0x00, 0x00, 0x00, 0x00, 0x00, 0x53, 0xB7, 0xE3, 0xF9, 0xEB, 0xCB, 0x77, 0x09, 0x00, 0x00, 0x00, 0x00, 0x95, 0xFF, 0xFF,
  0xFF, 0xFF, 0xFF, 0xFF, 0xFF, 0xCD, 0x09, 0x00, 0x00, 0x45, 0xFF, 0xFF, 0xFF, 0xAE, 0x73, 0x9E, 0xFF, 0xFF, 0xFF, 0x7C, 0x00, 0x00, 0xA6, 0xFF,
  0xFF, 0xCF, 0x00, 0x00, 0x00, 0xC0, 0xFF, 0xFF, 0xCE, 0x00, 0x00, 0xDD, 0xFF, 0xFF, 0xA3, 0x00, 0x00, 0x00, 0x9F, 0xFF, 0xFF, 0xF1, 0x00, 0x00,
  0xF4, 0xFF, 0xFF, 0x98, 0x00, 0x00, 0x00, 0x98, 0xFF, 0xFF, 0xFF, 0x00, 0x00, 0xFF, 0xFF, 0xFF, 0x98, 0x00, 0x00, 0x00, 0x68, 0xB0, 0xB0, 0xB0,
  0x00, 0x00, 0xFF, 0xFF, 0xFF, 0x98, 0x00, 0x00, 0x00, 0x00, 0x00, 0x00, 0x00, 0x00, 0x00, 0xFF, 0xFF, 0xFF, 0x98, 0x00, 0x00, 0x00, 0x00, 0x00,
  0x00, 0x00, 0x00, 0x00, 0xFF, 0xFF, 0xFF, 0x98, 0x00, 0x00, 0x00, 0x00, 0x00, 0x00, 0x00, 0x00, 0x00, 0xFF, 0xFF, 0xFF, 0x98, 0x00, 0x00, 0x00,
  0x00, 0x00, 0x00, 0x00, 0x00, 0x00, 0xFF, 0xFF, 0xFF, 0x98, 0x00, 0x00, 0x00, 0x28, 0x44, 0x44, 0x44, 0x00, 0x00, 0xFF, 0xFF, 0xFF, 0x98, 0x00,
  0x00, 0x00, 0x98, 0xFF, 0xFF, 0xFF, 0x00, 0x00, 0xF4, 0xFF, 0xFF, 0x9A, 0x00, 0x00, 0x00, 0x9A, 0xFF, 0xFF, 0xFB, 0x00, 0x00, 0xDD, 0xFF, 0xFF,
  0xB2, 0x00, 0x00, 0x00, 0xAD, 0xFF, 0xFF, 0xE8, 0x00, 0x00, 0xA5, 0xFF, 0xFF, 0xF0, 0x22, 0x00, 0x17, 0xEA, 0xFF, 0xFF, 0xB8, 0x00, 0x00, 0x41,
  0xFF, 0xFF, 0xFF, 0xFA, 0xDE, 0xF7, 0xFF, 0xFF, 0xFF, 0x61, 0x00, 0x00, 0x00, 0x8E, 0xFF, 0xFF, 0xFF, 0xFF, 0xFF, 0xFF, 0xFF, 0xB5, 0x02, 0x00,
  0x00, 0x00, 0x00, 0x50, 0xB6, 0xE3, 0xF9, 0xEA, 0xC7, 0x6A, 0x04, 0x00, 0x00, 0x00, 0xFF, 0xFF, 0xFF, 0xFF, 0xFF, 0xF8, 0xE2, 0xB2, 0x55, 0x00,
  0x00, 0x00, 0x00, 0x00, 0xFF, 0xFF, 0xFF, 0xFF, 0xFF, 0xFF, 0xFF, 0xFF, 0xFF, 0xA5, 0x00, 0x00, 0x00, 0x00, 0xFF, 0xFF, 0xFF, 0xC3, 0x6D, 0x7E,
  0xCA, 0xFF, 0xFF, 0xFF, 0x59, 0x00, 0x00, 0x00, 0xFF, 0xFF, 0xFF, 0x98, 0x00, 0x00, 0x04, 0xDD, 0xFF, 0xFF, 0xB2, 0x00, 0x00, 0x00, 0xFF, 0xFF,
  0xFF, 0x98, 0x00, 0x00, 0x00, 0xA4, 0xFF, 0xFF, 0xE3, 0x00, 0x00, 0x00, 0xFF, 0xFF, 0xFF, 0x98, 0x00, 0x00, 0x00, 0x98, 0xFF, 0xFF, 0xF6, 0x00,
  0x00, 0x00, 0xFF, 0xFF, 0xFF, 0x98, 0x00, 0x00, 0x00, 0x98, 0xFF, 0xFF, 0xFF, 0x00, 0x00, 0x00, 0xFF, 0xFF, 0xFF, 0x98, 0x00, 0x00, 0x00, 0x98,
  0xFF, 0xFF, 0xFF, 0x00, 0x00, 0x00, 0xFF, 0xFF, 0xFF, 0x98, 0x00, 0x00, 0x00, 0x98, 0xFF, 0xFF, 0xFF, 0x00, 0x00, 0x00, 0xFF, 0xFF, 0xFF, 0x98,
  0x00, 0x00, 0x00, 0x98, 0xFF, 0xFF, 0xFF, 0x00, 0x00, 0x00, 0xFF, 0xFF, 0xFF, 0x98, 0x00, 0x00, 0x00, 0x98, 0xFF, 0xFF, 0xFF, 0x00, 0x00, 0x00,
  0xFF, 0xFF, 0xFF, 0x98, 0x00, 0x00, 0x00, 0x98, 0xFF, 0xFF, 0xFF, 0x00, 0x00, 0x00, 0xFF, 0xFF, 0xFF, 0x98, 0x00, 0x00, 0x00, 0x98, 0xFF, 0xFF,
  0xFF, 0x00, 0x00, 0x00, 0xFF, 0xFF, 0xFF, 0x98, 0x00, 0x00, 0x00, 0x99, 0xFF, 0xFF, 0xF3, 0x00, 0x00, 0x00, 0xFF, 0xFF, 0xFF, 0x98, 0x00, 0x00,
  0x00, 0xA8, 0xFF, 0xFF, 0xE0, 0x00, 0x00, 0x00, 0xFF, 0xFF, 0xFF, 0x98, 0x00, 0x00, 0x06, 0xE0, 0xFF, 0xFF, 0xAA, 0x00, 0x00, 0x00, 0xFF, 0xFF,
  0xFF, 0xC3, 0x6D, 0x7E, 0xCC, 0xFF, 0xFF, 0xFF, 0x50, 0x00, 0x00, 0x00, 0xFF, 0xFF, 0xFF, 0xFF, 0xFF, 0xFF, 0xFF, 0xFF, 0xFF, 0x9D, 0x00, 0x00,
  0x00, 0x00, 0xFF, 0xFF, 0xFF, 0xFF, 0xFF, 0xFA, 0xE4, 0xB4, 0x55, 0x00, 0x00, 0x00, 0x00, 0x00, 0xFF, 0xFF, 0xFF, 0xFF, 0xFF, 0xFF, 0xFF, 0xFF,
  0x80, 0x00, 0x00, 0xFF, 0xFF, 0xFF, 0xFF, 0xFF, 0xFF, 0xFF, 0xFF, 0x80, 0x00, 0x00, 0xFF, 0xFF, 0xFF, 0xC3, 0x6C, 0x6C, 0x6C, 0x6C, 0x36, 0x00,
  0x00, 0xFF, 0xFF, 0xFF, 0x98, 0x00, 0x00, 0x00, 0x00, 0x00, 0x00, 0x00, 0xFF, 0xFF, 0xFF, 0x98, 0x00, 0x00, 0x00, 0x00, 0x00, 0x00, 0x00, 0xFF,
  0xFF, 0xFF, 0x98, 0x00, 0x00, 0x00, 0x00, 0x00, 0x00, 0x00, 0xFF, 0xFF, 0xFF, 0x98, 0x00, 0x00, 0x00, 0x00, 0x00, 0x00, 0x00, 0xFF, 0xFF, 0xFF,
  0xC3, 0x6C, 0x6C, 0x6C, 0x36, 0x00, 0x00, 0x00, 0xFF, 0xFF, 0xFF, 0xFF, 0xFF, 0xFF, 0xFF, 0x80, 0x00, 0x00, 0x00, 0xFF, 0xFF, 0xFF, 0xFF, 0xFF,
  0xFF, 0xFF, 0x80, 0x00, 0x00, 0x00, 0xFF, 0xFF, 0xFF, 0x98, 0x00, 0x00, 0x00, 0x00, 0x00, 0x00, 0x00, 0xFF, 0xFF, 0xFF, 0x98, 0x00, 0x00, 0x00,
  0x00, 0x00, 0x00, 0x00, 0xFF, 0xFF, 0xFF, 0x98, 0x00, 0x00, 0x00, 0x00, 0x00, 0x00, 0x00, 0xFF, 0xFF, 0xFF, 0x98, 0x00, 0x00, 0x00, 0x00, 0x00,
  0x00, 0x00, 0xFF, 0xFF, 0xFF, 0x98, 0x00, 0x00, 0x00, 0x00, 0x00, 0x00, 0x00, 0xFF, 0xFF, 0xFF, 0x98, 0x00, 0x00, 0x00, 0x00, 0x00, 0x00, 0x00,
  0xFF, 0xFF, 0xFF, 0xC3, 0x6C, 0x6C, 0x6C, 0x6C, 0x36, 0x00, 0x00, 0xFF, 0xFF, 0xFF, 0xFF, 0xFF, 0xFF, 0xFF, 0xFF, 0x80, 0x00, 0x00, 0xFF, 0xFF,
  0xFF, 0xFF, 0xFF, 0xFF, 0xFF, 0xFF, 0x80, 0x00, 0x00, 0xFF, 0xFF, 0xFF, 0xFF, 0xFF, 0xFF, 0xFF, 0xFF, 0x00, 0x00, 0xFF, 0xFF, 0xFF, 0xFF, 0xFF,
  0xFF, 0xFF, 0xFF, 0x00, 0x00, 0xFF, 0xFF, 0xFF, 0xC3, 0x6C, 0x6C, 0x6C, 0x6C, 0x00, 0x00, 0xFF, 0xFF, 0xFF, 0x98, 0x00, 0x00, 0x00, 0x00, 0x00,
  0x00, 0xFF, 0xFF, 0xFF, 0x98, 0x00, 0x00, 0x00, 0x00, 0x00, 0x00, 0xFF, 0xFF, 0xFF, 0x98, 0x00, 0x00, 0x00, 0x00, 0x00, 0x00, 0xFF, 0xFF, 0xFF,
  0x98, 0x00, 0x00, 0x00, 0x00, 0x00, 0x00, 0xFF, 0xFF, 0xFF, 0xC3, 0x6C, 0x6C, 0x6C, 0x36, 0x00, 0x00, 0xFF, 0xFF, 0xFF, 0xFF, 0xFF, 0xFF, 0xFF,
  0x80, 0x00, 0x00, 0xFF, 0xFF, 0xFF, 0xFF, 0xFF, 0xFF, 0xFF, 0x80, 0x00, 0x00, 0xFF, 0xFF, 0xFF, 0x98, 0x00, 0x00, 0x00, 0x00, 0x00, 0x00, 0xFF,
  0xFF, 0xFF, 0x98, 0x00, 0x00, 0x00, 0x00, 0x00, 0x00, 0xFF, 0xFF, 0xFF, 0x98, 0x00, 0x00, 0x00, 0x00, 0x00, 0x00, 0xFF, 0xFF, 0xFF, 0x98, 0x00,
  0x00, 0x00, 0x00, 0x00, 0x00, 0xFF, 0xFF, 0xFF, 0x98, 0x00, 0x00, 0x00, 0x00, 0x00, 0x00, 0xFF, 0xFF, 0xFF, 0x98, 0x00, 0x00, 0x00, 0x00, 0x00,
  0x00, 0xFF, 0xFF, 0xFF, 0x98, 0x00, 0x00, 0x00, 0x00, 0x00, 0x00, 0xFF, 0xFF, 0xFF, 0x98, 0x00, 0x00, 0x00, 0x00, 0x00, 0x00, 0xFF, 0xFF, 0xFF,
  0x98, 0x00, 0x00, 0x00, 0x00, 0x00, 0x00, 0x00, 0x00, 0x51, 0xB7, 0xE3, 0xF9, 0xEB, 0xC8, 0x75, 0x08, 0x00, 0x00, 0x00, 0x00, 0x00, 0x8F, 0xFF,
  0xFF, 0xFF, 0xFF, 0xFF, 0xFF, 0xFF, 0xCE, 0x0A, 0x00, 0x00, 0x00, 0x3F, 0xFF, 0xFF, 0xFF, 0xB3, 0x73, 0xA0, 0xFF, 0xFF, 0xFF, 0x81, 0x00, 0x00,
  0x00, 0xA2, 0xFF, 0xFF, 0xD6, 0x02, 0x00, 0x00, 0xC1, 0xFF, 0xFF, 0xD3, 0x00, 0x00, 0x00, 0xD9, 0xFF, 0xFF, 0xA6, 0x00, 0x00, 0x00, 0x9E, 0xFF,
  0xFF, 0xF4, 0x00, 0x00, 0x00, 0xF1, 0xFF, 0xFF, 0x98, 0x00, 0x00, 0x00, 0x98, 0xFF, 0xFF, 0xFF, 0x00, 0x00, 0x00, 0xFE, 0xFF, 0xFF, 0x98, 0x00,
  0x00, 0x00, 0x00, 0x00, 0x00, 0x00, 0x00, 0x00, 0x00, 0xFF, 0xFF, 0xFF, 0x98, 0x00, 0x00, 0x00, 0x00, 0x00, 0x00, 0x00, 0x00, 0x00, 0x00, 0xFF,
  0xFF, 0xFF, 0x98, 0x00, 0x25, 0x6C, 0x6C, 0x6C, 0x6C, 0x6C, 0x00, 0x00, 0x00, 0xFF, 0xFF, 0xFF, 0x98, 0x00, 0x58, 0xFF, 0xFF, 0xFF, 0xFF, 0xFF,
  0x00, 0x00, 0x00, 0xFF, 0xFF, 0xFF, 0x98, 0x00, 0x58, 0xFF, 0xFF, 0xFF, 0xFF, 0xFF, 0x00, 0x00, 0x00, 0xFF, 0xFF, 0xFF, 0x98, 0x00, 0x00, 0x00,
  0x98, 0xFF, 0xFF, 0xFF, 0x00, 0x00, 0x00, 0xFE, 0xFF, 0xFF, 0x98, 0x00, 0x00, 0x00, 0x98, 0xFF, 0xFF, 0xFF, 0x00, 0x00, 0x00, 0xF1, 0xFF, 0xFF,
  0x98, 0x00, 0x00, 0x00, 0x9E, 0xFF, 0xFF, 0xFF, 0x00, 0x00, 0x00, 0xD9, 0xFF, 0xFF, 0xAB, 0x00, 0x00, 0x00, 0xB7, 0xFF, 0xFF, 0xFF, 0x00, 0x00,
  0x00, 0xA4, 0xFF, 0xFF, 0xDB, 0x02, 0x00, 0x09, 0xEB, 0xFF, 0xFF, 0xFF, 0x00, 0x00, 0x00, 0x46, 0xFF, 0xFF, 0xFF, 0xB1, 0x74, 0xC2, 0xFF, 0xFF,
  0xFF, 0xFF, 0x00, 0x00, 0x00, 0x00, 0xA2, 0xFF, 0xFF, 0xFF, 0xFF, 0xFF, 0xF2, 0xE1, 0xFF, 0xFF, 0x00, 0x00, 0x00, 0x00, 0x03, 0x69, 0xCB, 0xEF,
  0xF5, 0xC3, 0x37, 0xAA, 0xFF, 0xFF, 0x00, 0x00, 0x00, 0x00, 0xFF, 0xFF, 0xFF, 0x98, 0x00, 0x00, 0x00, 0x98, 0xFF, 0xFF, 0xFF, 0x00, 0x00, 0x00,
  0xFF, 0xFF, 0xFF, 0x98, 0x00, 0x00, 0x00, 0x98, 0xFF, 0xFF, 0xFF, 0x00, 0x00, 0x00, 0xFF, 0xFF, 0xFF, 0x98, 0x00, 0x00, 0x00, 0x98, 0xFF, 0xFF,
  0xFF, 0x00, 0x00, 0x00, 0xFF, 0xFF, 0xFF, 0x98, 0x00, 0x00, 0x00, 0x98, 0xFF, 0xFF, 0xFF, 0x00, 0x00, 0x00, 0xFF, 0xFF, 0xFF, 0x98, 0x00, 0x00,
  0x00, 0x98, 0xFF, 0xFF, 0xFF, 0x00, 0x00, 0x00, 0xFF, 0xFF, 0xFF, 0x98, 0x00, 0x00, 0x00, 0x98, 0xFF, 0xFF, 0xFF, 0x00, 0x00, 0x00, 0xFF, 0xFF,
  0xFF, 0x98, 0x00, 0x00, 0x00, 0x98, 0xFF, 0xFF, 0xFF, 0x00, 0x00, 0x00, 0xFF, 0xFF, 0xFF, 0x98, 0x00, 0x00, 0x00, 0x98, 0xFF, 0xFF, 0xFF, 0x00,
  0x00, 0x00, 0xFF, 0xFF, 0xFF, 0xFF, 0xFF, 0xFF, 0xFF, 0xFF, 0xFF, 0xFF, 0xFF, 0x00, 0x00, 0x00, 0xFF, 0xFF, 0xFF, 0xFF, 0xFF, 0xFF, 0xFF, 0xFF,
  0xFF, 0xFF, 0xFF, 0x00, 0x00, 0x00, 0xFF, 0xFF, 0xFF, 0xC3, 0x6C, 0x6C, 0x6C, 0xC3, 0xFF, 0xFF, 0xFF, 0x00, 0x00, 0x00, 0xFF, 0xFF, 0xFF, 0x98,
  0x00, 0x00, 0x00, 0x98, 0xFF, 0xFF, 0xFF, 0x00, 0x00, 0x00, 0xFF, 0xFF, 0xFF, 0x98, 0x00, 0x00, 0x00, 0x98, 0xFF, 0xFF, 0xFF, 0x00, 0x00, 0x00,
  0xFF, 0xFF, 0xFF, 0x98, 0x00, 0x00, 0x00, 0x98, 0xFF, 0xFF, 0xFF, 0x00, 0x00, 0x00, 0xFF, 0xFF, 0xFF, 0x98, 0x00, 0x00, 0x00, 0x98, 0xFF, 0xFF,
  0xFF, 0x00, 0x00, 0x00, 0xFF, 0xFF, 0xFF, 0x98, 0x00, 0x00, 0x00, 0x98, 0xFF, 0xFF, 0xFF, 0x00, 0x00, 0x00, 0xFF, 0xFF, 0xFF, 0x98, 0x00, 0x00,
  0x00, 0x98, 0xFF, 0xFF, 0xFF, 0x00, 0x00, 0x00, 0xFF, 0xFF, 0xFF, 0x98, 0x00, 0x00, 0x00, 0x98, 0xFF, 0xFF, 0xFF, 0x00, 0x00, 0x00, 0xFF, 0xFF,
  0xFF, 0x98, 0x00, 0x00, 0x00, 0x98, 0xFF, 0xFF, 0xFF, 0x00, 0x00, 0x00, 0xFF, 0xFF, 0xFF, 0x98, 0x00, 0x00, 0x00, 0xFF, 0xFF, 0xFF, 0x98, 0x00,
  0x00, 0x00, 0xFF, 0xFF, 0xFF, 0x98, 0x00, 0x00, 0x00, 0xFF, 0xFF, 0xFF, 0x98, 0x00, 0x00, 0x00, 0xFF, 0xFF, 0xFF, 0x98, 0x00, 0x00, 0x00, 0xFF,
  0xFF, 0xFF, 0x98, 0x00, 0x00, 0x00, 0xFF, 0xFF, 0xFF, 0x98, 0x00, 0x00, 0x00, 0xFF, 0xFF, 0xFF, 0x98, 0x00, 0x00, 0x00, 0xFF, 0xFF, 0xFF, 0x98,
  0x00, 0x00, 0x00, 0xFF, 0xFF, 0xFF, 0x98, 0x00, 0x00, 0x00, 0xFF, 0xFF, 0xFF, 0x98, 0x00, 0x00, 0x00, 0xFF, 0xFF, 0xFF, 0x98, 0x00, 0x00, 0x00,
  0xFF, 0xFF, 0xFF, 0x98, 0x00, 0x00, 0x00, 0xFF, 0xFF, 0xFF, 0x98, 0x00, 0x00, 0x00, 0xFF, 0xFF, 0xFF, 0x98, 0x00, 0x00, 0x00, 0xFF, 0xFF, 0xFF,
  0x98, 0x00, 0x00, 0x00, 0xFF, 0xFF, 0xFF, 0x98, 0x00, 0x00, 0x00, 0xFF, 0xFF, 0xFF, 0x98, 0x00, 0x00, 0x00, 0xFF, 0xFF, 0xFF, 0x98, 0x00, 0x00,
  0x00, 0x00, 0xFF, 0xFF, 0xFF, 0x98, 0x00, 0x00, 0x00, 0x00, 0xFF, 0xFF, 0xFF, 0x98, 0x00, 0x00, 0x00, 0x00, 0xFF, 0xFF, 0xFF, 0x98, 0x00, 0x00,
  0x00, 0x00, 0xFF, 0xFF, 0xFF, 0x98, 0x00, 0x00, 0x00, 0x00, 0xFF, 0xFF, 0xFF, 0x98, 0x00, 0x00, 0x00, 0x00, 0xFF, 0xFF, 0xFF, 0x98, 0x00, 0x00,
  0x00, 0x00, 0xFF, 0xFF, 0xFF, 0x98, 0x00, 0x00, 0x00, 0x00, 0xFF, 0xFF, 0xFF, 0x98, 0x00, 0x00, 0x00, 0x00, 0xFF, 0xFF, 0xFF, 0x98, 0x00, 0x00,
  0x00, 0x00, 0xFF, 0xFF, 0xFF, 0x98, 0x00, 0x00, 0x00, 0x00, 0xFF, 0xFF, 0xFF, 0x98, 0x00, 0x00, 0x00, 0x00, 0xFF, 0xFF, 0xFF, 0x98, 0x00, 0x00,
  0x00, 0x00, 0xFF, 0xFF, 0xFF, 0x98, 0x00, 0x00, 0x00, 0x00, 0xFF, 0xFF, 0xFF, 0x98, 0x00, 0x00, 0x00, 0x00, 0xFF, 0xFF, 0xFF, 0x98, 0x00, 0x00,
  0x00, 0x13, 0xFF, 0xFF, 0xFF, 0x8F, 0x00, 0x02, 0x14, 0x8B, 0xFF, 0xFF, 0xFF, 0x78, 0x00, 0x80, 0xFF, 0xFF, 0xFF, 0xFF, 0xFF, 0x3C, 0x00, 0x80,
  0xFF, 0xFF, 0xFF, 0xFF, 0xB4, 0x00, 0x00, 0x62, 0xC4, 0xBF, 0xA9, 0x65, 0x05, 0x00, 0x00, 0x00, 0xFF, 0xFF, 0xFF, 0x98, 0x00, 0x00, 0x22, 0xFD,
  0xFF, 0xFF, 0xB8, 0x00, 0x00, 0xFF, 0xFF, 0xFF, 0x98, 0x00, 0x00, 0x90, 0xFF, 0xFF, 0xFF, 0x4B, 0x00, 0x00, 0xFF, 0xFF, 0xFF, 0x98, 0x00, 0x0D,
  0xF1, 0xFF, 0xFF, 0xDC, 0x02, 0x00, 0x00, 0xFF, 0xFF, 0xFF, 0x98, 0x00, 0x70, 0xFF, 0xFF, 0xFF, 0x71, 0x00, 0x00, 0x00, 0xFF, 0xFF, 0xFF, 0x98,
  0x02, 0xDC, 0xFF, 0xFF, 0xF4, 0x10, 0x00, 0x00, 0x00, 0xFF, 0xFF, 0xFF, 0x98, 0x4F, 0xFF, 0xFF, 0xFF, 0x96, 0x00, 0x00, 0x00, 0x00, 0xFF, 0xFF,
  0xFF, 0x98, 0xBF, 0xFF, 0xFF, 0xFF, 0x2A, 0x00, 0x00, 0x00, 0x00, 0xFF, 0xFF, 0xFF, 0xC7, 0xFF, 0xFF, 0xFF, 0xBC, 0x00, 0x00, 0x00, 0x00, 0x00,
  0xFF, 0xFF, 0xFF, 0xFF, 0xFF, 0xFF, 0xFF, 0x65, 0x00, 0x00, 0x00, 0x00, 0x00, 0xFF, 0xFF, 0xFF, 0xFF, 0xFF, 0xFF, 0xFF, 0xA8, 0x00, 0x00, 0x00,
  0x00, 0x00, 0xFF, 0xFF, 0xFF, 0xFE, 0xE1, 0xFF, 0xFF, 0xF7, 0x10, 0x00, 0x00, 0x00, 0x00, 0xFF, 0xFF, 0xFF, 0xAF, 0x6D, 0xFF, 0xFF, 0xFF, 0x67,
  0x00, 0x00, 0x00, 0x00, 0xFF, 0xFF, 0xFF, 0x98, 0x16, 0xFC, 0xFF, 0xFF, 0xC6, 0x00, 0x00, 0x00, 0x00, 0xFF, 0xFF, 0xFF, 0x98, 0x00, 0xB8, 0xFF,
  0xFF, 0xFF, 0x26, 0x00, 0x00, 0x00, 0xFF, 0xFF, 0xFF, 0x98, 0x00, 0x5E, 0xFF, 0xFF, 0xFF, 0x85, 0x00, 0x00, 0x00, 0xFF, 0xFF, 0xFF, 0x98, 0x00,
  0x0D, 0xF6, 0xFF, 0xFF, 0xE2, 0x02, 0x00, 0x00, 0xFF, 0xFF, 0xFF, 0x98, 0x00, 0x00, 0xAA, 0xFF, 0xFF, 0xFF, 0x44, 0x00, 0x00, 0xFF, 0xFF, 0xFF,
  0x98, 0x00, 0x00, 0x50, 0xFF, 0xFF, 0xFF, 0xA4, 0x00, 0x00, 0xFF, 0xFF, 0xFF, 0x98, 0x00, 0x00, 0x06, 0xEE, 0xFF, 0xFF, 0xF5, 0x0E, 0x00, 0xFF,
  0xFF, 0xFF, 0x98, 0x00, 0x00, 0x00, 0x00, 0x00, 0x00, 0xFF, 0xFF, 0xFF, 0x98, 0x00, 0x00, 0x00, 0x00, 0x00, 0x00, 0xFF, 0xFF, 0xFF, 0x98, 0x00,
  0x00, 0x00, 0x00, 0x00, 0x00, 0xFF, 0xFF, 0xFF, 0x98, 0x00, 0x00, 0x00, 0x00, 0x00, 0x00, 0xFF, 0xFF, 0xFF, 0x98, 0x00, 0x00, 0x00, 0x00, 0x00,
  0x00, 0xFF, 0xFF, 0xFF, 0x98, 0x00, 0x00, 0x00, 0x00, 0x00, 0x00, 0xFF, 0xFF, 0xFF, 0x98, 0x00, 0x00, 0x00, 0x00, 0x00, 0x00, 0xFF, 0xFF, 0xFF,
  0x98, 0x00, 0x00, 0x00, 0x00, 0x00, 0x00, 0xFF, 0xFF, 0xFF, 0x98, 0x00, 0x00, 0x00, 0x00, 0x00, 0x00, 0xFF, 0xFF, 0xFF, 0x98, 0x00, 0x00, 0x00,
  0x00, 0x00, 0x00, 0xFF, 0xFF, 0xFF, 0x98, 0x00, 0x00, 0x00, 0x00, 0x00, 0x00, 0xFF, 0xFF, 0xFF, 0x98, 0x00, 0x00, 0x00, 0x00, 0x00, 0x00, 0xFF,
  0xFF, 0xFF, 0x98, 0x00, 0x00, 0x00, 0x00, 0x00, 0x00, 0xFF, 0xFF, 0xFF, 0x98, 0x00, 0x00, 0x00, 0x00, 0x00, 0x00, 0xFF, 0xFF, 0xFF, 0x98, 0x00,
  0x00, 0x00, 0x00, 0x00, 0x00, 0xFF, 0xFF, 0xFF, 0x98, 0x00, 0x00, 0x00, 0x00, 0x00, 0x00, 0xFF, 0xFF, 0xFF, 0xDD, 0xAC, 0xAC, 0xAC, 0xAC, 0x56,
  0x00, 0xFF, 0xFF, 0xFF, 0xFF, 0xFF, 0xFF, 0xFF, 0xFF, 0x80, 0x00, 0xFF, 0xFF, 0xFF, 0xFF, 0xFF, 0xFF, 0xFF, 0xFF, 0x80, 0x00, 0x00, 0xFF, 0xFF,
  0xFF, 0xFF, 0x8A, 0x00, 0x00, 0x00, 0x00, 0x81, 0xFF, 0xFF, 0xFF, 0xE4, 0x00, 0x00, 0x00, 0xFF, 0xFF, 0xFF, 0xFF, 0xBF, 0x00, 0x00, 0x00, 0x00,
  0xBA, 0xFF, 0xFF, 0xFF, 0xE4, 0x00, 0x00, 0x00, 0xFF, 0xFF, 0xFF, 0xFF, 0xF2, 0x02, 0x00, 0x00, 0x02, 0xF0, 0xFF, 0xFF, 0xFF, 0xE4, 0x00, 0x00,
  0x00, 0xFF, 0xFF, 0xFF, 0xFF, 0xFF, 0x2A, 0x00, 0x00, 0x2C, 0xFF, 0xFF, 0xFF, 0xFF, 0xE4, 0x00, 0x00, 0x00, 0xFF, 0xFF, 0xFF, 0xFF, 0xFF, 0x60,
  0x00, 0x00, 0x65, 0xFF, 0xFF, 0xFF, 0xFF, 0xE4, 0x00, 0x00, 0x00, 0xFF, 0xFF, 0xFF, 0xFF, 0xFF, 0x95, 0x00, 0x00, 0x9E, 0xFF, 0xFF, 0xFF, 0xFF,
  0xE4, 0x00, 0x00, 0x00, 0xFF, 0xFF, 0xE8, 0xFD, 0xFF, 0xCA, 0x00, 0x00, 0xD7, 0xFF, 0xEB, 0xFF, 0xFF, 0xE4, 0x00, 0x00, 0x00, 0xFF, 0xFF, 0xDC,
  0xD2, 0xFF, 0xF9, 0x06, 0x11, 0xFE, 0xFF, 0xB5, 0xFF, 0xFF, 0xE4, 0x00, 0x00, 0x00, 0xFF, 0xFF, 0xDC, 0x9A, 0xFF, 0xFF, 0x35, 0x49, 0xFF, 0xFF,
  0x7F, 0xFF, 0xFF, 0xE4, 0x00, 0x00, 0x00, 0xFF, 0xFF, 0xDC, 0x62, 0xFF, 0xFF, 0x6B, 0x82, 0xFF, 0xFF, 0x49, 0xFF, 0xFF, 0xE4, 0x00, 0x00, 0x00,
  0xFF, 0xFF, 0xDC, 0x2A, 0xFF, 0xFF, 0xA0, 0xBB, 0xFF, 0xFF, 0x13, 0xFF, 0xFF, 0xE4, 0x00, 0x00, 0x00, 0xFF, 0xFF, 0xDC, 0x01, 0xEF, 0xFF, 0xD8,
  0xF1, 0xFF, 0xDD, 0x00, 0xFF, 0xFF, 0xE4, 0x00, 0x00, 0x00, 0xFF, 0xFF, 0xDC, 0x00, 0xB9, 0xFF, 0xFF, 0xFF, 0xFF, 0xA7, 0x00, 0xFF, 0xFF, 0xE4,
  0x00, 0x00, 0x00, 0xFF, 0xFF, 0xDC, 0x00, 0x81, 0xFF, 0xFF, 0xFF, 0xFF, 0x71, 0x00, 0xFF, 0xFF, 0xE4, 0x00, 0x00, 0x00, 0xFF, 0xFF, 0xDC, 0x00,
  0x49, 0xFF, 0xFF, 0xFF, 0xFF, 0x3B, 0x00, 0xFF, 0xFF, 0xE4, 0x00, 0x00, 0x00, 0xFF, 0xFF, 0xDC, 0x00, 0x11, 0xFE, 0xFF, 0xFF, 0xFB, 0x09, 0x00,
  0xFF, 0xFF, 0xE4, 0x00, 0x00, 0x00, 0xFF, 0xFF, 0xDC, 0x00, 0x00, 0xD9, 0xFF, 0xFF, 0xCF, 0x00, 0x00, 0xFF, 0xFF, 0xE4, 0x00, 0x00, 0x00, 0xFF,
  0xFF, 0xDC, 0x00, 0x00, 0xA1, 0xFF, 0xFF, 0x99, 0x00, 0x00, 0xFF, 0xFF, 0xE4, 0x00, 0x00, 0x00, 0xFF, 0xFF, 0xDC, 0x00, 0x00, 0x68, 0xFF, 0xFF,
  0x63, 0x00, 0x00, 0xFF, 0xFF, 0xE4, 0x00, 0x00, 0xFF, 0xFF, 0xFE, 0x25, 0x00, 0x00, 0x00, 0xFF, 0xFF, 0xFF, 0x98, 0x00, 0x00, 0xFF, 0xFF, 0xFF,
  0x8C, 0x00, 0x00, 0x00, 0xFF, 0xFF, 0xFF, 0x98, 0x00, 0x00, 0xFF, 0xFF, 0xFF, 0xED, 0x08, 0x00, 0x00, 0xFF, 0xFF, 0xFF, 0x98, 0x00, 0x00, 0xFF,
  0xFF, 0xFF, 0xFF, 0x5E, 0x00, 0x00, 0xFF, 0xFF, 0xFF, 0x98, 0x00, 0x00, 0xFF, 0xFF, 0xFF, 0xFF, 0xC7, 0x00, 0x00, 0xFF, 0xFF, 0xFF, 0x98, 0x00,
  0x00, 0xFF, 0xFF, 0xFF, 0xFF, 0xFF, 0x30, 0x00, 0xFF, 0xFF, 0xFF, 0x98, 0x00, 0x00, 0xFF, 0xFF, 0xFF, 0xFF, 0xFF, 0x99, 0x00, 0xFF, 0xFF, 0xFF,
  0x98, 0x00, 0x00, 0xFF, 0xFF, 0xFF, 0xFF, 0xFF, 0xF4, 0x0E, 0xFF, 0xFF, 0xFF, 0x98, 0x00, 0x00, 0xFF, 0xFF, 0xFF, 0xF2, 0xFF, 0xFF, 0x6B, 0xFF,
  0xFF, 0xFF, 0x98, 0x00, 0x00, 0xFF, 0xFF, 0xFF, 0xA6, 0xF4, 0xFF, 0xD4, 0xFF, 0xFF, 0xFF, 0x98, 0x00, 0x00, 0xFF, 0xFF, 0xFF, 0x98, 0x9F, 0xFF,
  0xFF, 0xFF, 0xFF, 0xFF, 0x98, 0x00, 0x00, 0xFF, 0xFF, 0xFF, 0x98, 0x3C, 0xFF, 0xFF, 0xFF, 0xFF, 0xFF, 0x98, 0x00, 0x00, 0xFF, 0xFF, 0xFF, 0x98,
  0x00, 0xD7, 0xFF, 0xFF, 0xFF, 0xFF, 0x98, 0x00, 0x00, 0xFF, 0xFF, 0xFF, 0x98, 0x00, 0x74, 0xFF, 0xFF, 0xFF, 0xFF, 0x98, 0x00, 0x00, 0xFF, 0xFF,
  0xFF, 0x98, 0x00, 0x16, 0xFA, 0xFF, 0xFF, 0xFF, 0x98, 0x00, 0x00, 0xFF, 0xFF, 0xFF, 0x98, 0x00, 0x00, 0xAD, 0xFF, 0xFF, 0xFF, 0x98, 0x00, 0x00,
  0xFF, 0xFF, 0xFF, 0x98, 0x00, 0x00, 0x49, 0xFF, 0xFF, 0xFF, 0x98, 0x00, 0x00, 0xFF, 0xFF, 0xFF, 0x98, 0x00, 0x00, 0x02, 0xE2, 0xFF, 0xFF, 0x98,
  0x00, 0x00, 0xFF, 0xFF, 0xFF, 0x98, 0x00, 0x00, 0x00, 0x82, 0xFF, 0xFF, 0x98, 0x00, 0x00, 0x00, 0x01, 0x5E, 0xBE, 0xE6, 0xF9, 0xE6, 0xBD, 0x5C,
  0x00, 0x00, 0x00, 0x00, 0x00, 0x00, 0xA4, 0xFF, 0xFF, 0xFF, 0xFF, 0xFF, 0xFF, 0xFF, 0xA0, 0x00, 0x00, 0x00, 0x00, 0x50, 0xFF, 0xFF, 0xFF, 0xAF,
  0x73, 0xAD, 0xFF, 0xFF, 0xFF, 0x4F, 0x00, 0x00, 0x00, 0xAC, 0xFF, 0xFF, 0xD9, 0x03, 0x00, 0x00, 0xD2, 0xFF, 0xFF, 0xAB, 0x00, 0x00, 0x00, 0xE1,
  0xFF, 0xFF, 0xA3, 0x00, 0x00, 0x00, 0xA4, 0xFF, 0xFF, 0xE1, 0x00, 0x00, 0x00, 0xF6, 0xFF, 0xFF, 0x98, 0x00, 0x00, 0x00, 0x98, 0xFF, 0xFF, 0xF5,
  0x00, 0x00, 0x00, 0xFF, 0xFF, 0xFF, 0x98, 0x00, 0x00, 0x00, 0x98, 0xFF, 0xFF, 0xFF, 0x00, 0x00, 0x00, 0xFF, 0xFF, 0xFF, 0x98, 0x00, 0x00, 0x00,
  0x98, 0xFF, 0xFF, 0xFF, 0x00, 0x00, 0x00, 0xFF, 0xFF, 0xFF, 0x98, 0x00, 0x00, 0x00, 0x98, 0xFF, 0xFF, 0xFF, 0x00, 0x00, 0x00, 0xFF, 0xFF, 0xFF,
  0x98, 0x00, 0x00, 0x00, 0x98, 0xFF, 0xFF, 0xFF, 0x00, 0x00, 0x00, 0xFF, 0xFF, 0xFF, 0x98, 0x00, 0x00, 0x00, 0x98, 0xFF, 0xFF, 0xFF, 0x00, 0x00,
  0x00, 0xFF, 0xFF, 0xFF, 0x98, 0x00, 0x00, 0x00, 0x98, 0xFF, 0xFF, 0xFF, 0x00, 0x00, 0x00, 0xFF, 0xFF, 0xFF, 0x98, 0x00, 0x00, 0x00, 0x98, 0xFF,
  0xFF, 0xFF, 0x00, 0x00, 0x00, 0xF5, 0xFF, 0xFF, 0x98, 0x00, 0x00, 0x00, 0x98, 0xFF, 0xFF, 0xF4, 0x00, 0x00, 0x00, 0xDF, 0xFF, 0xFF, 0xA2, 0x00,
  0x00, 0x00, 0xA5, 0xFF, 0xFF, 0xDF, 0x00, 0x00, 0x00, 0xA9, 0xFF, 0xFF, 0xCE, 0x00, 0x00, 0x00, 0xD2, 0xFF, 0xFF, 0xA8, 0x00, 0x00, 0x00, 0x4A,
  0xFF, 0xFF, 0xFF, 0xA9, 0x73, 0xAD, 0xFF, 0xFF, 0xFF, 0x4A, 0x00, 0x00, 0x00, 0x00, 0x9C, 0xFF, 0xFF, 0xFF, 0xFF, 0xFF, 0xFF, 0xFF, 0x9A, 0x00,
  0x00, 0x00, 0x00, 0x00, 0x00, 0x5B, 0xBE, 0xE7, 0xF9, 0xE6, 0xBC, 0x59, 0x00, 0x00, 0x00, 0x00, 0x00, 0xFF, 0xFF, 0xFF, 0xFF, 0xFF, 0xFF, 0xF4,
  0xD5, 0x81, 0x0A, 0x00, 0x00, 0x00, 0xFF, 0xFF, 0xFF, 0xFF, 0xFF, 0xFF, 0xFF, 0xFF, 0xFF, 0xCC, 0x07, 0x00, 0x00, 0xFF, 0xFF, 0xFF, 0xC3, 0x6C,
  0x76, 0xBF, 0xFF, 0xFF, 0xFF, 0x74, 0x00, 0x00, 0xFF, 0xFF, 0xFF, 0x98, 0x00, 0x00, 0x02, 0xD7, 0xFF, 0xFF, 0xC8, 0x00, 0x00, 0xFF, 0xFF, 0xFF,
  0x98, 0x00, 0x00, 0x00, 0xA2, 0xFF, 0xFF, 0xEE, 0x00, 0x00, 0xFF, 0xFF, 0xFF, 0x98, 0x00, 0x00, 0x00, 0x9C, 0xFF, 0xFF, 0xF8, 0x00, 0x00, 0xFF,
  0xFF, 0xFF, 0x98, 0x00, 0x00, 0x00, 0xB8, 0xFF, 0xFF, 0xDF, 0x00, 0x00, 0xFF, 0xFF, 0xFF, 0x98, 0x00, 0x09, 0x53, 0xFB, 0xFF, 0xFF, 0xA1, 0x00,
  0x00, 0xFF, 0xFF, 0xFF, 0xFF, 0xFF, 0xFF, 0xFF, 0xFF, 0xFF, 0xF4, 0x2C, 0x00, 0x00, 0xFF, 0xFF, 0xFF, 0xFF, 0xFF, 0xFF, 0xFF, 0xFF, 0xD6, 0x3D,
  0x00, 0x00, 0x00, 0xFF, 0xFF, 0xFF, 0xC3, 0x6C, 0x69, 0x58, 0x2C, 0x01, 0x00, 0x00, 0x00, 0x00, 0xFF, 0xFF, 0xFF, 0x98, 0x00, 0x00, 0x00, 0x00,
  0x00, 0x00, 0x00, 0x00, 0x00, 0xFF, 0xFF, 0xFF, 0x98, 0x00, 0x00, 0x00, 0x00, 0x00, 0x00, 0x00, 0x00, 0x00, 0xFF, 0xFF, 0xFF, 0x98, 0x00, 0x00,
  0x00, 0x00, 0x00, 0x00, 0x00, 0x00, 0x00, 0xFF, 0xFF, 0xFF, 0x98, 0x00, 0x00, 0x00, 0x00, 0x00, 0x00, 0x00, 0x00, 0x00, 0xFF, 0xFF, 0xFF, 0x98,
  0x00, 0x00, 0x00, 0x00, 0x00, 0x00, 0x00, 0x00, 0x00, 0xFF, 0xFF, 0xFF, 0x98, 0x00, 0x00, 0x00, 0x00, 0x00, 0x00, 0x00, 0x00, 0x00, 0xFF, 0xFF,
  0xFF, 0x98, 0x00, 0x00, 0x00, 0x00, 0x00, 0x00, 0x00, 0x00, 0x00, 0xFF, 0xFF, 0xFF, 0x98, 0x00, 0x00, 0x00, 0x00, 0x00, 0x00, 0x00, 0x00, 0x00,
  0x00, 0x01, 0x5E, 0xBE, 0xE6, 0xF9, 0xE6, 0xBD, 0x5C, 0x00, 0x00, 0x00, 0x00, 0x00, 0x00, 0xA4, 0xFF, 0xFF, 0xFF, 0xFF, 0xFF, 0xFF, 0xFF, 0xA0,
  0x00, 0x00, 0x00, 0x00, 0x50, 0xFF, 0xFF, 0xFF, 0xA9, 0x73, 0xAD, 0xFF, 0xFF, 0xFF, 0x4E, 0x00, 0x00, 0x00, 0xAC, 0xFF, 0xFF, 0xCE, 0x00, 0x00,
  0x00, 0xD2, 0xFF, 0xFF, 0xAA, 0x00, 0x00, 0x00, 0xE1, 0xFF, 0xFF, 0xA2, 0x00, 0x00, 0x00, 0xA4, 0xFF, 0xFF, 0xE1, 0x00, 0x00, 0x00, 0xF6, 0xFF,
  0xFF, 0x98, 0x00, 0x00, 0x00, 0x98, 0xFF, 0xFF, 0xF5, 0x00, 0x00, 0x00, 0xFF, 0xFF, 0xFF, 0x98, 0x00, 0x00, 0x00, 0x98, 0xFF, 0xFF, 0xFF, 0x00,
  0x00, 0x00, 0xFF, 0xFF, 0xFF, 0x98, 0x00, 0x00, 0x00, 0x98, 0xFF, 0xFF, 0xFF, 0x00, 0x00, 0x00, 0xFF, 0xFF, 0xFF, 0x98, 0x00, 0x00, 0x00, 0x98,
  0xFF, 0xFF, 0xFF, 0x00, 0x00, 0x00, 0xFF, 0xFF, 0xFF, 0x98, 0x00, 0x00, 0x00, 0x98, 0xFF, 0xFF, 0xFF, 0x00, 0x00, 0x00, 0xFF, 0xFF, 0xFF, 0x98,
  0x00, 0x00, 0x00, 0x98, 0xFF, 0xFF, 0xFF, 0x00, 0x00, 0x00, 0xFF, 0xFF, 0xFF, 0x98, 0x00, 0x00, 0x00, 0x98, 0xFF, 0xFF, 0xFF, 0x00, 0x00, 0x00,
  0xFF, 0xFF, 0xFF, 0x98, 0x00, 0x00, 0x00, 0x98, 0xFF, 0xFF, 0xFF, 0x00, 0x00, 0x00, 0xF5, 0xFF, 0xFF, 0x98, 0x00, 0x00, 0x00, 0x98, 0xFF, 0xFF,
  0xF9, 0x00, 0x00, 0x00, 0xDF, 0xFF, 0xFF, 0xA2, 0x00, 0x00, 0x00, 0xA5, 0xFF, 0xFF, 0xE5, 0x00, 0x00, 0x00, 0xA9, 0xFF, 0xFF, 0xCE, 0x00, 0x00,
  0x00, 0xD2, 0xFF, 0xFF, 0xB6, 0x00, 0x00, 0x00, 0x4A, 0xFF, 0xFF, 0xFF, 0xA9, 0x73, 0xAD, 0xFF, 0xFF, 0xFF, 0x61, 0x00, 0x00, 0x00, 0x00, 0x9C,
  0xFF, 0xFF, 0xFF, 0xFF, 0xFF, 0xFF, 0xFF, 0xC0, 0x04, 0x00, 0x00, 0x00, 0x00, 0x00, 0x5B, 0xBD, 0xE7, 0xFC, 0xFF, 0xFF, 0xE6, 0x0C, 0x00, 0x00,
  0x00, 0x00, 0x00, 0x00, 0x00, 0x00, 0x00, 0x00, 0xB0, 0xFF, 0xFF, 0xA7, 0x07, 0x00, 0x00, 0x00, 0x00, 0x00, 0x00, 0x00, 0x00, 0x00, 0x10, 0xD2,
  0xFF, 0xFF, 0x48, 0x00, 0x00, 0x00, 0x00, 0x00, 0x00, 0x00, 0x00, 0x00, 0x00, 0x11, 0xC4, 0xF2, 0x07, 0x00, 0x00, 0x00, 0x00, 0x00, 0x00, 0x00,
  0x00, 0x00, 0x00, 0x00, 0x05, 0x47, 0x00, 0x00, 0x00, 0x00, 0xFF, 0xFF, 0xFF, 0xFF, 0xFF, 0xF6, 0xE3, 0xB4, 0x63, 0x05, 0x00, 0x00, 0x00, 0x00,
  0xFF, 0xFF, 0xFF, 0xFF, 0xFF, 0xFF, 0xFF, 0xFF, 0xFF, 0xC3, 0x0A, 0x00, 0x00, 0x00, 0xFF, 0xFF, 0xFF, 0xC3, 0x6C, 0x80, 0xD3, 0xFF, 0xFF, 0xFF,
  0x7B, 0x00, 0x00, 0x00, 0xFF, 0xFF, 0xFF, 0x98, 0x00, 0x00, 0x0A, 0xEA, 0xFF, 0xFF, 0xD3, 0x00, 0x00, 0x00, 0xFF, 0xFF, 0xFF, 0x98, 0x00, 0x00,
  0x00, 0xAB, 0xFF, 0xFF, 0xF1, 0x00, 0x00, 0x00, 0xFF, 0xFF, 0xFF, 0x98, 0x00, 0x00, 0x00, 0x9E, 0xFF, 0xFF, 0xFA, 0x00, 0x00, 0x00, 0xFF, 0xFF,
  0xFF, 0x98, 0x00, 0x00, 0x00, 0xC6, 0xFF, 0xFF, 0xE3, 0x00, 0x00, 0x00, 0xFF, 0xFF, 0xFF, 0x98, 0x00, 0x12, 0x73, 0xFF, 0xFF, 0xFF, 0xAB, 0x00,
  0x00, 0x00, 0xFF, 0xFF, 0xFF, 0xFF, 0xFF, 0xFF, 0xFF, 0xFF, 0xFF, 0xF8, 0x33, 0x00, 0x00, 0x00, 0xFF, 0xFF, 0xFF, 0xFF, 0xFF, 0xFF, 0xFF, 0xFF,
  0xE6, 0x3C, 0x00, 0x00, 0x00, 0x00, 0xFF, 0xFF, 0xFF, 0xC3, 0x6C, 0xEF, 0xFF, 0xFF, 0xE6, 0x00, 0x00, 0x00, 0x00, 0x00, 0xFF, 0xFF, 0xFF, 0x98,
  0x00, 0xAD, 0xFF, 0xFF, 0xFF, 0x2F, 0x00, 0x00, 0x00, 0x00, 0xFF, 0xFF, 0xFF, 0x98, 0x00, 0x68, 0xFF, 0xFF, 0xFF, 0x78, 0x00, 0x00, 0x00, 0x00,
  0xFF, 0xFF, 0xFF, 0x98, 0x00, 0x22, 0xFF, 0xFF, 0xFF, 0xC0, 0x00, 0x00, 0x00, 0x00, 0xFF, 0xFF, 0xFF, 0x98, 0x00, 0x00, 0xDD, 0xFF, 0xFF, 0xFA,
  0x0E, 0x00, 0x00, 0x00, 0xFF, 0xFF, 0xFF, 0x98, 0x00, 0x00, 0x97, 0xFF, 0xFF, 0xFF, 0x51, 0x00, 0x00, 0x00, 0xFF, 0xFF, 0xFF, 0x98, 0x00, 0x00,
  0x52, 0xFF, 0xFF, 0xFF, 0x9A, 0x00, 0x00, 0x00, 0xFF, 0xFF, 0xFF, 0x98, 0x00, 0x00, 0x0F, 0xFC, 0xFF, 0xFF, 0xE2, 0x00, 0x00, 0x00, 0xFF, 0xFF,
  0xFF, 0x98, 0x00, 0x00, 0x00, 0xC7, 0xFF, 0xFF, 0xFF, 0x2B, 0x00, 0x00, 0x00, 0x05, 0x6E, 0xC8, 0xF2, 0xF8, 0xDF, 0x94, 0x16, 0x00, 0x00, 0x00,
  0x09, 0xC2, 0xFF, 0xFF, 0xFF, 0xFF, 0xFF, 0xFF, 0xDE, 0x13, 0x00, 0x00, 0x7E, 0xFF, 0xFF, 0xFD, 0x8D, 0x9B, 0xFF, 0xFF, 0xFF, 0x89, 0x00, 0x00,
  0xD6, 0xFF, 0xFF, 0xB3, 0x00, 0x00, 0xD0, 0xFF, 0xFF, 0xD2, 0x00, 0x00, 0xF8, 0xFF, 0xFF, 0xA6, 0x00, 0x00, 0xA9, 0xFF, 0xFF, 0xEF, 0x00, 0x00,
  0xEF, 0xFF, 0xFF, 0xEA, 0x0E, 0x00, 0x40, 0x4C, 0x27, 0x05, 0x00, 0x00, 0xC4, 0xFF, 0xFF, 0xFF, 0xB8, 0x07, 0x00, 0x00, 0x00, 0x00, 0x00, 0x00,
  0x60, 0xFF, 0xFF, 0xFF, 0xFF, 0xBE, 0x0E, 0x00, 0x00, 0x00, 0x00, 0x00, 0x01, 0xB6, 0xFF, 0xFF, 0xFF, 0xFF, 0xD0, 0x18, 0x00, 0x00, 0x00, 0x00,
  0x00, 0x0A, 0xBC, 0xFF, 0xFF, 0xFF, 0xFF, 0xD6, 0x16, 0x00, 0x00, 0x00, 0x00, 0x00, 0x06, 0xA3, 0xFF, 0xFF, 0xFF, 0xFF, 0xBD, 0x02, 0x00, 0x00,
  0x00, 0x00, 0x00, 0x00, 0x89, 0xFF, 0xFF, 0xFF, 0xFF, 0x59, 0x00, 0x00, 0x00, 0x00, 0x00, 0x03, 0x00, 0x96, 0xFF, 0xFF, 0xFF, 0xBE, 0x00, 0x00,
  0x8A, 0xB7, 0xE1, 0x9B, 0x00, 0x08, 0xE8, 0xFF, 0xFF, 0xE7, 0x00, 0x00, 0xEB, 0xFF, 0xFF, 0xB3, 0x00, 0x00, 0xAA, 0xFF, 0xFF, 0xF6, 0x00, 0x00,
  0xC3, 0xFF, 0xFF, 0xEC, 0x09, 0x00, 0xB4, 0xFF, 0xFF, 0xD4, 0x00, 0x00, 0x6B, 0xFF, 0xFF, 0xFF, 0xBA, 0x80, 0xF8, 0xFF, 0xFF, 0x76, 0x00, 0x00,
  0x03, 0xBC, 0xFF, 0xFF, 0xFF, 0xFF, 0xFF, 0xFF, 0xC1, 0x05, 0x00, 0x00, 0x00, 0x04, 0x71, 0xCB, 0xF0, 0xF6, 0xD4, 0x79, 0x06, 0x00, 0x00, 0x00,
  0xFF, 0xFF, 0xFF, 0xFF, 0xFF, 0xFF, 0xFF, 0xFF, 0xFF, 0xFF, 0x00, 0xFF, 0xFF, 0xFF, 0xFF, 0xFF, 0xFF, 0xFF, 0xFF, 0xFF, 0xFF, 0x00, 0x6C, 0x6C,
  0x6C, 0xFF, 0xFF, 0xFF, 0xC3, 0x6C, 0x6C, 0x6C, 0x00, 0x00, 0x00, 0x00, 0xFF, 0xFF, 0xFF, 0x98, 0x00, 0x00, 0x00, 0x00, 0x00, 0x00, 0x00, 0xFF,
  0xFF, 0xFF, 0x98, 0x00, 0x00, 0x00, 0x00, 0x00, 0x00, 0x00, 0xFF, 0xFF, 0xFF, 0x98, 0x00, 0x00, 0x00, 0x00, 0x00, 0x00, 0x00, 0xFF, 0xFF, 0xFF,
  0x98, 0x00, 0x00, 0x00, 0x00, 0x00, 0x00, 0x00, 0xFF, 0xFF, 0xFF, 0x98, 0x00, 0x00, 0x00, 0x00, 0x00, 0x00, 0x00, 0xFF, 0xFF, 0xFF, 0x98, 0x00,
  0x00, 0x00, 0x00, 0x00, 0x00, 0x00, 0xFF, 0xFF, 0xFF, 0x98, 0x00, 0x00, 0x00, 0x00, 0x00, 0x00, 0x00, 0xFF, 0xFF, 0xFF, 0x98, 0x00, 0x00, 0x00,
  0x00, 0x00, 0x00, 0x00, 0xFF, 0xFF, 0xFF, 0x98, 0x00, 0x00, 0x00, 0x00, 0x00, 0x00, 0x00, 0xFF, 0xFF, 0xFF, 0x98, 0x00, 0x00, 0x00, 0x00, 0x00,
  0x00, 0x00, 0xFF, 0xFF, 0xFF, 0x98, 0x00, 0x00, 0x00, 0x00, 0x00, 0x00, 0x00, 0xFF, 0xFF, 0xFF, 0x98, 0x00, 0x00, 0x00, 0x00, 0x00, 0x00, 0x00,
  0xFF, 0xFF, 0xFF, 0x98, 0x00, 0x00, 0x00, 0x00, 0x00, 0x00, 0x00, 0xFF, 0xFF, 0xFF, 0x98, 0x00, 0x00, 0x00, 0x00, 0x00, 0x00, 0x00, 0xFF, 0xFF,
  0xFF, 0x98, 0x00, 0x00, 0x00, 0x00, 0x00, 0x00, 0x00, 0xFF, 0xFF, 0xFF, 0x98, 0x00, 0x00, 0x00, 0x00, 0xFF, 0xFF, 0xFF, 0x98, 0x00, 0x00, 0x00,
  0x98, 0xFF, 0xFF, 0xFF, 0x00, 0x00, 0x00, 0xFF, 0xFF, 0xFF, 0x98, 0x00, 0x00, 0x00, 0x98, 0xFF, 0xFF, 0xFF, 0x00, 0x00, 0x00, 0xFF, 0xFF, 0xFF,
  0x98, 0x00, 0x00, 0x00, 0x98, 0xFF, 0xFF, 0xFF, 0x00, 0x00, 0x00, 0xFF, 0xFF, 0xFF, 0x98, 0x00, 0x00, 0x00, 0x98, 0xFF, 0xFF, 0xFF, 0x00, 0x00,
  0x00, 0xFF, 0xFF, 0xFF, 0x98, 0x00, 0x00, 0x00, 0x98, 0xFF, 0xFF, 0xFF, 0x00, 0x00, 0x00, 0xFF, 0xFF, 0xFF, 0x98, 0x00, 0x00, 0x00, 0x98, 0xFF,
  0xFF, 0xFF, 0x00, 0x00, 0x00, 0xFF, 0xFF, 0xFF, 0x98, 0x00, 0x00, 0x00, 0x98, 0xFF, 0xFF, 0xFF, 0x00, 0x00, 0x00, 0xFF, 0xFF, 0xFF, 0x98, 0x00,
  0x00, 0x00, 0x98, 0xFF, 0xFF, 0xFF, 0x00, 0x00, 0x00, 0xFF, 0xFF, 0xFF, 0x98, 0x00, 0x00, 0x00, 0x98, 0xFF, 0xFF, 0xFF, 0x00, 0x00, 0x00, 0xFF,
  0xFF, 0xFF, 0x98, 0x00, 0x00, 0x00, 0x98, 0xFF, 0xFF, 0xFF, 0x00, 0x00, 0x00, 0xFF, 0xFF, 0xFF, 0x98, 0x00, 0x00, 0x00, 0x98, 0xFF, 0xFF, 0xFF,
  0x00, 0x00, 0x00, 0xFF, 0xFF, 0xFF, 0x98, 0x00, 0x00, 0x00, 0x98, 0xFF, 0xFF, 0xFF, 0x00, 0x00, 0x00, 0xFF, 0xFF, 0xFF, 0x98, 0x00, 0x00, 0x00,
  0x98, 0xFF, 0xFF, 0xFF, 0x00, 0x00, 0x00, 0xF5, 0xFF, 0xFF, 0x9D, 0x00, 0x00, 0x00, 0x9D, 0xFF, 0xFF, 0xF4, 0x00, 0x00, 0x00, 0xE1, 0xFF, 0xFF,
  0xB4, 0x00, 0x00, 0x00, 0xB4, 0xFF, 0xFF, 0xE0, 0x00, 0x00, 0x00, 0xB0, 0xFF, 0xFF, 0xF4, 0x29, 0x00, 0x25, 0xF2, 0xFF, 0xFF, 0xAC, 0x00, 0x00,
  0x00, 0x59, 0xFF, 0xFF, 0xFF, 0xFC, 0xE4, 0xFB, 0xFF, 0xFF, 0xFF, 0x55, 0x00, 0x00, 0x00, 0x01, 0xB0, 0xFF, 0xFF, 0xFF, 0xFF, 0xFF, 0xFF, 0xFF,
  0xAF, 0x01, 0x00, 0x00, 0x00, 0x00, 0x03, 0x67, 0xC3, 0xE8, 0xFA, 0xE8, 0xC3, 0x67, 0x03, 0x00, 0x00, 0x00, 0x60, 0xFF, 0xFF, 0xFE, 0x0C, 0x00,
  0x00, 0x00, 0xAA, 0xFF, 0xFF, 0xE6, 0x00, 0x2E, 0xFF, 0xFF, 0xFF, 0x37, 0x00, 0x00, 0x00, 0xD4, 0xFF, 0xFF, 0xB5, 0x00, 0x04, 0xF7, 0xFF, 0xFF,
  0x64, 0x00, 0x00, 0x04, 0xF9, 0xFF, 0xFF, 0x83, 0x00, 0x00, 0xCA, 0xFF, 0xFF, 0x91, 0x00, 0x00, 0x28, 0xFF, 0xFF, 0xFF, 0x51, 0x00, 0x00, 0x99,
  0xFF, 0xFF, 0xBE, 0x00, 0x00, 0x52, 0xFF, 0xFF, 0xFF, 0x1F, 0x00, 0x00, 0x67, 0xFF, 0xFF, 0xEB, 0x00, 0x00, 0x7C, 0xFF, 0xFF, 0xEC, 0x00, 0x00,
  0x00, 0x35, 0xFF, 0xFF, 0xFF, 0x18, 0x00, 0xA6, 0xFF, 0xFF, 0xBB, 0x00, 0x00, 0x00, 0x08, 0xFB, 0xFF, 0xFF, 0x45, 0x00, 0xD0, 0xFF, 0xFF, 0x89,
  0x00, 0x00, 0x00, 0x00, 0xD2, 0xFF, 0xFF, 0x72, 0x02, 0xF6, 0xFF, 0xFF, 0x57, 0x00, 0x00, 0x00, 0x00, 0xA0, 0xFF, 0xFF, 0x9F, 0x24, 0xFF, 0xFF,
  0xFF, 0x25, 0x00, 0x00, 0x00, 0x00, 0x6F, 0xFF, 0xFF, 0xCC, 0x4E, 0xFF, 0xFF, 0xF2, 0x01, 0x00, 0x00, 0x00, 0x00, 0x3D, 0xFF, 0xFF, 0xF6, 0x7A,
  0xFF, 0xFF, 0xC2, 0x00, 0x00, 0x00, 0x00, 0x00, 0x0D, 0xFE, 0xFF, 0xFF, 0xC8, 0xFF, 0xFF, 0x90, 0x00, 0x00, 0x00, 0x00, 0x00, 0x00, 0xDA, 0xFF,
  0xFF, 0xFF, 0xFF, 0xFF, 0x5E, 0x00, 0x00, 0x00, 0x00, 0x00, 0x00, 0xA8, 0xFF, 0xFF, 0xFF, 0xFF, 0xFF, 0x2C, 0x00, 0x00, 0x00, 0x00, 0x00, 0x00,
  0x76, 0xFF, 0xFF, 0xFF, 0xFF, 0xF6, 0x03, 0x00, 0x00, 0x00, 0x00, 0x00, 0x00, 0x45, 0xFF, 0xFF, 0xFF, 0xFF, 0xC8, 0x00, 0x00, 0x00, 0x00, 0x00,
  0x00, 0x00, 0x13, 0xFF, 0xFF, 0xFF, 0xFF, 0x96, 0x00, 0x00, 0x00, 0x00, 0x00, 0x00, 0x00, 0x00, 0xE1, 0xFF, 0xFF, 0xFF, 0x64, 0x00, 0x00, 0x00,
  0x00, 0x3C, 0xFF, 0xFF, 0xFF, 0x1E, 0x00, 0x01, 0xF5, 0xFF, 0xD7, 0x00, 0x00, 0x2B, 0xFF, 0xFF, 0xFF, 0x22, 0x1A, 0xFF, 0xFF, 0xFF, 0x3C, 0x00,
  0x1D, 0xFF, 0xFF, 0xFA, 0x04, 0x00, 0x49, 0xFF, 0xFF, 0xFC, 0x04, 0x01, 0xF6, 0xFF, 0xFF, 0x59, 0x00, 0x42, 0xFF, 0xFF, 0xFF, 0x25, 0x00, 0x67,
  0xFF, 0xFF, 0xDF, 0x00, 0x00, 0xD6, 0xFF, 0xFF, 0x77, 0x00, 0x68, 0xFF, 0xFF, 0xFF, 0x4D, 0x00, 0x84, 0xFF, 0xFF, 0xBD, 0x00, 0x00, 0xB4, 0xFF,
  0xFF, 0x95, 0x00, 0x8D, 0xFF, 0xFF, 0xFF, 0x74, 0x00, 0xA2, 0xFF, 0xFF, 0x9C, 0x00, 0x00, 0x92, 0xFF, 0xFF, 0xB2, 0x00, 0xB3, 0xFF, 0xFF, 0xFF,
  0x9B, 0x00, 0xC0, 0xFF, 0xFF, 0x7A, 0x00, 0x00, 0x70, 0xFF, 0xFF, 0xD0, 0x00, 0xD8, 0xFF, 0xFF, 0xFF, 0xC3, 0x00, 0xDD, 0xFF, 0xFF, 0x58, 0x00,
  0x00, 0x4E, 0xFF, 0xFF, 0xEE, 0x03, 0xFA, 0xFF, 0xD6, 0xFF, 0xEA, 0x01, 0xF9, 0xFF, 0xFF, 0x37, 0x00, 0x00, 0x2C, 0xFF, 0xFF, 0xFF, 0x2F, 0xFF,
  0xFF, 0x87, 0xFF, 0xFF, 0x2A, 0xFF, 0xFF, 0xFF, 0x15, 0x00, 0x00, 0x0A, 0xFF, 0xFF, 0xFF, 0x72, 0xFF, 0xFF, 0x39, 0xFF, 0xFF, 0x6F, 0xFF, 0xFF,
  0xF3, 0x00, 0x00, 0x00, 0x00, 0xE9, 0xFF, 0xFF, 0xB5, 0xFF, 0xEB, 0x04, 0xF9, 0xFF, 0xB4, 0xFF, 0xFF, 0xD2, 0x00, 0x00, 0x00, 0x00, 0xC7, 0xFF,
  0xFF, 0xF3, 0xFF, 0xC4, 0x00, 0xD6, 0xFF, 0xF3, 0xFF, 0xFF, 0xB0, 0x00, 0x00, 0x00, 0x00, 0xA5, 0xFF, 0xFF, 0xFF, 0xFF, 0x9E, 0x00, 0xAE, 0xFF,
  0xFF, 0xFF, 0xFF, 0x8E, 0x00, 0x00, 0x00, 0x00, 0x83, 0xFF, 0xFF, 0xFF, 0xFF, 0x77, 0x00, 0x86, 0xFF, 0xFF, 0xFF, 0xFF, 0x6D, 0x00, 0x00, 0x00,
  0x00, 0x61, 0xFF, 0xFF, 0xFF, 0xFF, 0x51, 0x00, 0x5D, 0xFF, 0xFF, 0xFF, 0xFF, 0x4B, 0x00, 0x00, 0x00, 0x00, 0x3F, 0xFF, 0xFF, 0xFF, 0xFF, 0x2A,
  0x00, 0x35, 0xFF, 0xFF, 0xFF, 0xFF, 0x29, 0x00, 0x00, 0x00, 0x00, 0x1D, 0xFF, 0xFF, 0xFF, 0xFD, 0x07, 0x00, 0x0D, 0xFF, 0xFF, 0xFF, 0xFE, 0x09,
  0x00, 0x00, 0x00, 0x00, 0x02, 0xF8, 0xFF, 0xFF, 0xDD, 0x00, 0x00, 0x00, 0xE5, 0xFF, 0xFF, 0xE6, 0x00, 0x00, 0x00, 0x00, 0x00, 0x00, 0xD9, 0xFF,
  0xFF, 0xB7, 0x00, 0x00, 0x00, 0xBC, 0xFF, 0xFF, 0xC4, 0x00, 0x00, 0x00, 0x73, 0xFF, 0xFF, 0xFF, 0x49, 0x00, 0x00, 0x00, 0xD9, 0xFF, 0xFF, 0x78,
  0x11, 0xF6, 0xFF, 0xFF, 0xB6, 0x00, 0x00, 0x34, 0xFF, 0xFF, 0xFE, 0x1D, 0x00, 0x9D, 0xFF, 0xFF, 0xFE, 0x23, 0x00, 0x8F, 0xFF, 0xFF, 0xBE, 0x00,
  0x00, 0x32, 0xFF, 0xFF, 0xFF, 0x8E, 0x02, 0xE6, 0xFF, 0xFF, 0x61, 0x00, 0x00, 0x00, 0xC8, 0xFF, 0xFF, 0xEF, 0x4F, 0xFF, 0xFF, 0xF6, 0x0D, 0x00,
  0x00, 0x00, 0x5D, 0xFF, 0xFF, 0xFF, 0xEA, 0xFF, 0xFF, 0xA6, 0x00, 0x00, 0x00, 0x00, 0x07, 0xEA, 0xFF, 0xFF, 0xFF, 0xFF, 0xFF, 0x49, 0x00, 0x00,
  0x00, 0x00, 0x00, 0x88, 0xFF, 0xFF, 0xFF, 0xFF, 0xE8, 0x03, 0x00, 0x00, 0x00, 0x00, 0x00, 0x20, 0xFF, 0xFF, 0xFF, 0xFF, 0x8E, 0x00, 0x00, 0x00,
  0x00, 0x00, 0x00, 0x38, 0xFF, 0xFF, 0xFF, 0xFF, 0x38, 0x00, 0x00, 0x00, 0x00, 0x00, 0x00, 0x99, 0xFF, 0xFF, 0xFF, 0xFF, 0x6E, 0x00, 0x00, 0x00,
  0x00, 0x00, 0x09, 0xF0, 0xFF, 0xFF, 0xFF, 0xFF, 0xD8, 0x01, 0x00, 0x00, 0x00, 0x00, 0x5A, 0xFF, 0xFF, 0xFF, 0xFF, 0xFF, 0xFF, 0x45, 0x00, 0x00,
  0x00, 0x00, 0xBB, 0xFF, 0xFF, 0xA6, 0xF6, 0xFF, 0xFF, 0xB0, 0x00, 0x00, 0x00, 0x1E, 0xFD, 0xFF, 0xFF, 0x35, 0x9C, 0xFF, 0xFF, 0xFC, 0x1F, 0x00,
  0x00, 0x7D, 0xFF, 0xFF, 0xD5, 0x00, 0x2F, 0xFF, 0xFF, 0xFF, 0x87, 0x00, 0x01, 0xDC, 0xFF, 0xFF, 0x76, 0x00, 0x00, 0xC3, 0xFF, 0xFF, 0xEB, 0x07,
  0x3F, 0xFF, 0xFF, 0xFC, 0x1A, 0x00, 0x00, 0x57, 0xFF, 0xFF, 0xFF, 0x5E, 0xA0, 0xFF, 0xFF, 0xB7, 0x00, 0x00, 0x00, 0x04, 0xE5, 0xFF, 0xFF, 0xCA,
  0xA2, 0xFF, 0xFF, 0xFD, 0x14, 0x00, 0x00, 0x67, 0xFF, 0xFF, 0xFF, 0x29, 0x4D, 0xFF, 0xFF, 0xFF, 0x5D, 0x00, 0x00, 0xAD, 0xFF, 0xFF, 0xD6, 0x00,
  0x07, 0xF1, 0xFF, 0xFF, 0xA9, 0x00, 0x03, 0xEF, 0xFF, 0xFF, 0x83, 0x00, 0x00, 0xA3, 0xFF, 0xFF, 0xF0, 0x04, 0x39, 0xFF, 0xFF, 0xFF, 0x2F, 0x00,
  0x00, 0x4F, 0xFF, 0xFF, 0xFF, 0x41, 0x7F, 0xFF, 0xFF, 0xDC, 0x00, 0x00, 0x00, 0x07, 0xF2, 0xFF, 0xFF, 0x8D, 0xC5, 0xFF, 0xFF, 0x89, 0x00, 0x00,
  0x00, 0x00, 0xA5, 0xFF, 0xFF, 0xE1, 0xFB, 0xFF, 0xFF, 0x35, 0x00, 0x00, 0x00, 0x00, 0x50, 0xFF, 0xFF, 0xFF, 0xFF, 0xFF, 0xE1, 0x00, 0x00, 0x00,
  0x00, 0x00, 0x08, 0xF3, 0xFF, 0xFF, 0xFF, 0xFF, 0x8F, 0x00, 0x00, 0x00, 0x00, 0x00, 0x00, 0xA7, 0xFF, 0xFF, 0xFF, 0xFF, 0x3B, 0x00, 0x00, 0x00,
  0x00, 0x00, 0x00, 0x52, 0xFF, 0xFF, 0xFF, 0xE6, 0x02, 0x00, 0x00, 0x00, 0x00, 0x00, 0x00, 0x09, 0xFF, 0xFF, 0xFF, 0xA1, 0x00, 0x00, 0x00, 0x00,
  0x00, 0x00, 0x00, 0x00, 0xFF, 0xFF, 0xFF, 0x98, 0x00, 0x00, 0x00, 0x00, 0x00, 0x00, 0x00, 0x00, 0xFF, 0xFF, 0xFF, 0x98, 0x00, 0x00, 0x00, 0x00,
  0x00, 0x00, 0x00, 0x00, 0xFF, 0xFF, 0xFF, 0x98, 0x00, 0x00, 0x00, 0x00, 0x00, 0x00, 0x00, 0x00, 0xFF, 0xFF, 0xFF, 0x98, 0x00, 0x00, 0x00, 0x00,
  0x00, 0x00, 0x00, 0x00, 0xFF, 0xFF, 0xFF, 0x98, 0x00, 0x00, 0x00, 0x00, 0x00, 0x00, 0x00, 0x00, 0xFF, 0xFF, 0xFF, 0x98, 0x00, 0x00, 0x00, 0x00,
  0x00, 0x00, 0x00, 0x00, 0xFF, 0xFF, 0xFF, 0x98, 0x00, 0x00, 0x00, 0x00, 0x00, 0xFF, 0xFF, 0xFF, 0xFF, 0xFF, 0xFF, 0xFF, 0xFF, 0xFF, 0x00, 0xFF,
  0xFF, 0xFF, 0xFF, 0xFF, 0xFF, 0xFF, 0xFF, 0xFF, 0x00, 0x6C, 0x6C, 0x6C, 0x6C, 0x8A, 0xFF, 0xFF, 0xFF, 0xCD, 0x00, 0x00, 0x00, 0x00, 0x00, 0x7A,
  0xFF, 0xFF, 0xFF, 0x70, 0x00, 0x00, 0x00, 0x00, 0x00, 0xD1, 0xFF, 0xFF, 0xFC, 0x17, 0x00, 0x00, 0x00, 0x00, 0x28, 0xFF, 0xFF, 0xFF, 0xB7, 0x00,
  0x00, 0x00, 0x00, 0x00, 0x7F, 0xFF, 0xFF, 0xFF, 0x5B, 0x00, 0x00, 0x00, 0x00, 0x00, 0xD6, 0xFF, 0xFF, 0xF3, 0x0B, 0x00, 0x00, 0x00, 0x00, 0x2D,
  0xFF, 0xFF, 0xFF, 0xA2, 0x00, 0x00, 0x00, 0x00, 0x00, 0x85, 0xFF, 0xFF, 0xFF, 0x46, 0x00, 0x00, 0x00, 0x00, 0x00, 0xDB, 0xFF, 0xFF, 0xE6, 0x03,
  0x00, 0x00, 0x00, 0x00, 0x33, 0xFF, 0xFF, 0xFF, 0x8D, 0x00, 0x00, 0x00, 0x00, 0x00, 0x8A, 0xFF, 0xFF, 0xFF, 0x30, 0x00, 0x00, 0x00, 0x00, 0x00,
  0xE0, 0xFF, 0xFF, 0xD4, 0x00, 0x00, 0x00, 0x00, 0x00, 0x38, 0xFF, 0xFF, 0xFF, 0x77, 0x00, 0x00, 0x00, 0x00, 0x00, 0x8F, 0xFF, 0xFF, 0xFE, 0x1D,
  0x00, 0x00, 0x00, 0x00, 0x00, 0xE4, 0xFF, 0xFF, 0xE5, 0x6C, 0x6C, 0x6C, 0x6C, 0x6C, 0x00, 0xFF, 0xFF, 0xFF, 0xFF, 0xFF, 0xFF, 0xFF, 0xFF, 0xFF,
  0x00, 0xFF, 0xFF, 0xFF, 0xFF, 0xFF, 0xFF, 0xFF, 0xFF, 0xFF, 0x00, 0xFF, 0xFF, 0xFF, 0xFF, 0xFF, 0xE0, 0x00, 0x00, 0xFF, 0xFF, 0xF5, 0x28, 0x28,
  0x23, 0x00, 0x00, 0xFF, 0xFF, 0xF4, 0x00, 0x00, 0x00, 0x00, 0x00, 0xFF, 0xFF, 0xF4, 0x00, 0x00, 0x00, 0x00, 0x00, 0xFF, 0xFF, 0xF4, 0x00, 0x00,
  0x00, 0x00, 0x00, 0xFF, 0xFF, 0xF4, 0x00, 0x00, 0x00, 0x00, 0x00, 0xFF, 0xFF, 0xF4, 0x00, 0x00, 0x00, 0x00, 0x00, 0xFF, 0xFF, 0xF4, 0x00, 0x00,
  0x00, 0x00, 0x00, 0xFF, 0xFF, 0xF4, 0x00, 0x00, 0x00, 0x00, 0x00, 0xFF, 0xFF, 0xF4, 0x00, 0x00, 0x00, 0x00, 0x00, 0xFF, 0xFF, 0xF4, 0x00, 0x00,
  0x00, 0x00, 0x00, 0xFF, 0xFF, 0xF4, 0x00, 0x00, 0x00, 0x00, 0x00, 0xFF, 0xFF, 0xF4, 0x00, 0x00, 0x00, 0x00, 0x00, 0xFF, 0xFF, 0xF4, 0x00, 0x00,
  0x00, 0x00, 0x00, 0xFF, 0xFF, 0xF4, 0x00, 0x00, 0x00, 0x00, 0x00, 0xFF, 0xFF, 0xF4, 0x00, 0x00, 0x00, 0x00, 0x00, 0xFF, 0xFF, 0xF4, 0x00, 0x00,
  0x00, 0x00, 0x00, 0xFF, 0xFF, 0xF4, 0x00, 0x00, 0x00, 0x00, 0x00, 0xFF, 0xFF, 0xF4, 0x00, 0x00, 0x00, 0x00, 0x00, 0xFF, 0xFF, 0xF4, 0x00, 0x00,
  0x00, 0x00, 0x00, 0xFF, 0xFF, 0xF4, 0x00, 0x00, 0x00, 0x00, 0x00, 0xFF, 0xFF, 0xF5, 0x28, 0x28, 0x22, 0x00, 0x00, 0xFF, 0xFF, 0xFF, 0xFF, 0xFF,
  0xDC, 0x00, 0x01, 0xE4, 0xFF, 0x3E, 0x00, 0x00, 0x00, 0x00, 0x00, 0x00, 0x00, 0x97, 0xFF, 0x8D, 0x00, 0x00, 0x00, 0x00, 0x00, 0x00, 0x00, 0x49,
  0xFF, 0xDB, 0x00, 0x00, 0x00, 0x00, 0x00, 0x00, 0x00, 0x07, 0xF3, 0xFF, 0x29, 0x00, 0x00, 0x00, 0x00, 0x00, 0x00, 0x00, 0xAC, 0xFF, 0x78, 0x00,
  0x00, 0x00, 0x00, 0x00, 0x00, 0x00, 0x5E, 0xFF, 0xC6, 0x00, 0x00, 0x00, 0x00, 0x00, 0x00, 0x00, 0x13, 0xFC, 0xFD, 0x16, 0x00, 0x00, 0x00, 0x00,
  0x00, 0x00, 0x00, 0xC1, 0xFF, 0x63, 0x00, 0x00, 0x00, 0x00, 0x00, 0x00, 0x00, 0x73, 0xFF, 0xB1, 0x00, 0x00, 0x00, 0x00, 0x00, 0x00, 0x00, 0x24,
  0xFF, 0xF5, 0x09, 0x00, 0x00, 0x00, 0x00, 0x00, 0x00, 0x00, 0xD6, 0xFF, 0x4E, 0x00, 0x00, 0x00, 0x00, 0x00, 0x00, 0x00, 0x88, 0xFF, 0x9C, 0x00,
  0x00, 0x00, 0x00, 0x00, 0x00, 0x00, 0x39, 0xFF, 0xE8, 0x02, 0x00, 0x00, 0x00, 0x00, 0x00, 0x00, 0x02, 0xE8, 0xFF, 0x39, 0x00, 0x00, 0x00, 0x00,
  0x00, 0x00, 0x00, 0x9D, 0xFF, 0x87, 0x00, 0x00, 0x00, 0x00, 0x00, 0x00, 0x00, 0x4E, 0xFF, 0xD5, 0x00, 0x00, 0x00, 0x00, 0x00, 0x00, 0x00, 0x09,
  0xF6, 0xFF, 0x24, 0x00, 0x00, 0x00, 0x00, 0x00, 0x00, 0x00, 0xB2, 0xFF, 0x72, 0x00, 0x00, 0x00, 0x00, 0x00, 0x00, 0x00, 0x63, 0xFF, 0xC0, 0x00,
  0xEC, 0xFF, 0xFF, 0xFF, 0xFF, 0xF4, 0x00, 0x00, 0x24, 0x28, 0x28, 0xFF, 0xFF, 0xF4, 0x00, 0x00, 0x00, 0x00, 0x00, 0xFF, 0xFF, 0xF4, 0x00, 0x00,
  0x00, 0x00, 0x00, 0xFF, 0xFF, 0xF4, 0x00, 0x00, 0x00, 0x00, 0x00, 0xFF, 0xFF, 0xF4, 0x00, 0x00, 0x00, 0x00, 0x00, 0xFF, 0xFF, 0xF4, 0x00, 0x00,
  0x00, 0x00, 0x00, 0xFF, 0xFF, 0xF4, 0x00, 0x00, 0x00, 0x00, 0x00, 0xFF, 0xFF, 0xF4, 0x00, 0x00, 0x00, 0x00, 0x00, 0xFF, 0xFF, 0xF4, 0x00, 0x00,
  0x00, 0x00, 0x00, 0xFF, 0xFF, 0xF4, 0x00, 0x00, 0x00, 0x00, 0x00, 0xFF, 0xFF, 0xF4, 0x00, 0x00, 0x00, 0x00, 0x00, 0xFF, 0xFF, 0xF4, 0x00, 0x00,
  0x00, 0x00, 0x00, 0xFF, 0xFF, 0xF4, 0x00, 0x00, 0x00, 0x00, 0x00, 0xFF, 0xFF, 0xF4, 0x00, 0x00, 0x00, 0x00, 0x00, 0xFF, 0xFF, 0xF4, 0x00, 0x00,
  0x00, 0x00, 0x00, 0xFF, 0xFF, 0xF4, 0x00, 0x00, 0x00, 0x00, 0x00, 0xFF, 0xFF, 0xF4, 0x00, 0x00, 0x00, 0x00, 0x00, 0xFF, 0xFF, 0xF4, 0x00, 0x00,
  0x00, 0x00, 0x00, 0xFF, 0xFF, 0xF4, 0x00, 0x00, 0x00, 0x00, 0x00, 0xFF, 0xFF, 0xF4, 0x00, 0x00, 0x00, 0x00, 0x00, 0xFF, 0xFF, 0xF4, 0x00, 0x00,
  0x24, 0x28, 0x28, 0xFF, 0xFF, 0xF4, 0x00, 0x00, 0xE8, 0xFF, 0xFF, 0xFF, 0xFF, 0xF4, 0x00, 0x00, 0x00, 0x00, 0x00, 0x1B, 0xFB, 0xFF, 0xFF, 0x51,
  0x00, 0x00, 0x00, 0x00, 0x00, 0x00, 0x83, 0xFF, 0xFF, 0xFF, 0xBE, 0x00, 0x00, 0x00, 0x00, 0x00, 0x06, 0xE8, 0xFF, 0xFF, 0xFF, 0xFF, 0x2C, 0x00,
  0x00, 0x00, 0x00, 0x5B, 0xFF, 0xFF, 0xAE, 0xFF, 0xFF, 0x98, 0x00, 0x00, 0x00, 0x00, 0xC7, 0xFF, 0xFE, 0x1F, 0xD9, 0xFF, 0xF5, 0x10, 0x00, 0x00,
  0x32, 0xFF, 0xFF, 0xC0, 0x00, 0x7F, 0xFF, 0xFF, 0x72, 0x00, 0x00, 0x9F, 0xFF, 0xFF, 0x63, 0x00, 0x24, 0xFF, 0xFF, 0xDD, 0x02, 0x12, 0xF7, 0xFF,
  0xF7, 0x0F, 0x00, 0x00, 0xC9, 0xFF, 0xFF, 0x4D, 0x00, 0x00, 0x00, 0x00, 0x00, 0x00, 0x00, 0x00, 0x00, 0x00, 0x00, 0x00, 0x00, 0x00, 0x00, 0x00,
  0x00, 0x00, 0x00, 0x00, 0x00, 0x00, 0x00, 0x00, 0x00, 0x00, 0x00, 0x00, 0x00, 0x00, 0x00, 0x00, 0x00, 0x00, 0x00, 0x00, 0x00, 0x00, 0x00, 0x00,
  0x00, 0x00, 0x00, 0x00, 0x00, 0x00, 0x00, 0x00, 0x00, 0x00, 0x00, 0x00, 0x00, 0x00, 0x00, 0x00, 0x00, 0x00, 0x00, 0x00, 0x00, 0x00, 0x00, 0x00,
  0x00, 0x00, 0x00, 0x00, 0x00, 0x00, 0x00, 0x00, 0x00, 0x00, 0x00, 0x00, 0x00, 0x00, 0x00, 0x00, 0x00, 0x00, 0x00, 0x00, 0x00, 0x00, 0x00, 0x00,
  0x00, 0x00, 0x00, 0x00, 0x00, 0x00, 0x00, 0x00, 0x00, 0x00, 0x00, 0x00, 0x00, 0x00, 0x00, 0x00, 0x00, 0x00, 0x00, 0x00, 0x00, 0x00, 0x00, 0x00,
  0x00, 0x00, 0x00, 0x00, 0x00, 0x00, 0x00, 0x00, 0x00, 0x00, 0x00, 0x00, 0x00, 0x00, 0x00, 0x00, 0x00, 0x00, 0x6C, 0x6C, 0x6C, 0x6C, 0x6C, 0x6C,
  0x6C, 0x6C, 0x6C, 0xFF, 0xFF, 0xFF, 0xFF, 0xFF, 0xFF, 0xFF, 0xFF, 0xFF, 0xFF, 0xFF, 0xFF, 0xFF, 0xFF, 0xFF, 0xFF, 0xFF, 0xFF, 0x00, 0xA6, 0xFF,
  0xFF, 0xE3, 0x00, 0x00, 0x00, 0x1B, 0xF4, 0xFF, 0xFF, 0x2E, 0x00, 0x00, 0x00, 0x7A, 0xFF, 0xFF, 0x77, 0x00, 0x00, 0x00, 0x07, 0xDD, 0xFF, 0xC1,
  0x00, 0x00, 0x00, 0x00, 0x4F, 0xFF, 0xFB, 0x0F, 0x00, 0x00, 0x00, 0x00, 0x00, 0x00, 0x00, 0x00, 0x00, 0x00, 0x00, 0x00, 0x00, 0x00, 0x00, 0x00,
  0x00, 0x00, 0x00, 0x00, 0x00, 0x00, 0x00, 0x00, 0x00, 0x00, 0x00, 0x00, 0x00, 0x00, 0x00, 0x00, 0x00, 0x00, 0x00, 0x00, 0x00, 0x00, 0x00, 0x00,
  0x00, 0x00, 0x00, 0x00, 0x00, 0x00, 0x00, 0x00, 0x00, 0x00, 0x00, 0x00, 0x00, 0x00, 0x00, 0x00, 0x00, 0x00, 0x00, 0x00, 0x00, 0x00, 0x00, 0x00,
  0x00, 0x00, 0x00, 0x00, 0x00, 0x00, 0x00, 0x00, 0x00, 0x00, 0x00, 0x00, 0x00, 0x00, 0x00, 0x00, 0x00, 0x00, 0x00, 0x00, 0x00, 0x00, 0x00, 0x00,
  0x00, 0x00, 0x00, 0x00, 0x00, 0x00, 0x00, 0x00, 0x00, 0x00, 0x00, 0x00, 0x00, 0x00, 0x00, 0x00, 0x00, 0x00, 0x00, 0x09, 0x81, 0xD6, 0xF7, 0xF5,
  0xC5, 0x47, 0x00, 0x00, 0x00, 0x01, 0xBD, 0xFF, 0xFF, 0xFF, 0xFF, 0xFF, 0xFD, 0x35, 0x00, 0x00, 0x44, 0xFF, 0xFF, 0xFF, 0x98, 0xE9, 0xFF, 0xFF,
  0xB4, 0x00, 0x00, 0x81, 0xFF, 0xFF, 0xFE, 0x06, 0xA1, 0xFF, 0xFF, 0xE6, 0x00, 0x00, 0x57, 0x98, 0x98, 0x8E, 0x00, 0x98, 0xFF, 0xFF, 0xFF, 0x00,
  0x00, 0x00, 0x00, 0x00, 0x0C, 0x68, 0xE0, 0xFF, 0xFF, 0xFF, 0x00, 0x00, 0x00, 0x03, 0x6A, 0xED, 0xFF, 0xFF, 0xFF, 0xFF, 0xFF, 0x00, 0x00, 0x05,
  0xB7, 0xFF, 0xFF, 0xB2, 0xA2, 0xFF, 0xFF, 0xFF, 0x00, 0x00, 0x78, 0xFF, 0xFF, 0xE9, 0x0A, 0x98, 0xFF, 0xFF, 0xFF, 0x00, 0x00, 0xD9, 0xFF, 0xFF,
  0xA7, 0x00, 0x98, 0xFF, 0xFF, 0xFF, 0x00, 0x00, 0xF8, 0xFF, 0xFF, 0xA5, 0x00, 0x9C, 0xFF, 0xFF, 0xFF, 0x00, 0x00, 0xE1, 0xFF, 0xFF, 0xF2, 0x81,
  0xF4, 0xFF, 0xFF, 0xFF, 0x00, 0x00, 0x7E, 0xFF, 0xFF, 0xFF, 0xFF, 0xA1, 0xFF, 0xFF, 0xFF, 0x06, 0x00, 0x03, 0x8D, 0xEE, 0xEA, 0x76, 0x2E, 0xFF,
  0xFF, 0xFF, 0x1E, 0x00, 0xFF, 0xFF, 0xFF, 0x98, 0x00, 0x00, 0x00, 0x00, 0x00, 0x00, 0x00, 0x00, 0xFF, 0xFF, 0xFF, 0x98, 0x00, 0x00, 0x00, 0x00,
  0x00, 0x00, 0x00, 0x00, 0xFF, 0xFF, 0xFF, 0x98, 0x00, 0x00, 0x00, 0x00, 0x00, 0x00, 0x00, 0x00, 0xFF, 0xFF, 0xFF, 0x98, 0x00, 0x00, 0x00, 0x00,
  0x00, 0x00, 0x00, 0x00, 0xFF, 0xFF, 0xFF, 0x98, 0x00, 0x00, 0x00, 0x00, 0x00, 0x00, 0x00, 0x00, 0xFF, 0xFF, 0xFF, 0x98, 0x5E, 0xD0, 0xF8, 0xD3,
  0x2F, 0x00, 0x00, 0x00, 0xFF, 0xFF, 0xFF, 0xF4, 0xFF, 0xFF, 0xFF, 0xFF, 0xE9, 0x0A, 0x00, 0x00, 0xFF, 0xFF, 0xFF, 0xDC, 0x5D, 0x9B, 0xFF, 0xFF,
  0xFF, 0x5A, 0x00, 0x00, 0xFF, 0xFF, 0xFF, 0x98, 0x00, 0x10, 0xFF, 0xFF, 0xFF, 0x85, 0x00, 0x00, 0xFF, 0xFF, 0xFF, 0x98, 0x00, 0x00, 0xFF, 0xFF,
  0xFF, 0x97, 0x00, 0x00, 0xFF, 0xFF, 0xFF, 0x98, 0x00, 0x00, 0xFF, 0xFF, 0xFF, 0x98, 0x00, 0x00, 0xFF, 0xFF, 0xFF, 0x98, 0x00, 0x00, 0xFF, 0xFF,
  0xFF, 0x98, 0x00, 0x00, 0xFF, 0xFF, 0xFF, 0x98, 0x00, 0x00, 0xFF, 0xFF, 0xFF, 0x98, 0x00, 0x00, 0xFF, 0xFF, 0xFF, 0x98, 0x00, 0x00, 0xFF, 0xFF,
  0xFF, 0x98, 0x00, 0x00, 0xFF, 0xFF, 0xFF, 0x98, 0x00, 0x00, 0xFF, 0xFF, 0xFF, 0x95, 0x00, 0x00, 0xFF, 0xFF, 0xFF, 0x98, 0x00, 0x11, 0xFF, 0xFF,
  0xFF, 0x84, 0x00, 0x00, 0xFF, 0xFF, 0xFF, 0xCA, 0x3E, 0x83, 0xFF, 0xFF, 0xFF, 0x52, 0x00, 0x00, 0xFF, 0xFF, 0xFF, 0xFF, 0xFF, 0xFF, 0xFF, 0xFF,
  0xE3, 0x07, 0x00, 0x00, 0xFF, 0xFF, 0xFF, 0x9F, 0x76, 0xDD, 0xF8, 0xC8, 0x2E, 0x00, 0x00, 0x00, 0x00, 0x1C, 0x9B, 0xE2, 0xF9, 0xEB, 0xB5, 0x3F,
  0x00, 0x00, 0x00, 0x1A, 0xE9, 0xFF, 0xFF, 0xFF, 0xFF, 0xFF, 0xFD, 0x46, 0x00, 0x00, 0x99, 0xFF, 0xFF, 0xF1, 0x80, 0xF1, 0xFF, 0xFF, 0xC1, 0x00,
  0x00, 0xE0, 0xFF, 0xFF, 0xA5, 0x00, 0xA2, 0xFF, 0xFF, 0xF1, 0x00, 0x00, 0xFA, 0xFF, 0xFF, 0x98, 0x00, 0x98, 0xFF, 0xFF, 0xFF, 0x00, 0x00, 0xFF,
  0xFF, 0xFF, 0x98, 0x00, 0x39, 0x60, 0x60, 0x60, 0x00, 0x00, 0xFF, 0xFF, 0xFF, 0x98, 0x00, 0x00, 0x00, 0x00, 0x00, 0x00, 0x00, 0xFF, 0xFF, 0xFF,
  0x98, 0x00, 0x00, 0x00, 0x00, 0x00, 0x00, 0x00, 0xFF, 0xFF, 0xFF, 0x98, 0x00, 0x6A, 0xB4, 0xB4, 0xB4, 0x00, 0x00, 0xFA, 0xFF, 0xFF, 0x98, 0x00,
  0x98, 0xFF, 0xFF, 0xFF, 0x00, 0x00, 0xDF, 0xFF, 0xFF, 0xAA, 0x00, 0xA9, 0xFF, 0xFF, 0xED, 0x00, 0x00, 0x97, 0xFF, 0xFF, 0xF4, 0x91, 0xF5, 0xFF,
  0xFF, 0xB6, 0x00, 0x00, 0x18, 0xE7, 0xFF, 0xFF, 0xFF, 0xFF, 0xFF, 0xFB, 0x39, 0x00, 0x00, 0x00, 0x1B, 0x9B, 0xE3, 0xFA, 0xEB, 0xB2, 0x37, 0x00,
  0x00, 0x00, 0x00, 0x00, 0x00, 0x00, 0x00, 0x00, 0xFF, 0xFF, 0xFF, 0x98, 0x00, 0x00, 0x00, 0x00, 0x00, 0x00, 0x00, 0x00, 0xFF, 0xFF, 0xFF, 0x98,
  0x00, 0x00, 0x00, 0x00, 0x00, 0x00, 0x00, 0x00, 0xFF, 0xFF, 0xFF, 0x98, 0x00, 0x00, 0x00, 0x00, 0x00, 0x00, 0x00, 0x00, 0xFF, 0xFF, 0xFF, 0x98,
  0x00, 0x00, 0x00, 0x00, 0x00, 0x00, 0x00, 0x00, 0xFF, 0xFF, 0xFF, 0x98, 0x00, 0x00, 0x00, 0x60, 0xDD, 0xF7, 0xC3, 0x39, 0xFF, 0xFF, 0xFF, 0x98,
  0x00, 0x00, 0x47, 0xFF, 0xFF, 0xFF, 0xFF, 0xFE, 0xFF, 0xFF, 0xFF, 0x98, 0x00, 0x00, 0xB6, 0xFF, 0xFF, 0xF7, 0x6D, 0x7F, 0xFF, 0xFF, 0xFF, 0x98,
  0x00, 0x00, 0xEA, 0xFF, 0xFF, 0xAD, 0x00, 0x00, 0xFF, 0xFF, 0xFF, 0x98, 0x00, 0x00, 0xFD, 0xFF, 0xFF, 0x98, 0x00, 0x00, 0xFF, 0xFF, 0xFF, 0x98,
  0x00, 0x00, 0xFF, 0xFF, 0xFF, 0x98, 0x00, 0x00, 0xFF, 0xFF, 0xFF, 0x98, 0x00, 0x00, 0xFF, 0xFF, 0xFF, 0x98, 0x00, 0x00, 0xFF, 0xFF, 0xFF, 0x98,
  0x00, 0x00, 0xFF, 0xFF, 0xFF, 0x98, 0x00, 0x00, 0xFF, 0xFF, 0xFF, 0x98, 0x00, 0x00, 0xFF, 0xFF, 0xFF, 0x98, 0x00, 0x00, 0xFF, 0xFF, 0xFF, 0x98,
  0x00, 0x00, 0xFE, 0xFF, 0xFF, 0x98, 0x00, 0x00, 0xFF, 0xFF, 0xFF, 0x98, 0x00, 0x00, 0xF1, 0xFF, 0xFF, 0xA5, 0x00, 0x00, 0xFF, 0xFF, 0xFF, 0x98,
  0x00, 0x00, 0xC4, 0xFF, 0xFF, 0xED, 0x40, 0x55, 0xFF, 0xFF, 0xFF, 0x98, 0x00, 0x00, 0x60, 0xFF, 0xFF, 0xFF, 0xFF, 0xFF, 0xFF, 0xFF, 0xFF, 0x98,
  0x00, 0x00, 0x00, 0x74, 0xE3, 0xF9, 0xC9, 0x47, 0xFF, 0xFF, 0xFF, 0x98, 0x00, 0x00, 0x00, 0x1B, 0x9A, 0xE2, 0xF9, 0xE8, 0xAD, 0x2D, 0x00, 0x00,
  0x00, 0x1A, 0xE8, 0xFF, 0xFF, 0xFF, 0xFF, 0xFF, 0xF4, 0x27, 0x00, 0x00, 0x99, 0xFF, 0xFF, 0xF1, 0x7E, 0xF0, 0xFF, 0xFF, 0xA2, 0x00, 0x00, 0xE0,
  0xFF, 0xFF, 0xA3, 0x00, 0xA3, 0xFF, 0xFF, 0xE3, 0x00, 0x00, 0xF9, 0xFF, 0xFF, 0x98, 0x00, 0x98, 0xFF, 0xFF, 0xFA, 0x00, 0x00, 0xFF, 0xFF, 0xFF,
  0xEF, 0xD8, 0xEF, 0xFF, 0xFF, 0xFF, 0x00, 0x00, 0xFF, 0xFF, 0xFF, 0xFF, 0xFF, 0xFF, 0xFF, 0xFF, 0xFF, 0x00, 0x00, 0xFF, 0xFF, 0xFF, 0x98, 0x00,
  0x00, 0x00, 0x00, 0x00, 0x00, 0x00, 0xFF, 0xFF, 0xFF, 0x98, 0x00, 0x47, 0x78, 0x78, 0x78, 0x00, 0x00, 0xF9, 0xFF, 0xFF, 0x99, 0x00, 0x98, 0xFF,
  0xFF, 0xFF, 0x00, 0x00, 0xDF, 0xFF, 0xFF, 0xB2, 0x00, 0xAC, 0xFF, 0xFF, 0xEE, 0x00, 0x00, 0x97, 0xFF, 0xFF, 0xFC, 0xAC, 0xFA, 0xFF, 0xFF, 0xB3,
  0x00, 0x00, 0x1A, 0xE8, 0xFF, 0xFF, 0xFF, 0xFF, 0xFF, 0xF8, 0x33, 0x00, 0x00, 0x00, 0x1C, 0x9C, 0xE3, 0xFA, 0xED, 0xB1, 0x32, 0x00, 0x00, 0x00,
  0x00, 0x00, 0x01, 0x3A, 0x5F, 0x6B, 0x5F, 0x00, 0x00, 0x08, 0xC6, 0xFF, 0xFF, 0xFF, 0xFF, 0x00, 0x00, 0x62, 0xFF, 0xFF, 0xFF, 0xFF, 0xFF, 0x00,
  0x00, 0x8D, 0xFF, 0xFF, 0xFF, 0x35, 0x0A, 0x00, 0x00, 0x97, 0xFF, 0xFF, 0xFF, 0x00, 0x00, 0x00, 0xFF, 0xFF, 0xFF, 0xFF, 0xFF, 0xFF, 0xFF, 0x00,
  0xFF, 0xFF, 0xFF, 0xFF, 0xFF, 0xFF, 0xFF, 0x00, 0x6C, 0xC3, 0xFF, 0xFF, 0xFF, 0x6C, 0x6C, 0x00, 0x00, 0x98, 0xFF, 0xFF, 0xFF, 0x00, 0x00, 0x00,
  0x00, 0x98, 0xFF, 0xFF, 0xFF, 0x00, 0x00, 0x00, 0x00, 0x98, 0xFF, 0xFF, 0xFF, 0x00, 0x00, 0x00, 0x00, 0x98, 0xFF, 0xFF, 0xFF, 0x00, 0x00, 0x00,
  0x00, 0x98, 0xFF, 0xFF, 0xFF, 0x00, 0x00, 0x00, 0x00, 0x98, 0xFF, 0xFF, 0xFF, 0x00, 0x00, 0x00, 0x00, 0x98, 0xFF, 0xFF, 0xFF, 0x00, 0x00, 0x00,
  0x00, 0x98, 0xFF, 0xFF, 0xFF, 0x00, 0x00, 0x00, 0x00, 0x98, 0xFF, 0xFF, 0xFF, 0x00, 0x00, 0x00, 0x00, 0x98, 0xFF, 0xFF, 0xFF, 0x00, 0x00, 0x00,
  0x00, 0x98, 0xFF, 0xFF, 0xFF, 0x00, 0x00, 0x00, 0x00, 0x00, 0x00, 0x00, 0x00, 0x00, 0x00, 0x00, 0x00, 0x01, 0x43, 0x00, 0x00, 0x00, 0x00, 0x2E,
  0xA7, 0xE6, 0xF9, 0xE5, 0x9E, 0x26, 0xBD, 0xFF, 0x2C, 0x00, 0x00, 0x39, 0xF8, 0xFF, 0xFF, 0xFF, 0xFF, 0xFF, 0xFF, 0xFF, 0xDF, 0x4A, 0x00, 0x00,
  0xC7, 0xFF, 0xFF, 0xE2, 0x7D, 0xF3, 0xFF, 0xFF, 0xF2, 0x03, 0x00, 0x00, 0x0D, 0xFF, 0xFF, 0xFF, 0x80, 0x00, 0xAB, 0xFF, 0xFF, 0xE3, 0x00, 0x00,
  0x00, 0x21, 0xFF, 0xFF, 0xFF, 0x72, 0x00, 0x9B, 0xFF, 0xFF, 0xF9, 0x00, 0x00, 0x00, 0x0E, 0xFF, 0xFF, 0xFF, 0x7F, 0x00, 0xAB, 0xFF, 0xFF, 0xE6,
  0x00, 0x00, 0x00, 0x00, 0xC8, 0xFF, 0xFF, 0xE1, 0x7B, 0xF2, 0xFF, 0xFF, 0xA4, 0x00, 0x00, 0x00, 0x00, 0x38, 0xFF, 0xFF, 0xFF, 0xFF, 0xFF, 0xFF,
  0xF1, 0x24, 0x00, 0x00, 0x00, 0x00, 0x5C, 0xFF, 0xFF, 0xE6, 0xFA, 0xE7, 0xA6, 0x25, 0x00, 0x00, 0x00, 0x00, 0x05, 0xE9, 0xFF, 0x20, 0x00, 0x00,
  0x00, 0x00, 0x00, 0x00, 0x00, 0x00, 0x00, 0x1E, 0xFF, 0xFF, 0xFC, 0xDD, 0xBE, 0x9F, 0x7A, 0x3A, 0x00, 0x00, 0x00, 0x00, 0x04, 0xE4, 0xFF, 0xFF,
  0xFF, 0xFF, 0xFF, 0xFF, 0xFF, 0xB5, 0x09, 0x00, 0x00, 0x00, 0x30, 0xFF, 0xFF, 0xFF, 0xFF, 0xFF, 0xFF, 0xFF, 0xFF, 0x7D, 0x00, 0x00, 0x28, 0xD5,
  0xFF, 0x87, 0x16, 0x37, 0x59, 0xAE, 0xFF, 0xFF, 0xC1, 0x00, 0x00, 0xCD, 0xFF, 0xFF, 0x12, 0x00, 0x00, 0x00, 0x12, 0xFF, 0xFF, 0xC9, 0x00, 0x00,
  0xF3, 0xFF, 0xFF, 0xC8, 0x7D, 0x6F, 0x7D, 0xC6, 0xFF, 0xFF, 0x90, 0x00, 0x00, 0x98, 0xFF, 0xFF, 0xFF, 0xFF, 0xFF, 0xFF, 0xFF, 0xFF, 0xDD, 0x18,
  0x00, 0x00, 0x01, 0x5F, 0xB8, 0xE5, 0xF9, 0xF9, 0xE9, 0xC2, 0x7A, 0x0F, 0x00, 0x00, 0x00, 0xFF, 0xFF, 0xFF, 0x98, 0x00, 0x00, 0x00, 0x00, 0x00,
  0x00, 0x00, 0x00, 0xFF, 0xFF, 0xFF, 0x98, 0x00, 0x00, 0x00, 0x00, 0x00, 0x00, 0x00, 0x00, 0xFF, 0xFF, 0xFF, 0x98, 0x00, 0x00, 0x00, 0x00, 0x00,
  0x00, 0x00, 0x00, 0xFF, 0xFF, 0xFF, 0x98, 0x00, 0x00, 0x00, 0x00, 0x00, 0x00, 0x00, 0x00, 0xFF, 0xFF, 0xFF, 0x98, 0x00, 0x00, 0x00, 0x00, 0x00,
  0x00, 0x00, 0x00, 0xFF, 0xFF, 0xFF, 0x98, 0x34, 0xB1, 0xF0, 0xF0, 0x7F, 0x00, 0x00, 0x00, 0xFF, 0xFF, 0xFF, 0xDD, 0xFB, 0xFF, 0xFF, 0xFF, 0xFF,
  0x41, 0x00, 0x00, 0xFF, 0xFF, 0xFF, 0xFF, 0xBF, 0xBA, 0xFF, 0xFF, 0xFF, 0x87, 0x00, 0x00, 0xFF, 0xFF, 0xFF, 0x9F, 0x00, 0x08, 0xFF, 0xFF, 0xFF,
  0x97, 0x00, 0x00, 0xFF, 0xFF, 0xFF, 0x98, 0x00, 0x00, 0xFF, 0xFF, 0xFF, 0x98, 0x00, 0x00, 0xFF, 0xFF, 0xFF, 0x98, 0x00, 0x00, 0xFF, 0xFF, 0xFF,
  0x98, 0x00, 0x00, 0xFF, 0xFF, 0xFF, 0x98, 0x00, 0x00, 0xFF, 0xFF, 0xFF, 0x98, 0x00, 0x00, 0xFF, 0xFF, 0xFF, 0x98, 0x00, 0x00, 0xFF, 0xFF, 0xFF,
  0x98, 0x00, 0x00, 0xFF, 0xFF, 0xFF, 0x98, 0x00, 0x00, 0xFF, 0xFF, 0xFF, 0x98, 0x00, 0x00, 0xFF, 0xFF, 0xFF, 0x98, 0x00, 0x00, 0xFF, 0xFF, 0xFF,
  0x98, 0x00, 0x00, 0xFF, 0xFF, 0xFF, 0x98, 0x00, 0x00, 0xFF, 0xFF, 0xFF, 0x98, 0x00, 0x00, 0xFF, 0xFF, 0xFF, 0x98, 0x00, 0x00, 0xFF, 0xFF, 0xFF,
  0x98, 0x00, 0x00, 0xFF, 0xFF, 0xFF, 0x98, 0x00, 0x00, 0xFF, 0xFF, 0xFF, 0x98, 0x00, 0x00, 0xFF, 0xFF, 0xFF, 0x98, 0x00, 0x00, 0xFF, 0xFF, 0xFF,
  0x98, 0x00, 0x00, 0x6C, 0x6C, 0x6C, 0x40, 0x00, 0x00, 0xFF, 0xFF, 0xFF, 0x98, 0x00, 0x00, 0xFF, 0xFF, 0xFF, 0x98, 0x00, 0x00, 0x00, 0x00, 0x00,
  0x00, 0x00, 0x00, 0x00, 0x00, 0x00, 0x00, 0x00, 0x00, 0xFF, 0xFF, 0xFF, 0x98, 0x00, 0x00, 0xFF, 0xFF, 0xFF, 0x98, 0x00, 0x00, 0xFF, 0xFF, 0xFF,
  0x98, 0x00, 0x00, 0xFF, 0xFF, 0xFF, 0x98, 0x00, 0x00, 0xFF, 0xFF, 0xFF, 0x98, 0x00, 0x00, 0xFF, 0xFF, 0xFF, 0x98, 0x00, 0x00, 0xFF, 0xFF, 0xFF,
  0x98, 0x00, 0x00, 0xFF, 0xFF, 0xFF, 0x98, 0x00, 0x00, 0xFF, 0xFF, 0xFF, 0x98, 0x00, 0x00, 0xFF, 0xFF, 0xFF, 0x98, 0x00, 0x00, 0xFF, 0xFF, 0xFF,
  0x98, 0x00, 0x00, 0xFF, 0xFF, 0xFF, 0x98, 0x00, 0x00, 0xFF, 0xFF, 0xFF, 0x98, 0x00, 0x00, 0xFF, 0xFF, 0xFF, 0x98, 0x00, 0x00, 0x00, 0xFF, 0xFF,
  0xFF, 0x98, 0x00, 0x00, 0xFF, 0xFF, 0xFF, 0x98, 0x00, 0x00, 0x6C, 0x6C, 0x6C, 0x40, 0x00, 0x00, 0x00, 0x00, 0x00, 0x00, 0x00, 0x00, 0x00, 0x00,
  0x00, 0x00, 0x00, 0x00, 0xFF, 0xFF, 0xFF, 0x98, 0x00, 0x00, 0xFF, 0xFF, 0xFF, 0x98, 0x00, 0x00, 0xFF, 0xFF, 0xFF, 0x98, 0x00, 0x00, 0xFF, 0xFF,
  0xFF, 0x98, 0x00, 0x00, 0xFF, 0xFF, 0xFF, 0x98, 0x00, 0x00, 0xFF, 0xFF, 0xFF, 0x98, 0x00, 0x00, 0xFF, 0xFF, 0xFF, 0x98, 0x00, 0x00, 0xFF, 0xFF,
  0xFF, 0x98, 0x00, 0x00, 0xFF, 0xFF, 0xFF, 0x98, 0x00, 0x00, 0xFF, 0xFF, 0xFF, 0x98, 0x00, 0x00, 0xFF, 0xFF, 0xFF, 0x98, 0x00, 0x00, 0xFF, 0xFF,
  0xFF, 0x98, 0x00, 0x00, 0xFF, 0xFF, 0xFF, 0x98, 0x00, 0x00, 0xFF, 0xFF, 0xFF, 0x98, 0x00, 0x29, 0xFF, 0xFF, 0xFF, 0x8F, 0xD8, 0xF4, 0xFF, 0xFF,
  0xFF, 0x67, 0xFF, 0xFF, 0xFF, 0xFF, 0xE6, 0x0E, 0xD5, 0xF8, 0xEA, 0xB2, 0x24, 0x00, 0x00, 0xFF, 0xFF, 0xFF, 0x98, 0x00, 0x00, 0x00, 0x00, 0x00,
  0x00, 0x00, 0x00, 0xFF, 0xFF, 0xFF, 0x98, 0x00, 0x00, 0x00, 0x00, 0x00, 0x00, 0x00, 0x00, 0xFF, 0xFF, 0xFF, 0x98, 0x00, 0x00, 0x00, 0x00, 0x00,
  0x00, 0x00, 0x00, 0xFF, 0xFF, 0xFF, 0x98, 0x00, 0x00, 0x00, 0x00, 0x00, 0x00, 0x00, 0x00, 0xFF, 0xFF, 0xFF, 0x98, 0x00, 0x00, 0x00, 0x00, 0x00,
  0x00, 0x00, 0x00, 0xFF, 0xFF, 0xFF, 0x98, 0x00, 0x00, 0xA4, 0xFF, 0xFF, 0xFF, 0x54, 0x00, 0xFF, 0xFF, 0xFF, 0x98, 0x00, 0x35, 0xFE, 0xFF, 0xFF,
  0xBE, 0x00, 0x00, 0xFF, 0xFF, 0xFF, 0x98, 0x00, 0xC3, 0xFF, 0xFF, 0xFC, 0x2D, 0x00, 0x00, 0xFF, 0xFF, 0xFF, 0x98, 0x54, 0xFF, 0xFF, 0xFF, 0x93,
  0x00, 0x00, 0x00, 0xFF, 0xFF, 0xFF, 0x9E, 0xDD, 0xFF, 0xFF, 0xEC, 0x11, 0x00, 0x00, 0x00, 0xFF, 0xFF, 0xFF, 0xF3, 0xFF, 0xFF, 0xFF, 0x73, 0x00,
  0x00, 0x00, 0x00, 0xFF, 0xFF, 0xFF, 0xFF, 0xFF, 0xFF, 0xFF, 0x9D, 0x00, 0x00, 0x00, 0x00, 0xFF, 0xFF, 0xFF, 0xFF, 0xB9, 0xFF, 0xFF, 0xF4, 0x0D,
  0x00, 0x00, 0x00, 0xFF, 0xFF, 0xFF, 0xBD, 0x14, 0xFC, 0xFF, 0xFF, 0x67, 0x00, 0x00, 0x00, 0xFF, 0xFF, 0xFF, 0x98, 0x00, 0xBD, 0xFF, 0xFF, 0xCC,
  0x00, 0x00, 0x00, 0xFF, 0xFF, 0xFF, 0x98, 0x00, 0x6A, 0xFF, 0xFF, 0xFF, 0x31, 0x00, 0x00, 0xFF, 0xFF, 0xFF, 0x98, 0x00, 0x19, 0xFE, 0xFF, 0xFF,
  0x96, 0x00, 0x00, 0xFF, 0xFF, 0xFF, 0x98, 0x00, 0x00, 0xC4, 0xFF, 0xFF, 0xF1, 0x0A, 0x00, 0xFF, 0xFF, 0xFF, 0x98, 0x00, 0x00, 0x71, 0xFF, 0xFF,
  0xFF, 0x61, 0x00, 0xFF, 0xFF, 0xFF, 0x98, 0x00, 0x00, 0xFF, 0xFF, 0xFF, 0x98, 0x00, 0x00, 0xFF, 0xFF, 0xFF, 0x98, 0x00, 0x00, 0xFF, 0xFF, 0xFF,
  0x98, 0x00, 0x00, 0xFF, 0xFF, 0xFF, 0x98, 0x00, 0x00, 0xFF, 0xFF, 0xFF, 0x98, 0x00, 0x00, 0xFF, 0xFF, 0xFF, 0x98, 0x00, 0x00, 0xFF, 0xFF, 0xFF,
  0x98, 0x00, 0x00, 0xFF, 0xFF, 0xFF, 0x98, 0x00, 0x00, 0xFF, 0xFF, 0xFF, 0x98, 0x00, 0x00, 0xFF, 0xFF, 0xFF, 0x98, 0x00, 0x00, 0xFF, 0xFF, 0xFF,
  0x98, 0x00, 0x00, 0xFF, 0xFF, 0xFF, 0x98, 0x00, 0x00, 0xFF, 0xFF, 0xFF, 0x98, 0x00, 0x00, 0xFF, 0xFF, 0xFF, 0x98, 0x00, 0x00, 0xFF, 0xFF, 0xFF,
  0x98, 0x00, 0x00, 0xFF, 0xFF, 0xFF, 0x98, 0x00, 0x00, 0xFF, 0xFF, 0xFF, 0x98, 0x00, 0x00, 0xFF, 0xFF, 0xFF, 0x98, 0x00, 0x00, 0xFF, 0xFF, 0xFF,
  0x9A, 0x6B, 0xCD, 0xF7, 0xEC, 0x87, 0x02, 0x63, 0xCA, 0xF6, 0xE6, 0x69, 0x00, 0x00, 0x00, 0xFF, 0xFF, 0xFF, 0xFB, 0xFF, 0xFF, 0xFF, 0xFF, 0xFF,
  0xD4, 0xFF, 0xFF, 0xFF, 0xFF, 0xFE, 0x35, 0x00, 0x00, 0xFF, 0xFF, 0xFF, 0xE6, 0x63, 0x69, 0xFF, 0xFF, 0xFF, 0xE6, 0x64, 0x69, 0xFF, 0xFF, 0xFF,
  0x82, 0x00, 0x00, 0xFF, 0xFF, 0xFF, 0x98, 0x00, 0x02, 0xFF, 0xFF, 0xFF, 0x98, 0x00, 0x02, 0xFF, 0xFF, 0xFF, 0x96, 0x00, 0x00, 0xFF, 0xFF, 0xFF,
  0x98, 0x00, 0x00, 0xFF, 0xFF, 0xFF, 0x98, 0x00, 0x00, 0xFF, 0xFF, 0xFF, 0x98, 0x00, 0x00, 0xFF, 0xFF, 0xFF, 0x98, 0x00, 0x00, 0xFF, 0xFF, 0xFF,
  0x98, 0x00, 0x00, 0xFF, 0xFF, 0xFF, 0x98, 0x00, 0x00, 0xFF, 0xFF, 0xFF, 0x98, 0x00, 0x00, 0xFF, 0xFF, 0xFF, 0x98, 0x00, 0x00, 0xFF, 0xFF, 0xFF,
  0x98, 0x00, 0x00, 0xFF, 0xFF, 0xFF, 0x98, 0x00, 0x00, 0xFF, 0xFF, 0xFF, 0x98, 0x00, 0x00, 0xFF, 0xFF, 0xFF, 0x98, 0x00, 0x00, 0xFF, 0xFF, 0xFF,
  0x98, 0x00, 0x00, 0xFF, 0xFF, 0xFF, 0x98, 0x00, 0x00, 0xFF, 0xFF, 0xFF, 0x98, 0x00, 0x00, 0xFF, 0xFF, 0xFF, 0x98, 0x00, 0x00, 0xFF, 0xFF, 0xFF,
  0x98, 0x00, 0x00, 0xFF, 0xFF, 0xFF, 0x98, 0x00, 0x00, 0xFF, 0xFF, 0xFF, 0x98, 0x00, 0x00, 0xFF, 0xFF, 0xFF, 0x98, 0x00, 0x00, 0xFF, 0xFF, 0xFF,
  0x98, 0x00, 0x00, 0xFF, 0xFF, 0xFF, 0x98, 0x00, 0x00, 0xFF, 0xFF, 0xFF, 0x98, 0x00, 0x00, 0xFF, 0xFF, 0xFF, 0x98, 0x00, 0x00, 0xFF, 0xFF, 0xFF,
  0x98, 0x00, 0x00, 0xFF, 0xFF, 0xFF, 0x98, 0x00, 0x00, 0xFF, 0xFF, 0xFF, 0x98, 0x00, 0x00, 0xFF, 0xFF, 0xFF, 0x98, 0x00, 0x00, 0xFF, 0xFF, 0xFF,
  0x98, 0x00, 0x00, 0xFF, 0xFF, 0xFF, 0x98, 0x00, 0x00, 0xFF, 0xFF, 0xFF, 0x98, 0x3A, 0xB3, 0xF1, 0xEE, 0x7C, 0x00, 0x00, 0x00, 0xFF, 0xFF, 0xFF,
  0xE5, 0xFD, 0xFF, 0xFF, 0xFF, 0xFF, 0x40, 0x00, 0x00, 0xFF, 0xFF, 0xFF, 0xF2, 0x8D, 0x93, 0xFF, 0xFF, 0xFF, 0x87, 0x00, 0x00, 0xFF, 0xFF, 0xFF,
  0x98, 0x00, 0x04, 0xFF, 0xFF, 0xFF, 0x97, 0x00, 0x00, 0xFF, 0xFF, 0xFF, 0x98, 0x00, 0x00, 0xFF, 0xFF, 0xFF, 0x98, 0x00, 0x00, 0xFF, 0xFF, 0xFF,
  0x98, 0x00, 0x00, 0xFF, 0xFF, 0xFF, 0x98, 0x00, 0x00, 0xFF, 0xFF, 0xFF, 0x98, 0x00, 0x00, 0xFF, 0xFF, 0xFF, 0x98, 0x00, 0x00, 0xFF, 0xFF, 0xFF,
  0x98, 0x00, 0x00, 0xFF, 0xFF, 0xFF, 0x98, 0x00, 0x00, 0xFF, 0xFF, 0xFF, 0x98, 0x00, 0x00, 0xFF, 0xFF, 0xFF, 0x98, 0x00, 0x00, 0xFF, 0xFF, 0xFF,
  0x98, 0x00, 0x00, 0xFF, 0xFF, 0xFF, 0x98, 0x00, 0x00, 0xFF, 0xFF, 0xFF, 0x98, 0x00, 0x00, 0xFF, 0xFF, 0xFF, 0x98, 0x00, 0x00, 0xFF, 0xFF, 0xFF,
  0x98, 0x00, 0x00, 0xFF, 0xFF, 0xFF, 0x98, 0x00, 0x00, 0xFF, 0xFF, 0xFF, 0x98, 0x00, 0x00, 0xFF, 0xFF, 0xFF, 0x98, 0x00, 0x00, 0xFF, 0xFF, 0xFF,
  0x98, 0x00, 0x00, 0xFF, 0xFF, 0xFF, 0x98, 0x00, 0x00, 0x00, 0x15, 0x90, 0xDC, 0xF7, 0xEE, 0xC2, 0x5C, 0x00, 0x00, 0x00, 0x19, 0xE5, 0xFF, 0xFF,
  0xFF, 0xFF, 0xFF, 0xFF, 0x91, 0x00, 0x00, 0x9A, 0xFF, 0xFF, 0xFB, 0x80, 0xB7, 0xFF, 0xFF, 0xFF, 0x2E, 0x00, 0xE3, 0xFF, 0xFF, 0xB3, 0x00, 0x1B,
  0xFF, 0xFF, 0xFF, 0x79, 0x00, 0xFC, 0xFF, 0xFF, 0x99, 0x00, 0x01, 0xFF, 0xFF, 0xFF, 0x93, 0x00, 0xFF, 0xFF, 0xFF, 0x98, 0x00, 0x00, 0xFF, 0xFF,
  0xFF, 0x98, 0x00, 0xFF, 0xFF, 0xFF, 0x98, 0x00, 0x00, 0xFF, 0xFF, 0xFF, 0x98, 0x00, 0xFF, 0xFF, 0xFF, 0x98, 0x00, 0x00, 0xFF, 0xFF, 0xFF, 0x98,
  0x00, 0xFF, 0xFF, 0xFF, 0x98, 0x00, 0x00, 0xFF, 0xFF, 0xFF, 0x98, 0x00, 0xFC, 0xFF, 0xFF, 0x99, 0x00, 0x01, 0xFF, 0xFF, 0xFF, 0x93, 0x00, 0xE3,
  0xFF, 0xFF, 0xB1, 0x00, 0x1A, 0xFF, 0xFF, 0xFF, 0x79, 0x00, 0x9B, 0xFF, 0xFF, 0xFA, 0x85, 0xB3, 0xFF, 0xFF, 0xFF, 0x30, 0x00, 0x1A, 0xE6, 0xFF,
  0xFF, 0xFF, 0xFF, 0xFF, 0xFF, 0x93, 0x00, 0x00, 0x00, 0x17, 0x94, 0xDD, 0xF8, 0xEF, 0xC4, 0x5F, 0x00, 0x00, 0x00, 0xFF, 0xFF, 0xFF, 0x9F, 0x71,
  0xD9, 0xF9, 0xD3, 0x30, 0x00, 0x00, 0x00, 0xFF, 0xFF, 0xFF, 0xFF, 0xFF, 0xFF, 0xFF, 0xFF, 0xEB, 0x0C, 0x00, 0x00, 0xFF, 0xFF, 0xFF, 0xC6, 0x21,
  0x6A, 0xFF, 0xFF, 0xFF, 0x5E, 0x00, 0x00, 0xFF, 0xFF, 0xFF, 0x98, 0x00, 0x0B, 0xFF, 0xFF, 0xFF, 0x87, 0x00, 0x00, 0xFF, 0xFF, 0xFF, 0x98, 0x00,
  0x00, 0xFF, 0xFF, 0xFF, 0x97, 0x00, 0x00, 0xFF, 0xFF, 0xFF, 0x98, 0x00, 0x00, 0xFF, 0xFF, 0xFF, 0x98, 0x00, 0x00, 0xFF, 0xFF, 0xFF, 0x98, 0x00,
  0x00, 0xFF, 0xFF, 0xFF, 0x98, 0x00, 0x00, 0xFF, 0xFF, 0xFF, 0x98, 0x00, 0x00, 0xFF, 0xFF, 0xFF, 0x98, 0x00, 0x00, 0xFF, 0xFF, 0xFF, 0x98, 0x00,
  0x00, 0xFF, 0xFF, 0xFF, 0x98, 0x00, 0x00, 0xFF, 0xFF, 0xFF, 0x98, 0x00, 0x02, 0xFF, 0xFF, 0xFF, 0x95, 0x00, 0x00, 0xFF, 0xFF, 0xFF, 0x98, 0x00,
  0x20, 0xFF, 0xFF, 0xFF, 0x84, 0x00, 0x00, 0xFF, 0xFF, 0xFF, 0xE1, 0x77, 0xB3, 0xFF, 0xFF, 0xFF, 0x52, 0x00, 0x00, 0xFF, 0xFF, 0xFF, 0xF1, 0xFF,
  0xFF, 0xFF, 0xFF, 0xE2, 0x07, 0x00, 0x00, 0xFF, 0xFF, 0xFF, 0x98, 0x56, 0xD5, 0xF7, 0xC7, 0x2E, 0x00, 0x00, 0x00, 0xFF, 0xFF, 0xFF, 0x98, 0x00,
  0x00, 0x00, 0x00, 0x00, 0x00, 0x00, 0x00, 0xFF, 0xFF, 0xFF, 0x98, 0x00, 0x00, 0x00, 0x00, 0x00, 0x00, 0x00, 0x00, 0xFF, 0xFF, 0xFF, 0x98, 0x00,
  0x00, 0x00, 0x00, 0x00, 0x00, 0x00, 0x00, 0xFF, 0xFF, 0xFF, 0x98, 0x00, 0x00, 0x00, 0x00, 0x00, 0x00, 0x00, 0x00, 0x00, 0x65, 0xDF, 0xF2, 0xC7,
  0x58, 0xFF, 0xFF, 0xFF, 0x98, 0x00, 0x00, 0x4A, 0xFF, 0xFF, 0xFF, 0xFF, 0xFF, 0xFF, 0xFF, 0xFF, 0x98, 0x00, 0x00, 0xB6, 0xFF, 0xFF, 0xEB, 0x33,
  0x47, 0xFF, 0xFF, 0xFF, 0x98, 0x00, 0x00, 0xEA, 0xFF, 0xFF, 0xA3, 0x00, 0x00, 0xFF, 0xFF, 0xFF, 0x98, 0x00, 0x00, 0xFD, 0xFF, 0xFF, 0x98, 0x00,
  0x00, 0xFF, 0xFF, 0xFF, 0x98, 0x00, 0x00, 0xFF, 0xFF, 0xFF, 0x98, 0x00, 0x00, 0xFF, 0xFF, 0xFF, 0x98, 0x00, 0x00, 0xFF, 0xFF, 0xFF, 0x98, 0x00,
  0x00, 0xFF, 0xFF, 0xFF, 0x98, 0x00, 0x00, 0xFF, 0xFF, 0xFF, 0x98, 0x00, 0x00, 0xFF, 0xFF, 0xFF, 0x98, 0x00, 0x00, 0xFF, 0xFF, 0xFF, 0x98, 0x00,
  0x00, 0xFF, 0xFF, 0xFF, 0x98, 0x00, 0x00, 0xFE, 0xFF, 0xFF, 0x99, 0x00, 0x00, 0xFF, 0xFF, 0xFF, 0x98, 0x00, 0x00, 0xF1, 0xFF, 0xFF, 0xB3, 0x00,
  0x00, 0xFF, 0xFF, 0xFF, 0x98, 0x00, 0x00, 0xC5, 0xFF, 0xFF, 0xFC, 0x7D, 0x91, 0xFF, 0xFF, 0xFF, 0x98, 0x00, 0x00, 0x62, 0xFF, 0xFF, 0xFF, 0xFF,
  0xF0, 0xFF, 0xFF, 0xFF, 0x98, 0x00, 0x00, 0x00, 0x79, 0xE5, 0xF7, 0xBA, 0x29, 0xFF, 0xFF, 0xFF, 0x98, 0x00, 0x00, 0x00, 0x00, 0x00, 0x00, 0x00,
  0x00, 0xFF, 0xFF, 0xFF, 0x98, 0x00, 0x00, 0x00, 0x00, 0x00, 0x00, 0x00, 0x00, 0xFF, 0xFF, 0xFF, 0x98, 0x00, 0x00, 0x00, 0x00, 0x00, 0x00, 0x00,
  0x00, 0xFF, 0xFF, 0xFF, 0x98, 0x00, 0x00, 0x00, 0x00, 0x00, 0x00, 0x00, 0x00, 0xFF, 0xFF, 0xFF, 0x98, 0x00, 0x00, 0xFF, 0xFF, 0xFF, 0x98, 0x28,
  0xC2, 0xF9, 0x00, 0x00, 0xFF, 0xFF, 0xFF, 0xAF, 0xE6, 0xFF, 0xFF, 0x00, 0x00, 0xFF, 0xFF, 0xFF, 0xFF, 0xFF, 0xFF, 0xFF, 0x00, 0x00, 0xFF, 0xFF,
  0xFF, 0xFE, 0x79, 0x0C, 0x24, 0x00, 0x00, 0xFF, 0xFF, 0xFF, 0xA8, 0x00, 0x00, 0x00, 0x00, 0x00, 0xFF, 0xFF, 0xFF, 0x98, 0x00, 0x00, 0x00, 0x00,
  0x00, 0xFF, 0xFF, 0xFF, 0x98, 0x00, 0x00, 0x00, 0x00, 0x00, 0xFF, 0xFF, 0xFF, 0x98, 0x00, 0x00, 0x00, 0x00, 0x00, 0xFF, 0xFF, 0xFF, 0x98, 0x00,
  0x00, 0x00, 0x00, 0x00, 0xFF, 0xFF, 0xFF, 0x98, 0x00, 0x00, 0x00, 0x00, 0x00, 0xFF, 0xFF, 0xFF, 0x98, 0x00, 0x00, 0x00, 0x00, 0x00, 0xFF, 0xFF,
  0xFF, 0x98, 0x00, 0x00, 0x00, 0x00, 0x00, 0xFF, 0xFF, 0xFF, 0x98, 0x00, 0x00, 0x00, 0x00, 0x00, 0xFF, 0xFF, 0xFF, 0x98, 0x00, 0x00, 0x00, 0x00,
  0x00, 0x00, 0x33, 0xB2, 0xEF, 0xEF, 0xC3, 0x49, 0x00, 0x00, 0x00, 0x40, 0xFA, 0xFF, 0xFF, 0xFF, 0xFF, 0xFF, 0x61, 0x00, 0x00, 0xC8, 0xFF, 0xFF,
  0xE7, 0x80, 0xF7, 0xFF, 0xF5, 0x10, 0x00, 0xF6, 0xFF, 0xFF, 0xAB, 0x00, 0x83, 0xFF, 0xCE, 0x2C, 0x00, 0xE2, 0xFF, 0xFF, 0xFA, 0x47, 0x1D, 0x37,
  0x00, 0x00, 0x00, 0x84, 0xFF, 0xFF, 0xFF, 0xF9, 0x53, 0x00, 0x00, 0x00, 0x00, 0x06, 0xBF, 0xFF, 0xFF, 0xFF, 0xFC, 0x5D, 0x00, 0x00, 0x00, 0x00,
  0x0A, 0xB7, 0xFF, 0xFF, 0xFF, 0xFD, 0x53, 0x00, 0x00, 0x00, 0x00, 0x04, 0x9E, 0xFF, 0xFF, 0xFF, 0xF0, 0x1B, 0x00, 0x00, 0x2B, 0x40, 0x00, 0x94,
  0xFF, 0xFF, 0xFF, 0x79, 0x1C, 0xCA, 0xFF, 0xDB, 0x05, 0x10, 0xFF, 0xFF, 0xFF, 0x8E, 0x01, 0xD0, 0xFF, 0xFF, 0xB6, 0x98, 0xFF, 0xFF, 0xFF, 0x61,
  0x00, 0x2F, 0xEF, 0xFF, 0xFF, 0xFF, 0xFF, 0xFF, 0xCF, 0x08, 0x00, 0x00, 0x26, 0xA2, 0xE1, 0xF9, 0xDE, 0x8B, 0x0F, 0x00, 0x00, 0x00, 0x98, 0xFF,
  0xFF, 0xFF, 0x00, 0x00, 0x00, 0x00, 0x00, 0x98, 0xFF, 0xFF, 0xFF, 0x00, 0x00, 0x00, 0x00, 0x00, 0x98, 0xFF, 0xFF, 0xFF, 0x00, 0x00, 0x00, 0x00,
  0x00, 0x98, 0xFF, 0xFF, 0xFF, 0x00, 0x00, 0x00, 0x00, 0xFF, 0xFF, 0xFF, 0xFF, 0xFF, 0xFF, 0xFF, 0x00, 0x00, 0xFF, 0xFF, 0xFF, 0xFF, 0xFF, 0xFF,
  0xFF, 0x00, 0x00, 0x6C, 0xC3, 0xFF, 0xFF, 0xFF, 0x6C, 0x6C, 0x00, 0x00, 0x00, 0x98, 0xFF, 0xFF, 0xFF, 0x00, 0x00, 0x00, 0x00, 0x00, 0x98, 0xFF,
  0xFF, 0xFF, 0x00, 0x00, 0x00, 0x00, 0x00, 0x98, 0xFF, 0xFF, 0xFF, 0x00, 0x00, 0x00, 0x00, 0x00, 0x98, 0xFF, 0xFF, 0xFF, 0x00, 0x00, 0x00, 0x00,
  0x00, 0x98, 0xFF, 0xFF, 0xFF, 0x00, 0x00, 0x00, 0x00, 0x00, 0x98, 0xFF, 0xFF, 0xFF, 0x00, 0x00, 0x00, 0x00, 0x00, 0x98, 0xFF, 0xFF, 0xFF, 0x00,
  0x00, 0x00, 0x00, 0x00, 0x93, 0xFF, 0xFF, 0xFF, 0x2D, 0x00, 0x00, 0x00, 0x00, 0x78, 0xFF, 0xFF, 0xFF, 0xFB, 0xE4, 0x78, 0x00, 0x00, 0x28, 0xFB,
  0xFF, 0xFF, 0xFF, 0xFF, 0x80, 0x00, 0x00, 0x00, 0x47, 0xC4, 0xF1, 0xFC, 0xF1, 0x6E, 0x00, 0xFF, 0xFF, 0xFF, 0x98, 0x00, 0x00, 0xFF, 0xFF, 0xFF,
  0x98, 0x00, 0x00, 0xFF, 0xFF, 0xFF, 0x98, 0x00, 0x00, 0xFF, 0xFF, 0xFF, 0x98, 0x00, 0x00, 0xFF, 0xFF, 0xFF, 0x98, 0x00, 0x00, 0xFF, 0xFF, 0xFF,
  0x98, 0x00, 0x00, 0xFF, 0xFF, 0xFF, 0x98, 0x00, 0x00, 0xFF, 0xFF, 0xFF, 0x98, 0x00, 0x00, 0xFF, 0xFF, 0xFF, 0x98, 0x00, 0x00, 0xFF, 0xFF, 0xFF,
  0x98, 0x00, 0x00, 0xFF, 0xFF, 0xFF, 0x98, 0x00, 0x00, 0xFF, 0xFF, 0xFF, 0x98, 0x00, 0x00, 0xFF, 0xFF, 0xFF, 0x98, 0x00, 0x00, 0xFF, 0xFF, 0xFF,
  0x98, 0x00, 0x00, 0xFF, 0xFF, 0xFF, 0x98, 0x00, 0x00, 0xFF, 0xFF, 0xFF, 0x98, 0x00, 0x00, 0xFF, 0xFF, 0xFF, 0x98, 0x00, 0x00, 0xFF, 0xFF, 0xFF,
  0x98, 0x00, 0x00, 0xFF, 0xFF, 0xFF, 0x98, 0x00, 0x00, 0xFF, 0xFF, 0xFF, 0x98, 0x00, 0x00, 0xFF, 0xFF, 0xFF, 0x9E, 0x00, 0x00, 0xFF, 0xFF, 0xFF,
  0x98, 0x00, 0x00, 0xF0, 0xFF, 0xFF, 0xE1, 0x58, 0x95, 0xFF, 0xFF, 0xFF, 0x98, 0x00, 0x00, 0xAC, 0xFF, 0xFF, 0xFF, 0xFF, 0xEB, 0xFF, 0xFF, 0xFF,
  0x98, 0x00, 0x00, 0x1A, 0xBF, 0xF8, 0xE2, 0x8E, 0x10, 0xFF, 0xFF, 0xFF, 0x98, 0x00, 0xA3, 0xFF, 0xFF, 0xD4, 0x00, 0x00, 0xD5, 0xFF, 0xFF, 0x9D,
  0x70, 0xFF, 0xFF, 0xF6, 0x01, 0x00, 0xF4, 0xFF, 0xFF, 0x6A, 0x3D, 0xFF, 0xFF, 0xFF, 0x1A, 0x15, 0xFF, 0xFF, 0xFF, 0x37, 0x0C, 0xFD, 0xFF, 0xFF,
  0x3D, 0x35, 0xFF, 0xFF, 0xFB, 0x08, 0x00, 0xD7, 0xFF, 0xFF, 0x60, 0x56, 0xFF, 0xFF, 0xD0, 0x00, 0x00, 0xA4, 0xFF, 0xFF, 0x83, 0x76, 0xFF, 0xFF,
  0x9C, 0x00, 0x00, 0x72, 0xFF, 0xFF, 0xA5, 0x96, 0xFF, 0xFF, 0x69, 0x00, 0x00, 0x3F, 0xFF, 0xFF, 0xC8, 0xB6, 0xFF, 0xFF, 0x35, 0x00, 0x00, 0x0D,
  0xFE, 0xFF, 0xEB, 0xD7, 0xFF, 0xFA, 0x07, 0x00, 0x00, 0x00, 0xD9, 0xFF, 0xFF, 0xFA, 0xFF, 0xCF, 0x00, 0x00, 0x00, 0x00, 0xA6, 0xFF, 0xFF, 0xFF,
  0xFF, 0x9B, 0x00, 0x00, 0x00, 0x00, 0x73, 0xFF, 0xFF, 0xFF, 0xFF, 0x68, 0x00, 0x00, 0x00, 0x00, 0x40, 0xFF, 0xFF, 0xFF, 0xFF, 0x34, 0x00, 0x00,
  0x00, 0x00, 0x0E, 0xFE, 0xFF, 0xFF, 0xFA, 0x07, 0x00, 0x00, 0x66, 0xFF, 0xFF, 0x9C, 0x00, 0x2B, 0xFF, 0xFF, 0x9C, 0x00, 0x27, 0xFF, 0xFF, 0xAB,
  0x40, 0xFF, 0xFF, 0xBE, 0x00, 0x51, 0xFF, 0xFF, 0xBE, 0x00, 0x4C, 0xFF, 0xFF, 0x84, 0x1A, 0xFF, 0xFF, 0xDF, 0x00, 0x77, 0xFF, 0xFF, 0xDF, 0x00,
  0x71, 0xFF, 0xFF, 0x5D, 0x00, 0xF2, 0xFF, 0xFC, 0x04, 0x9D, 0xFF, 0xFF, 0xFC, 0x04, 0x96, 0xFF, 0xFF, 0x36, 0x00, 0xCE, 0xFF, 0xFF, 0x22, 0xC3,
  0xFF, 0xFF, 0xFF, 0x22, 0xBC, 0xFF, 0xFF, 0x0F, 0x00, 0xA8, 0xFF, 0xFF, 0x44, 0xE9, 0xFF, 0xFB, 0xFF, 0x44, 0xE1, 0xFF, 0xE8, 0x00, 0x00, 0x82,
  0xFF, 0xFF, 0x74, 0xFF, 0xFD, 0xBD, 0xFF, 0x6D, 0xFD, 0xFF, 0xC1, 0x00, 0x00, 0x5C, 0xFF, 0xFF, 0xBB, 0xFF, 0xDA, 0x89, 0xFF, 0xB2, 0xFF, 0xFF,
  0x99, 0x00, 0x00, 0x36, 0xFF, 0xFF, 0xF8, 0xFF, 0xAD, 0x60, 0xFF, 0xF3, 0xFF, 0xFF, 0x72, 0x00, 0x00, 0x0F, 0xFF, 0xFF, 0xFF, 0xFF, 0x81, 0x36,
  0xFF, 0xFF, 0xFF, 0xFF, 0x4B, 0x00, 0x00, 0x00, 0xEA, 0xFF, 0xFF, 0xFF, 0x54, 0x0D, 0xFF, 0xFF, 0xFF, 0xFF, 0x24, 0x00, 0x00, 0x00, 0xC4, 0xFF,
  0xFF, 0xFF, 0x27, 0x00, 0xE4, 0xFF, 0xFF, 0xF9, 0x03, 0x00, 0x00, 0x00, 0x9E, 0xFF, 0xFF, 0xF7, 0x03, 0x00, 0xBA, 0xFF, 0xFF, 0xD6, 0x00, 0x00,
  0x00, 0x00, 0x77, 0xFF, 0xFF, 0xCE, 0x00, 0x00, 0x91, 0xFF, 0xFF, 0xAF, 0x00, 0x00, 0x64, 0xFF, 0xFF, 0xFF, 0x3C, 0x00, 0x2B, 0xFF, 0xFF, 0xBB,
  0x00, 0x07, 0xE9, 0xFF, 0xFF, 0xAF, 0x00, 0x91, 0xFF, 0xFF, 0x52, 0x00, 0x00, 0x80, 0xFF, 0xFF, 0xFD, 0x2B, 0xEE, 0xFF, 0xE5, 0x04, 0x00, 0x00,
  0x15, 0xF7, 0xFF, 0xFF, 0xDC, 0xFF, 0xFF, 0x80, 0x00, 0x00, 0x00, 0x00, 0x9C, 0xFF, 0xFF, 0xFF, 0xFF, 0xFC, 0x1B, 0x00, 0x00, 0x00, 0x00, 0x2A,
  0xFF, 0xFF, 0xFF, 0xFF, 0xAF, 0x00, 0x00, 0x00, 0x00, 0x00, 0x00, 0xDF, 0xFF, 0xFF, 0xFF, 0x47, 0x00, 0x00, 0x00, 0x00, 0x00, 0x33, 0xFF, 0xFF,
  0xFF, 0xFF, 0x5E, 0x00, 0x00, 0x00, 0x00, 0x00, 0x97, 0xFF, 0xFF, 0xFF, 0xFF, 0xCF, 0x00, 0x00, 0x00, 0x00, 0x0A, 0xF0, 0xFF, 0xFF, 0xFF, 0xFF,
  0xFF, 0x41, 0x00, 0x00, 0x00, 0x5F, 0xFF, 0xFF, 0xA5, 0xE8, 0xFF, 0xFF, 0xB2, 0x00, 0x00, 0x00, 0xC3, 0xFF, 0xFF, 0x3F, 0x80, 0xFF, 0xFF, 0xFE,
  0x26, 0x00, 0x27, 0xFF, 0xFF, 0xDE, 0x01, 0x17, 0xF8, 0xFF, 0xFF, 0x95, 0x00, 0x8A, 0xFF, 0xFF, 0x7F, 0x00, 0x00, 0xA0, 0xFF, 0xFF, 0xF5, 0x12,
  0x39, 0xFF, 0xFF, 0xFF, 0x56, 0x00, 0x00, 0x9E, 0xFF, 0xFF, 0xCE, 0x03, 0xEE, 0xFF, 0xFF, 0x8B, 0x00, 0x00, 0xC8, 0xFF, 0xFF, 0x95, 0x00, 0xAA,
  0xFF, 0xFF, 0xC0, 0x00, 0x00, 0xF1, 0xFF, 0xFF, 0x5B, 0x00, 0x63, 0xFF, 0xFF, 0xF3, 0x02, 0x1D, 0xFF, 0xFF, 0xFF, 0x21, 0x00, 0x1C, 0xFF, 0xFF,
  0xFF, 0x2A, 0x48, 0xFF, 0xFF, 0xE7, 0x00, 0x00, 0x00, 0xD4, 0xFF, 0xFF, 0x5F, 0x72, 0xFF, 0xFF, 0xAE, 0x00, 0x00, 0x00, 0x8D, 0xFF, 0xFF, 0x94,
  0x9D, 0xFF, 0xFF, 0x74, 0x00, 0x00, 0x00, 0x46, 0xFF, 0xFF, 0xCA, 0xC7, 0xFF, 0xFF, 0x3A, 0x00, 0x00, 0x00, 0x08, 0xF6, 0xFF, 0xF9, 0xF2, 0xFF,
  0xF8, 0x07, 0x00, 0x00, 0x00, 0x00, 0xB7, 0xFF, 0xFF, 0xFF, 0xFF, 0xC6, 0x00, 0x00, 0x00, 0x00, 0x00, 0x70, 0xFF, 0xFF, 0xFF, 0xFF, 0x8D, 0x00,
  0x00, 0x00, 0x00, 0x00, 0x29, 0xFF, 0xFF, 0xFF, 0xFF, 0x53, 0x00, 0x00, 0x00, 0x00, 0x00, 0x00, 0xE4, 0xFF, 0xFF, 0xFF, 0x19, 0x00, 0x00, 0x00,
  0x00, 0x00, 0x00, 0xA2, 0xFF, 0xFF, 0xDF, 0x00, 0x00, 0x00, 0x00, 0x00, 0x00, 0x00, 0x90, 0xFF, 0xFF, 0xA2, 0x00, 0x00, 0x00, 0x00, 0x00, 0x88,
  0xA7, 0xF9, 0xFF, 0xFF, 0x4D, 0x00, 0x00, 0x00, 0x00, 0x00, 0xFF, 0xFF, 0xFF, 0xFF, 0xB3, 0x00, 0x00, 0x00, 0x00, 0x00, 0x00, 0xFF, 0xF4, 0xCF,
  0x76, 0x05, 0x00, 0x00, 0x00, 0x00, 0x00, 0x00, 0xFF, 0xFF, 0xFF, 0xFF, 0xFF, 0xFF, 0xFF, 0x00, 0x00, 0xFF, 0xFF, 0xFF, 0xFF, 0xFF, 0xFF, 0xFF,
  0x00, 0x00, 0x6C, 0x6C, 0x6C, 0xDA, 0xFF, 0xFF, 0xCA, 0x00, 0x00, 0x00, 0x00, 0x20, 0xFB, 0xFF, 0xFF, 0x67, 0x00, 0x00, 0x00, 0x00, 0x94, 0xFF,
  0xFF, 0xF5, 0x0E, 0x00, 0x00, 0x00, 0x14, 0xF6, 0xFF, 0xFF, 0xA0, 0x00, 0x00, 0x00, 0x00, 0x82, 0xFF, 0xFF, 0xFF, 0x3C, 0x00, 0x00, 0x00, 0x0B,
  0xED, 0xFF, 0xFF, 0xD8, 0x00, 0x00, 0x00, 0x00, 0x70, 0xFF, 0xFF, 0xFF, 0x75, 0x00, 0x00, 0x00, 0x05, 0xE2, 0xFF, 0xFF, 0xFB, 0x17, 0x00, 0x00,
  0x00, 0x5E, 0xFF, 0xFF, 0xFF, 0xAF, 0x00, 0x00, 0x00, 0x00, 0xD4, 0xFF, 0xFF, 0xFF, 0xA3, 0x6C, 0x6C, 0x6C, 0x00, 0xFF, 0xFF, 0xFF, 0xFF, 0xFF,
  0xFF, 0xFF, 0xFF, 0x00, 0xFF, 0xFF, 0xFF, 0xFF, 0xFF, 0xFF, 0xFF, 0xFF, 0x00, 0x00, 0x00, 0x04, 0x70, 0xC2, 0xE7, 0xF7, 0x7E, 0x00, 0x00, 0x00,
  0x88, 0xFF, 0xFF, 0xFF, 0xFF, 0x80, 0x00, 0x00, 0x00, 0xDE, 0xFF, 0xFF, 0xF9, 0x8D, 0x38, 0x00, 0x00, 0x00, 0xF8, 0xFF, 0xFF, 0xB2, 0x00, 0x00,
  0x00, 0x00, 0x00, 0xFF, 0xFF, 0xFF, 0x99, 0x00, 0x00, 0x00, 0x00, 0x00, 0xFF, 0xFF, 0xFF, 0x98, 0x00, 0x00, 0x00, 0x00, 0x00, 0xFF, 0xFF, 0xFF,
  0x97, 0x00, 0x00, 0x00, 0x00, 0x06, 0xFF, 0xFF, 0xFF, 0x8D, 0x00, 0x00, 0x00, 0x00, 0x1D, 0xFF, 0xFF, 0xFF, 0x72, 0x00, 0x00, 0x00, 0x38, 0xB5,
  0xFF, 0xFF, 0xFB, 0x28, 0x00, 0x00, 0x00, 0x80, 0xFF, 0xFF, 0xE6, 0x52, 0x00, 0x00, 0x00, 0x00, 0x80, 0xFF, 0xFF, 0xFF, 0x9E, 0x00, 0x00, 0x00,
  0x00, 0x03, 0x64, 0xFF, 0xFF, 0xFF, 0x37, 0x00, 0x00, 0x00, 0x00, 0x14, 0xFF, 0xFF, 0xFF, 0x74, 0x00, 0x00, 0x00, 0x00, 0x05, 0xFF, 0xFF, 0xFF,
  0x8B, 0x00, 0x00, 0x00, 0x00, 0x00, 0xFF, 0xFF, 0xFF, 0x97, 0x00, 0x00, 0x00, 0x00, 0x00, 0xFF, 0xFF, 0xFF, 0x98, 0x00, 0x00, 0x00, 0x00, 0x00,
  0xFF, 0xFF, 0xFF, 0x98, 0x00, 0x00, 0x00, 0x00, 0x00, 0xFC, 0xFF, 0xFF, 0x9C, 0x00, 0x00, 0x00, 0x00, 0x00, 0xF0, 0xFF, 0xFF, 0xB5, 0x00, 0x00,
  0x00, 0x00, 0x00, 0xCE, 0xFF, 0xFF, 0xFB, 0x93, 0x38, 0x00, 0x00, 0x00, 0x6B, 0xFF, 0xFF, 0xFF, 0xFF, 0x80, 0x00, 0x00, 0x00, 0x00, 0x5A, 0xBA,
  0xE4, 0xF7, 0x7F, 0x00, 0x00, 0xFF, 0xFF, 0xFF, 0x98, 0x00, 0x00, 0xFF, 0xFF, 0xFF, 0x98, 0x00, 0x00, 0xFF, 0xFF, 0xFF, 0x98, 0x00, 0x00, 0xFF,
  0xFF, 0xFF, 0x98, 0x00, 0x00, 0xFF, 0xFF, 0xFF, 0x98, 0x00, 0x00, 0xFF, 0xFF, 0xFF, 0x98, 0x00, 0x00, 0xFF, 0xFF, 0xFF, 0x98, 0x00, 0x00, 0xFF,
  0xFF, 0xFF, 0x98, 0x00, 0x00, 0xFF, 0xFF, 0xFF, 0x98, 0x00, 0x00, 0xFF, 0xFF, 0xFF, 0x98, 0x00, 0x00, 0xFF, 0xFF, 0xFF, 0x98, 0x00, 0x00, 0xFF,
  0xFF, 0xFF, 0x98, 0x00, 0x00, 0xFF, 0xFF, 0xFF, 0x98, 0x00, 0x00, 0xFF, 0xFF, 0xFF, 0x98, 0x00, 0x00, 0xFF, 0xFF, 0xFF, 0x98, 0x00, 0x00, 0xFF,
  0xFF, 0xFF, 0x98, 0x00, 0x00, 0xFF, 0xFF, 0xFF, 0x98, 0x00, 0x00, 0xFF, 0xFF, 0xFF, 0x98, 0x00, 0x00, 0xFF, 0xFF, 0xFF, 0x98, 0x00, 0x00, 0xFF,
  0xFF, 0xFF, 0x98, 0x00, 0x00, 0xFF, 0xFF, 0xFF, 0x98, 0x00, 0x00, 0xFF, 0xFF, 0xFF, 0x98, 0x00, 0x00, 0xFF, 0xFF, 0xFF, 0x98, 0x00, 0xFB, 0xF2,
  0xD9, 0xA6, 0x35, 0x00, 0x00, 0x00, 0x00, 0xFF, 0xFF, 0xFF, 0xFF, 0xF6, 0x21, 0x00, 0x00, 0x00, 0x72, 0xC3, 0xFF, 0xFF, 0xFF, 0x6F, 0x00, 0x00,
  0x00, 0x00, 0x1F, 0xFF, 0xFF, 0xFF, 0x8D, 0x00, 0x00, 0x00, 0x00, 0x02, 0xFF, 0xFF, 0xFF, 0x96, 0x00, 0x00, 0x00, 0x00, 0x00, 0xFF, 0xFF, 0xFF,
  0x98, 0x00, 0x00, 0x00, 0x00, 0x00, 0xFF, 0xFF, 0xFF, 0x98, 0x00, 0x00, 0x00, 0x00, 0x00, 0xF6, 0xFF, 0xFF, 0x9D, 0x00, 0x00, 0x00, 0x00, 0x00,
  0xDC, 0xFF, 0xFF, 0xB0, 0x00, 0x00, 0x00, 0x00, 0x00, 0x8F, 0xFF, 0xFF, 0xF6, 0x7E, 0x00, 0x00, 0x00, 0x00, 0x0A, 0x97, 0xFF, 0xFF, 0xFF, 0x00,
  0x00, 0x00, 0x00, 0x23, 0xE5, 0xFF, 0xFF, 0xFF, 0x00, 0x00, 0x00, 0x00, 0xA3, 0xFF, 0xFF, 0xDF, 0x16, 0x00, 0x00, 0x00, 0x00, 0xDE, 0xFF, 0xFF,
  0xA8, 0x00, 0x00, 0x00, 0x00, 0x00, 0xF5, 0xFF, 0xFF, 0x9C, 0x00, 0x00, 0x00, 0x00, 0x00, 0xFF, 0xFF, 0xFF, 0x98, 0x00, 0x00, 0x00, 0x00, 0x00,
  0xFF, 0xFF, 0xFF, 0x98, 0x00, 0x00, 0x00, 0x00, 0x00, 0xFF, 0xFF, 0xFF, 0x97, 0x00, 0x00, 0x00, 0x00, 0x05, 0xFF, 0xFF, 0xFF, 0x92, 0x00, 0x00,
  0x00, 0x00, 0x22, 0xFF, 0xFF, 0xFF, 0x84, 0x00, 0x00, 0x00, 0x73, 0xCA, 0xFF, 0xFF, 0xFF, 0x5D, 0x00, 0x00, 0x00, 0xFF, 0xFF, 0xFF, 0xFF, 0xEA,
  0x11, 0x00, 0x00, 0x00, 0xFB, 0xF1, 0xD5, 0x99, 0x22, 0x00, 0x00, 0x00, 0x00, 0x00, 0x74, 0xEF, 0xDA, 0x68, 0x03, 0x00, 0x13, 0x5F, 0x00, 0x00,
  0x8E, 0xFF, 0xFF, 0xFF, 0xFF, 0xD4, 0x7B, 0xD4, 0xFE, 0x4C, 0x01, 0xC3, 0xF6, 0x87, 0xA3, 0xFC, 0xFF, 0xFF, 0xFF, 0xE9, 0x1A, 0x00, 0x1B, 0x40,
  0x00, 0x00, 0x2C, 0xAF, 0xF5, 0xC8, 0x23, 0x00, 0x00, 0x00, 0x00, 0x00, 0x00, 0x00, 0x00, 0x00, 0x00, 0x00, 0x00, 0x00, 0x00, 0x00, 0x00, 0x00,
  0x00, 0x00, 0x00, 0x00, 0x00, 0x00, 0x00, 0x00, 0x00, 0x00, 0x00, 0x00, 0x00, 0x00, 0x00, 0x00, 0x00, 0x00, 0x00, 0x00, 0x00, 0x00, 0x00, 0x00,
  0x00, 0x00, 0x00, 0x00, 0x00, 0x00, 0x00, 0x00, 0x00, 0x00, 0x00, 0x00, 0x00, 0x00, 0x00, 0x00, 0x00, 0x00, 0x00, 0x00, 0x00, 0x00, 0x00, 0x00,
  0x00, 0x00, 0x00, 0x00, 0x00, 0x00, 0x00, 0x00, 0x00, 0x00, 0x00, 0x00, 0x00, 0x00, 0x00, 0x00, 0x00, 0x00, 0x00, 0x00, 0x00, 0x00, 0x00, 0x00,
  0x00, 0xFF, 0xFF, 0xFF, 0x98, 0x00, 0x00, 0xFF, 0xFF, 0xFF, 0x98, 0x00, 0x00, 0xFF, 0xFF, 0xFF, 0x98, 0x00, 0x00, 0x00, 0x00, 0x00, 0x00, 0x00,
  0x00, 0x00, 0xE8, 0x74, 0x00, 0x00, 0x00, 0x02, 0xFC, 0x87, 0x00, 0x00, 0x00, 0x15, 0xFF, 0x9A, 0x00, 0x00, 0x00, 0x2C, 0xFF, 0xAC, 0x00, 0x00,
  0x00, 0x43, 0xFF, 0xBF, 0x00, 0x00, 0x00, 0x5A, 0xFF, 0xD2, 0x00, 0x00, 0x00, 0x71, 0xFF, 0xE4, 0x00, 0x00, 0x00, 0x88, 0xFF, 0xF7, 0x00, 0x00,
  0x00, 0x9F, 0xFF, 0xFF, 0x0A, 0x00, 0x00, 0xB6, 0xFF, 0xFF, 0x1C, 0x00, 0x00, 0xCD, 0xFF, 0xFF, 0x2F, 0x00, 0x00, 0xE4, 0xFF, 0xFF, 0x42, 0x00,
  0x00, 0xFA, 0xFF, 0xFF, 0x54, 0x00, 0x12, 0xFF, 0xFF, 0xFF, 0x67, 0x00, 0x29, 0xFF, 0xFF, 0xFF, 0x7A, 0x00, 0x00, 0x00, 0x00, 0x0A, 0x43, 0x5A,
  0x42, 0x06, 0x00, 0x00, 0x00, 0x00, 0x50, 0xEC, 0xFF, 0xFF, 0xFF, 0xE3, 0x2E, 0x00, 0x00, 0x21, 0xF8, 0xFF, 0xFF, 0xFF, 0xFF, 0xFF, 0xCE, 0x00,
  0x00, 0x78, 0xFF, 0xFF, 0xB6, 0x33, 0xFF, 0xFF, 0xFF, 0x1F, 0x00, 0x81, 0xD8, 0xD8, 0x67, 0x01, 0xFF, 0xFF, 0xFF, 0x3B, 0x00, 0x00, 0x00, 0x00,
  0x00, 0x34, 0xFF, 0xFF, 0xFF, 0x40, 0x00, 0x00, 0x01, 0x59, 0xD4, 0xFE, 0xFF, 0xFF, 0xFF, 0x40, 0x00, 0x10, 0xC2, 0xFF, 0xF4, 0x46, 0xFF, 0xFF,
  0xFF, 0x40, 0x00, 0x9E, 0xFF, 0xFF, 0x6B, 0x00, 0xFF, 0xFF, 0xFF, 0x40, 0x00, 0xEE, 0xFF, 0xFF, 0x28, 0x00, 0xFF, 0xFF, 0xFF, 0x40, 0x00, 0xF1,
  0xFF, 0xFF, 0x93, 0x8C, 0xFF, 0xFF, 0xFF, 0x40, 0x00, 0xAF, 0xFF, 0xFF, 0xFF, 0xEF, 0xD8, 0xFF, 0xFF, 0x40, 0x00, 0x1C, 0xBB, 0xF4, 0xD1, 0x3A,
  0x8E, 0xD0, 0xD0, 0x34, 0x00, 0x00, 0x00, 0x00, 0x00, 0x00, 0x00, 0x00, 0x00, 0x00, 0x00, 0x00, 0x00, 0x00, 0x00, 0x00, 0x00, 0x00, 0x00, 0x00,
  0x00, 0x00, 0x00, 0x00, 0x00, 0x00, 0x00, 0x00, 0x00, 0x00, 0x00, 0x00, 0x00, 0x00, 0x00, 0x00, 0x00, 0x00, 0x00, 0x00, 0x00, 0x00, 0x00, 0x00,
  0x00, 0x00, 0x00, 0x00, 0x00, 0x00, 0x00, 0x00, 0x00, 0x00, 0x00, 0x00, 0x00, 0x00, 0x00, 0x00, 0x00, 0x00, 0x00, 0x00, 0x00, 0x00, 0x00, 0x00,
  0x00, 0x00, 0x00, 0x00, 0x00, 0x00, 0x09, 0x4B, 0x64, 0x4F, 0x0F, 0x00, 0x00, 0x00, 0x00, 0x00, 0x00, 0x00, 0x55, 0xEF, 0xFF, 0xFF, 0xFF, 0xF6,
  0x6F, 0x00, 0x00, 0x00, 0x00, 0x00, 0x3A, 0xFC, 0xFF, 0xFF, 0xFF, 0xFF, 0xFF, 0xFF, 0x5A, 0x00, 0x00, 0x00, 0x00, 0xB2, 0xFF, 0xDD, 0x3D, 0x0A,
  0x2F, 0xC9, 0xFF, 0xD7, 0x00, 0x00, 0x00, 0x00, 0xEB, 0xFF, 0x51, 0x00, 0x00, 0x00, 0x2B, 0xFF, 0xFF, 0x12, 0x00, 0x00, 0x00, 0xF8, 0xFF, 0x34,
  0x00, 0x00, 0x00, 0x0D, 0xFF, 0xFF, 0x1F, 0x00, 0x00, 0x00, 0xDA, 0xFF, 0x85, 0x00, 0x00, 0x00, 0x5D, 0xFF, 0xFA, 0x06, 0x00, 0x00, 0x00, 0x86,
  0xFF, 0xFF, 0xA9, 0x75, 0x9A, 0xFA, 0xFF, 0xAC, 0x00, 0x00, 0x00, 0x00, 0x0C, 0xD5, 0xFF, 0xFF, 0xFF, 0xFF, 0xFF, 0xE7, 0x1D, 0x00, 0x00, 0x00,
  0x00, 0x00, 0x0E, 0x8D, 0xDF, 0xF9, 0xE4, 0x9A, 0x1A, 0x00, 0x00, 0x00, 0x00, 0x00, 0x00, 0x00, 0x00, 0x00, 0x00, 0x00, 0x00, 0x00, 0x00, 0x00,
  0x00, 0x00, 0x00, 0x00, 0x00, 0x00, 0x00, 0x00, 0x00, 0x00, 0x00, 0x00, 0x00, 0x00, 0x00, 0x00, 0x00, 0x00, 0x00, 0x00, 0x00, 0x00, 0x00, 0x00,
  0x00, 0x00, 0x00, 0x00, 0x00, 0x00, 0x00, 0x00, 0x00, 0x00, 0x00, 0x00, 0x00, 0x00, 0x00, 0x00, 0x00, 0x00, 0x00, 0x00, 0x00, 0x00, 0x00, 0x00,
  0x00, 0x00, 0x00, 0x00, 0x00, 0x00, 0x00, 0x00, 0x00, 0x00, 0x00, 0x00, 0x00, 0x00, 0x00, 0x00, 0x00, 0x00, 0x00, 0x00, 0x00, 0x00, 0x00, 0x00,
  0x00, 0x00, 0x00, 0x00, 0x00, 0x00, 0x00, 0x00, 0x00, 0x00, 0x00, 0x00, 0x00, 0x00, 0x00, 0x00, 0x00, 0x00, 0x00, 0x00, 0x00, 0x00, 0x00, 0x00,
  0x00, 0x00, 0x00, 0x00, 0x00, 0x00, 0x00, 0x00, 0x00, 0x00, 0x00, 0x00, 0x00, 0x00, 0x00, 0x00, 0x00, 0x00, 0x00, 0x00, 0x00, 0x00, 0x00, 0x00,
  0x00, 0x00, 0x14, 0x80, 0x80, 0x00, 0x00, 0x00, 0x00, 0x00, 0x00, 0x00, 0x00, 0x28, 0xFF, 0xFF, 0x00, 0x00, 0x00, 0x00, 0x00, 0x00, 0x00, 0x00,
  0x28, 0xFF, 0xFF, 0x00, 0x00, 0x00, 0x00, 0x00, 0x00, 0x00, 0x00, 0x28, 0xFF, 0xFF, 0x00, 0x00, 0x00, 0x00, 0x00, 0xFF, 0xFF, 0xFF, 0xFF, 0xFF,
  0xFF, 0xFF, 0xFF, 0xFF, 0x00, 0x00, 0xFF, 0xFF, 0xFF, 0xFF, 0xFF, 0xFF, 0xFF, 0xFF, 0xFF, 0x00, 0x00, 0x6C, 0x6C, 0x6C, 0x83, 0xFF, 0xFF, 0x6C,
  0x6C, 0x6C, 0x00, 0x00, 0x00, 0x00, 0x00, 0x28, 0xFF, 0xFF, 0x00, 0x00, 0x00, 0x00, 0x00, 0x00, 0x00, 0x00, 0x28, 0xFF, 0xFF, 0x00, 0x00, 0x00,
  0x00, 0x00, 0x30, 0x30, 0x30, 0x58, 0xFF, 0xFF, 0x30, 0x30, 0x30, 0x00, 0x00, 0xFF, 0xFF, 0xFF, 0xFF, 0xFF, 0xFF, 0xFF, 0xFF, 0xFF, 0x00, 0x00,
  0xFF, 0xFF, 0xFF, 0xFF, 0xFF, 0xFF, 0xFF, 0xFF, 0xFF, 0x00, 0x00, 0x00, 0x00, 0x00, 0x00, 0x00, 0x00, 0x00, 0x00, 0x00, 0x00, 0x00, 0x00, 0x00,
  0x00, 0x00, 0x00, 0x00, 0x00, 0x00, 0x00, 0x00, 0x00, 0x00, 0x00, 0x00, 0x00, 0x00, 0x00, 0x00, 0x00, 0x00, 0x00, 0x00, 0x00, 0x00, 0x00, 0x00,
  0x00, 0x00, 0x00, 0x00, 0x00, 0x00, 0x00, 0xFF, 0xFF, 0xFF, 0x98, 0x00, 0xFF, 0xFF, 0xFF, 0x98, 0x00, 0xFF, 0xFF, 0xFF, 0x98, 0x00, 0x00, 0x00,
  0x00, 0x00, 0x00, 0x00, 0x00, 0x00, 0x00, 0x00, 0x00, 0x00, 0x00, 0x00, 0x00, 0x00, 0x00, 0x00, 0x00, 0x00, 0x00, 0x00, 0x00, 0x00, 0x00, 0x00,
  0x00, 0x00, 0x00, 0x00, 0x00, 0x00, 0x00, 0x00, 0x00, 0x00, 0x00, 0x10, 0x3A, 0x39, 0x0D, 0x00, 0x00, 0x00, 0x00, 0x03, 0x93, 0xFB, 0xFF, 0xFF,
  0xF8, 0x86, 0x01, 0x00, 0x00, 0x7D, 0xFF, 0xFF, 0xFF, 0xFF, 0xFF, 0xFF, 0x72, 0x00, 0x00, 0xDD, 0xFF, 0xFF, 0x45, 0x51, 0xFF, 0xFF, 0xD9, 0x00,
  0x00, 0xFC, 0xFF, 0xF9, 0x00, 0x07, 0xFF, 0xFF, 0xFB, 0x00, 0x00, 0xFF, 0xFF, 0xF4, 0x00, 0x00, 0xFF, 0xFF, 0xFF, 0x00, 0x00, 0xFF, 0xFF, 0xF4,
  0x00, 0x00, 0xFF, 0xFF, 0xFF, 0x00, 0x00, 0xFF, 0xFF, 0xF4, 0x00, 0x00, 0xFF, 0xFF, 0xFF, 0x00, 0x00, 0xFF, 0xFF, 0xF4, 0x00, 0x00, 0xFF, 0xFF,
  0xFF, 0x00, 0x00, 0xF5, 0xFF, 0xFC, 0x03, 0x0E, 0xFF, 0xFF, 0xF3, 0x00, 0x00, 0xC9, 0xFF, 0xFF, 0x87, 0x8C, 0xFF, 0xFF, 0xC1, 0x00, 0x00, 0x52,
  0xFF, 0xFF, 0xFF, 0xFF, 0xFF, 0xFD, 0x43, 0x00, 0x00, 0x00, 0x50, 0xC7, 0xF4, 0xF3, 0xC0, 0x41, 0x00, 0x00, 0x00, 0x00, 0x00, 0x00, 0x00, 0x00,
  0x00, 0x00, 0x00, 0x00, 0x00, 0x00, 0x00, 0x00, 0x00, 0x00, 0x00, 0x00, 0x00, 0x00, 0x00, 0x00, 0x00, 0x00, 0x00, 0x00, 0x00, 0x00, 0x00, 0x00,
  0x00, 0x00, 0x00, 0x00, 0x00, 0x00, 0x00, 0x00, 0x00, 0x00, 0x00, 0x00, 0x00, 0x00, 0x00, 0x00, 0x00, 0x00, 0x00, 0x00, 0x00, 0x00, 0x00, 0x00,
  0x00, 0x00, 0x00, 0x00, 0x00, 0x00, 0x00, 0x00, 0x00, 0x00, 0x00, 0x00, 0x00, 0x00, 0x00, 0x00, 0x00, 0x00, 0x00, 0x00, 0x00, 0x00, 0x00, 0x00,
  0x00, 0x00, 0x00, 0x00, 0x00, 0x00, 0x00, 0xFF, 0xFF, 0xFF, 0x98, 0x00, 0x00, 0x00, 0x00, 0x00, 0x00, 0x00, 0x00, 0xFF, 0xFF, 0xFF, 0x98, 0x00,
  0x00, 0x00, 0x00, 0x00, 0x00, 0x00, 0x00, 0xFF, 0xFF, 0xFF, 0x98, 0x00, 0x00, 0x00, 0x00, 0x00, 0x00, 0x00, 0x00, 0x00, 0x00, 0x00, 0x00, 0x00,
  0x00, 0x00, 0x00, 0x00, 0x00, 0x00, 0x00, 0x6C, 0x6C, 0x6C, 0x40, 0x00, 0x00, 0x00, 0x00, 0x00, 0x00, 0x00, 0x00, 0xFF, 0xFF, 0xFF, 0x98, 0x00,
  0x00, 0x00, 0x00, 0x00, 0x00, 0x00, 0x01, 0xFF, 0xFF, 0xFF, 0x98, 0x00, 0x00, 0x00, 0x00, 0x00, 0x00, 0x06, 0xA5, 0xFF, 0xFF, 0xFF, 0x84, 0x00,
  0x00, 0x00, 0x00, 0x00, 0x02, 0xAA, 0xFF, 0xFF, 0xFF, 0xA1, 0x04, 0x00, 0x00, 0x00, 0x00, 0x00, 0x79, 0xFF, 0xFF, 0xFF, 0x98, 0x01, 0x00, 0x00,
  0x00, 0x00, 0x00, 0x1C, 0xF9, 0xFF, 0xFF, 0xCD, 0x05, 0x00, 0x00, 0x00, 0x00, 0x00, 0x00, 0x87, 0xFF, 0xFF, 0xFF, 0x3E, 0x00, 0x00, 0x00, 0x00,
  0x00, 0x00, 0x00, 0xCF, 0xFF, 0xFF, 0xDB, 0x00, 0x00, 0x00, 0x04, 0x30, 0x3D, 0x00, 0x00, 0xF2, 0xFF, 0xFF, 0xA9, 0x00, 0x00, 0x9C, 0xF6, 0xFF,
  0xD8, 0x00, 0x00, 0xF9, 0xFF, 0xFF, 0xA3, 0x00, 0x00, 0xA1, 0xFF, 0xFF, 0xF8, 0x00, 0x00, 0xDA, 0xFF, 0xFF, 0xE8, 0x25, 0x1C, 0xDC, 0xFF, 0xFF,
  0xE7, 0x00, 0x00, 0x87, 0xFF, 0xFF, 0xFF, 0xFF, 0xFF, 0xFF, 0xFF, 0xFF, 0x9D, 0x00, 0x00, 0x0E, 0xD2, 0xFF, 0xFF, 0xFF, 0xFF, 0xFF, 0xFF, 0xE0,
  0x19, 0x00, 0x00, 0x00, 0x0C, 0x80, 0xD3, 0xF7, 0xF8, 0xDA, 0x8D, 0x14, 0x00, 0x00, 0x00, 0x00, 0x00, 0x00, 0x00, 0x00, 0x57, 0xFF, 0xFF, 0xFD,
  0x32, 0x00, 0x00, 0x00, 0x00, 0x00, 0x00, 0x00, 0x00, 0xA3, 0xFF, 0xFF, 0x98, 0x00, 0x00, 0x00, 0x00, 0x00, 0x00, 0x00, 0x00, 0x02, 0xEB, 0xFF,
  0xEE, 0x13, 0x00, 0x00, 0x00, 0x00, 0x00, 0x00, 0x00, 0x00, 0x3B, 0xFF, 0xFF, 0x6A, 0x00, 0x00, 0x00, 0x00, 0x00, 0x00, 0x00, 0x00, 0x00, 0x86,
  0xFF, 0xD0, 0x03, 0x00, 0x00, 0x00, 0x00, 0x00, 0x00, 0x00, 0x00, 0x00, 0x00, 0x00, 0x00, 0x00, 0x00, 0x00, 0x00, 0x00, 0x00, 0x00, 0x00, 0x00,
  0x00, 0x00, 0x00, 0x00, 0x00, 0x00, 0x00, 0x00, 0x00, 0x00, 0x00, 0x00, 0x00, 0xD6, 0xFF, 0xFF, 0xFF, 0xC0, 0x00, 0x00, 0x00, 0x00, 0x00, 0x00,
  0x00, 0x0B, 0xFD, 0xFF, 0xFF, 0xFF, 0xF1, 0x01, 0x00, 0x00, 0x00, 0x00, 0x00, 0x00, 0x3B, 0xFF, 0xFF, 0xFF, 0xFF, 0xFF, 0x26, 0x00, 0x00, 0x00,
  0x00, 0x00, 0x00, 0x6E, 0xFF, 0xFF, 0xFF, 0xFF, 0xFF, 0x58, 0x00, 0x00, 0x00, 0x00, 0x00, 0x00, 0xA0, 0xFF, 0xFF, 0xFF, 0xFF, 0xFF, 0x8B, 0x00,
  0x00, 0x00, 0x00, 0x00, 0x00, 0xD3, 0xFF, 0xFF, 0xCD, 0xFF, 0xFF, 0xBD, 0x00, 0x00, 0x00, 0x00, 0x00, 0x09, 0xFC, 0xFF, 0xFF, 0x80, 0xFF, 0xFF,
  0xEF, 0x00, 0x00, 0x00, 0x00, 0x00, 0x39, 0xFF, 0xFF, 0xFF, 0x33, 0xFF, 0xFF, 0xFF, 0x22, 0x00, 0x00, 0x00, 0x00, 0x6B, 0xFF, 0xFF, 0xF0, 0x01,
  0xF5, 0xFF, 0xFF, 0x55, 0x00, 0x00, 0x00, 0x00, 0x9E, 0xFF, 0xFF, 0xCA, 0x00, 0xD0, 0xFF, 0xFF, 0x87, 0x00, 0x00, 0x00, 0x00, 0xD1, 0xFF, 0xFF,
  0xA3, 0x00, 0xA9, 0xFF, 0xFF, 0xBA, 0x00, 0x00, 0x00, 0x08, 0xFB, 0xFF, 0xFF, 0x7D, 0x00, 0x82, 0xFF, 0xFF, 0xEC, 0x00, 0x00, 0x00, 0x36, 0xFF,
  0xFF, 0xFF, 0xA0, 0x68, 0xA3, 0xFF, 0xFF, 0xFF, 0x1F, 0x00, 0x00, 0x69, 0xFF, 0xFF, 0xFF, 0xFF, 0xFF, 0xFF, 0xFF, 0xFF, 0xFF, 0x51, 0x00, 0x00,
  0x9C, 0xFF, 0xFF, 0xFF, 0xFF, 0xFF, 0xFF, 0xFF, 0xFF, 0xFF, 0x84, 0x00, 0x00, 0xCF, 0xFF, 0xFF, 0xDF, 0x00, 0x00, 0x00, 0xDF, 0xFF, 0xFF, 0xB6,
  0x00, 0x07, 0xFA, 0xFF, 0xFF, 0xAF, 0x00, 0x00, 0x00, 0xB3, 0xFF, 0xFF, 0xE9, 0x00, 0x34, 0xFF, 0xFF, 0xFF, 0x7F, 0x00, 0x00, 0x00, 0x87, 0xFF,
  0xFF, 0xFF, 0x1B, 0x67, 0xFF, 0xFF, 0xFF, 0x4F, 0x00, 0x00, 0x00, 0x5A, 0xFF, 0xFF, 0xFF, 0x4E, 0x00, 0x00, 0x00, 0x00, 0x00, 0xCF, 0xFF, 0xFF,
  0xEE, 0x17, 0x00, 0x00, 0x00, 0x00, 0x00, 0x1B, 0xFF, 0xFF, 0xFF, 0x62, 0x00, 0x00, 0x00, 0x00, 0x00, 0x00, 0x67, 0xFF, 0xFF, 0xBE, 0x00, 0x00,
  0x00, 0x00, 0x00, 0x00, 0x00, 0xB3, 0xFF, 0xF7, 0x25, 0x00, 0x00, 0x00, 0x00, 0x00, 0x00, 0x08, 0xF5, 0xFF, 0x79, 0x00, 0x00, 0x00, 0x00, 0x00,
  0x00, 0x00, 0x00, 0x00, 0x00, 0x00, 0x00, 0x00, 0x00, 0x00, 0x00, 0x00, 0x00, 0x00, 0x00, 0x00, 0x00, 0x00, 0x00, 0x00, 0x00, 0x00, 0xFF, 0xFF,
  0xFF, 0xFF, 0xFF, 0xFF, 0xFF, 0xFF, 0x80, 0x00, 0x00, 0xFF, 0xFF, 0xFF, 0xFF, 0xFF, 0xFF, 0xFF, 0xFF, 0x80, 0x00, 0x00, 0xFF, 0xFF, 0xFF, 0xC3,
  0x6C, 0x6C, 0x6C, 0x6C, 0x36, 0x00, 0x00, 0xFF, 0xFF, 0xFF, 0x98, 0x00, 0x00, 0x00, 0x00, 0x00, 0x00, 0x00, 0xFF, 0xFF, 0xFF, 0x98, 0x00, 0x00,
  0x00, 0x00, 0x00, 0x00, 0x00, 0xFF, 0xFF, 0xFF, 0x98, 0x00, 0x00, 0x00, 0x00, 0x00, 0x00, 0x00, 0xFF, 0xFF, 0xFF, 0x98, 0x00, 0x00, 0x00, 0x00,
  0x00, 0x00, 0x00, 0xFF, 0xFF, 0xFF, 0xC3, 0x6C, 0x6C, 0x6C, 0x36, 0x00, 0x00, 0x00, 0xFF, 0xFF, 0xFF, 0xFF, 0xFF, 0xFF, 0xFF, 0x80, 0x00, 0x00,
  0x00, 0xFF, 0xFF, 0xFF, 0xFF, 0xFF, 0xFF, 0xFF, 0x80, 0x00, 0x00, 0x00, 0xFF, 0xFF, 0xFF, 0x98, 0x00, 0x00, 0x00, 0x00, 0x00, 0x00, 0x00, 0xFF,
  0xFF, 0xFF, 0x98, 0x00, 0x00, 0x00, 0x00, 0x00, 0x00, 0x00, 0xFF, 0xFF, 0xFF, 0x98, 0x00, 0x00, 0x00, 0x00, 0x00, 0x00, 0x00, 0xFF, 0xFF, 0xFF,
  0x98, 0x00, 0x00, 0x00, 0x00, 0x00, 0x00, 0x00, 0xFF, 0xFF, 0xFF, 0x98, 0x00, 0x00, 0x00, 0x00, 0x00, 0x00, 0x00, 0xFF, 0xFF, 0xFF, 0x98, 0x00,
  0x00, 0x00, 0x00, 0x00, 0x00, 0x00, 0xFF, 0xFF, 0xFF, 0xC3, 0x6C, 0x6C, 0x6C, 0x6C, 0x36, 0x00, 0x00, 0xFF, 0xFF, 0xFF, 0xFF, 0xFF, 0xFF, 0xFF,
  0xFF, 0x80, 0x00, 0x00, 0xFF, 0xFF, 0xFF, 0xFF, 0xFF, 0xFF, 0xFF, 0xFF, 0x80, 0x00, 0x00, 0x00, 0x00, 0x11, 0xFD, 0xFF, 0xFF, 0x51, 0x00, 0x00,
  0x00, 0x55, 0xFF, 0xFF, 0xBE, 0x00, 0x00, 0x00, 0x00, 0x9A, 0xFF, 0xFD, 0x2E, 0x00, 0x00, 0x00, 0x00, 0xDF, 0xFF, 0x98, 0x00, 0x00, 0x00, 0x00,
  0x25, 0xFF, 0xF0, 0x15, 0x00, 0x00, 0x00, 0x00, 0x00, 0x00, 0x00, 0x00, 0x00, 0x00, 0x00, 0x00, 0x00, 0x00, 0x00, 0x00, 0x00, 0x00, 0x00, 0x00,
  0xFF, 0xFF, 0xFF, 0x98, 0x00, 0x00, 0x00, 0x00, 0xFF, 0xFF, 0xFF, 0x98, 0x00, 0x00, 0x00, 0x00, 0xFF, 0xFF, 0xFF, 0x98, 0x00, 0x00, 0x00, 0x00,
  0xFF, 0xFF, 0xFF, 0x98, 0x00, 0x00, 0x00, 0x00, 0xFF, 0xFF, 0xFF, 0x98, 0x00, 0x00, 0x00, 0x00, 0xFF, 0xFF, 0xFF, 0x98, 0x00, 0x00, 0x00, 0x00,
  0xFF, 0xFF, 0xFF, 0x98, 0x00, 0x00, 0x00, 0x00, 0xFF, 0xFF, 0xFF, 0x98, 0x00, 0x00, 0x00, 0x00, 0xFF, 0xFF, 0xFF, 0x98, 0x00, 0x00, 0x00, 0x00,
  0xFF, 0xFF, 0xFF, 0x98, 0x00, 0x00, 0x00, 0x00, 0xFF, 0xFF, 0xFF, 0x98, 0x00, 0x00, 0x00, 0x00, 0xFF, 0xFF, 0xFF, 0x98, 0x00, 0x00, 0x00, 0x00,
  0xFF, 0xFF, 0xFF, 0x98, 0x00, 0x00, 0x00, 0x00, 0xFF, 0xFF, 0xFF, 0x98, 0x00, 0x00, 0x00, 0x00, 0xFF, 0xFF, 0xFF, 0x98, 0x00, 0x00, 0x00, 0x00,
  0xFF, 0xFF, 0xFF, 0x98, 0x00, 0x00, 0x00, 0x00, 0xFF, 0xFF, 0xFF, 0x98, 0x00, 0x00, 0x00, 0x00, 0xFF, 0xFF, 0xFF, 0x98, 0x00, 0x00, 0x00, 0x00,
  0xFF, 0xFF, 0xFF, 0x98, 0x00, 0x00, 0x00, 0x00, 0x00, 0x16, 0x52, 0x24, 0x00, 0x00, 0x2D, 0x38, 0x01, 0x00, 0x00, 0x00, 0x00, 0x10, 0xE8, 0xFF,
  0xFC, 0x98, 0x5F, 0xF3, 0xFA, 0x00, 0x00, 0x00, 0x00, 0x00, 0x52, 0xFF, 0xFD, 0xED, 0xFF, 0xFF, 0xFF, 0xDB, 0x00, 0x00, 0x00, 0x00, 0x00, 0x5D,
  0xDC, 0x76, 0x01, 0x58, 0xD9, 0xF2, 0x5C, 0x00, 0x00, 0x00, 0x00, 0x00, 0x00, 0x00, 0x00, 0x00, 0x00, 0x00, 0x00, 0x00, 0x00, 0x00, 0x00, 0x00,
  0x00, 0x00, 0x00, 0x00, 0x00, 0x00, 0x00, 0x00, 0x00, 0x00, 0x00, 0x00, 0x00, 0x00, 0x00, 0x00, 0x00, 0x00, 0x00, 0x00, 0x00, 0x00, 0x00, 0x00,
  0x00, 0x00, 0xFF, 0xFF, 0xFE, 0x25, 0x00, 0x00, 0x00, 0xFF, 0xFF, 0xFF, 0x98, 0x00, 0x00, 0xFF, 0xFF, 0xFF, 0x8C, 0x00, 0x00, 0x00, 0xFF, 0xFF,
  0xFF, 0x98, 0x00, 0x00, 0xFF, 0xFF, 0xFF, 0xED, 0x08, 0x00, 0x00, 0xFF, 0xFF, 0xFF, 0x98, 0x00, 0x00, 0xFF, 0xFF, 0xFF, 0xFF, 0x5E, 0x00, 0x00,
  0xFF, 0xFF, 0xFF, 0x98, 0x00, 0x00, 0xFF, 0xFF, 0xFF, 0xFF, 0xC7, 0x00, 0x00, 0xFF, 0xFF, 0xFF, 0x98, 0x00, 0x00, 0xFF, 0xFF, 0xFF, 0xFF, 0xFF,
  0x30, 0x00, 0xFF, 0xFF, 0xFF, 0x98, 0x00, 0x00, 0xFF, 0xFF, 0xFF, 0xFF, 0xFF, 0x99, 0x00, 0xFF, 0xFF, 0xFF, 0x98, 0x00, 0x00, 0xFF, 0xFF, 0xFF,
  0xFF, 0xFF, 0xF4, 0x0E, 0xFF, 0xFF, 0xFF, 0x98, 0x00, 0x00, 0xFF, 0xFF, 0xFF, 0xF2, 0xFF, 0xFF, 0x6B, 0xFF, 0xFF, 0xFF, 0x98, 0x00, 0x00, 0xFF,
  0xFF, 0xFF, 0xA6, 0xF4, 0xFF, 0xD4, 0xFF, 0xFF, 0xFF, 0x98, 0x00, 0x00, 0xFF, 0xFF, 0xFF, 0x98, 0x9F, 0xFF, 0xFF, 0xFF, 0xFF, 0xFF, 0x98, 0x00,
  0x00, 0xFF, 0xFF, 0xFF, 0x98, 0x3C, 0xFF, 0xFF, 0xFF, 0xFF, 0xFF, 0x98, 0x00, 0x00, 0xFF, 0xFF, 0xFF, 0x98, 0x00, 0xD7, 0xFF, 0xFF, 0xFF, 0xFF,
  0x98, 0x00, 0x00, 0xFF, 0xFF, 0xFF, 0x98, 0x00, 0x74, 0xFF, 0xFF, 0xFF, 0xFF, 0x98, 0x00, 0x00, 0xFF, 0xFF, 0xFF, 0x98, 0x00, 0x16, 0xFA, 0xFF,
  0xFF, 0xFF, 0x98, 0x00, 0x00, 0xFF, 0xFF, 0xFF, 0x98, 0x00, 0x00, 0xAD, 0xFF, 0xFF, 0xFF, 0x98, 0x00, 0x00, 0xFF, 0xFF, 0xFF, 0x98, 0x00, 0x00,
  0x49, 0xFF, 0xFF, 0xFF, 0x98, 0x00, 0x00, 0xFF, 0xFF, 0xFF, 0x98, 0x00, 0x00, 0x02, 0xE2, 0xFF, 0xFF, 0x98, 0x00, 0x00, 0xFF, 0xFF, 0xFF, 0x98,
  0x00, 0x00, 0x00, 0x82, 0xFF, 0xFF, 0x98, 0x00, 0x00, 0x00, 0x00, 0x00, 0x00, 0x00, 0x4B, 0xFF, 0xFF, 0xFD, 0x2F, 0x00, 0x00, 0x00, 0x00, 0x00,
  0x00, 0x00, 0x00, 0x00, 0x9F, 0xFF, 0xFF, 0x9F, 0x00, 0x00, 0x00, 0x00, 0x00, 0x00, 0x00, 0x00, 0x00, 0x05, 0xEE, 0xFF, 0xF6, 0x1B, 0x00, 0x00,
  0x00, 0x00, 0x00, 0x00, 0x00, 0x00, 0x00, 0x49, 0xFF, 0xFF, 0x84, 0x00, 0x00, 0x00, 0x00, 0x00, 0x00, 0x00, 0x00, 0x00, 0x00, 0x9E, 0xFF, 0xE9,
  0x0D, 0x00, 0x00, 0x00, 0x00, 0x00, 0x00, 0x00, 0x00, 0x00, 0x00, 0x00, 0x00, 0x00, 0x00, 0x00, 0x00, 0x00, 0x00, 0x00, 0x00, 0x00, 0x00, 0x00,
  0x00, 0x00, 0x00, 0x00, 0x00, 0x00, 0x00, 0x00, 0x00, 0x00, 0x00, 0x00, 0x01, 0x5E, 0xBE, 0xE6, 0xF9, 0xE6, 0xBD, 0x5C, 0x00, 0x00, 0x00, 0x00,
  0x00, 0x00, 0xA4, 0xFF, 0xFF, 0xFF, 0xFF, 0xFF, 0xFF, 0xFF, 0xA0, 0x00, 0x00, 0x00, 0x00, 0x50, 0xFF, 0xFF, 0xFF, 0xAF, 0x73, 0xAD, 0xFF, 0xFF,
  0xFF, 0x4F, 0x00, 0x00, 0x00, 0xAC, 0xFF, 0xFF, 0xD9, 0x03, 0x00, 0x00, 0xD2, 0xFF, 0xFF, 0xAB, 0x00, 0x00, 0x00, 0xE1, 0xFF, 0xFF, 0xA3, 0x00,
  0x00, 0x00, 0xA4, 0xFF, 0xFF, 0xE1, 0x00, 0x00, 0x00, 0xF6, 0xFF, 0xFF, 0x98, 0x00, 0x00, 0x00, 0x98, 0xFF, 0xFF, 0xF5, 0x00, 0x00, 0x00, 0xFF,
  0xFF, 0xFF, 0x98, 0x00, 0x00, 0x00, 0x98, 0xFF, 0xFF, 0xFF, 0x00, 0x00, 0x00, 0xFF, 0xFF, 0xFF, 0x98, 0x00, 0x00, 0x00, 0x98, 0xFF, 0xFF, 0xFF,
  0x00, 0x00, 0x00, 0xFF, 0xFF, 0xFF, 0x98, 0x00, 0x00, 0x00, 0x98, 0xFF, 0xFF, 0xFF, 0x00, 0x00, 0x00, 0xFF, 0xFF, 0xFF, 0x98, 0x00, 0x00, 0x00,
  0x98, 0xFF, 0xFF, 0xFF, 0x00, 0x00, 0x00, 0xFF, 0xFF, 0xFF, 0x98, 0x00, 0x00, 0x00, 0x98, 0xFF, 0xFF, 0xFF, 0x00, 0x00, 0x00, 0xFF, 0xFF, 0xFF,
  0x98, 0x00, 0x00, 0x00, 0x98, 0xFF, 0xFF, 0xFF, 0x00, 0x00, 0x00, 0xFF, 0xFF, 0xFF, 0x98, 0x00, 0x00, 0x00, 0x98, 0xFF, 0xFF, 0xFF, 0x00, 0x00,
  0x00, 0xF5, 0xFF, 0xFF, 0x98, 0x00, 0x00, 0x00, 0x98, 0xFF, 0xFF, 0xF4, 0x00, 0x00, 0x00, 0xDF, 0xFF, 0xFF, 0xA2, 0x00, 0x00, 0x00, 0xA5, 0xFF,
  0xFF, 0xDF, 0x00, 0x00, 0x00, 0xA9, 0xFF, 0xFF, 0xCE, 0x00, 0x00, 0x00, 0xD2, 0xFF, 0xFF, 0xA8, 0x00, 0x00, 0x00, 0x4A, 0xFF, 0xFF, 0xFF, 0xA9,
  0x73, 0xAD, 0xFF, 0xFF, 0xFF, 0x4A, 0x00, 0x00, 0x00, 0x00, 0x9C, 0xFF, 0xFF, 0xFF, 0xFF, 0xFF, 0xFF, 0xFF, 0x9A, 0x00, 0x00, 0x00, 0x00, 0x00,
  0x00, 0x5B, 0xBE, 0xE7, 0xF9, 0xE6, 0xBC, 0x59, 0x00, 0x00, 0x00, 0x00, 0x00, 0x00, 0x00, 0x00, 0x00, 0x00, 0x4B, 0xFF, 0xFF, 0xFF, 0x38, 0x00,
  0x00, 0x00, 0x00, 0x00, 0x00, 0x00, 0x00, 0x00, 0x9F, 0xFF, 0xFF, 0xA6, 0x00, 0x00, 0x00, 0x00, 0x00, 0x00, 0x00, 0x00, 0x00, 0x04, 0xED, 0xFF,
  0xF7, 0x1E, 0x00, 0x00, 0x00, 0x00, 0x00, 0x00, 0x00, 0x00, 0x00, 0x47, 0xFF, 0xFF, 0x84, 0x00, 0x00, 0x00, 0x00, 0x00, 0x00, 0x00, 0x00, 0x00,
  0x00, 0x9A, 0xFF, 0xE7, 0x0C, 0x00, 0x00, 0x00, 0x00, 0x00, 0x00, 0x00, 0x00, 0x00, 0x00, 0x00, 0x00, 0x00, 0x00, 0x00, 0x00, 0x00, 0x00, 0x00,
  0x00, 0x00, 0x00, 0x00, 0x00, 0x00, 0x00, 0x00, 0x00, 0x00, 0x00, 0x00, 0x00, 0x00, 0x00, 0xFF, 0xFF, 0xFF, 0x98, 0x00, 0x00, 0x00, 0x98, 0xFF,
  0xFF, 0xFF, 0x00, 0x00, 0x00, 0xFF, 0xFF, 0xFF, 0x98, 0x00, 0x00, 0x00, 0x98, 0xFF, 0xFF, 0xFF, 0x00, 0x00, 0x00, 0xFF, 0xFF, 0xFF, 0x98, 0x00,
  0x00, 0x00, 0x98, 0xFF, 0xFF, 0xFF, 0x00, 0x00, 0x00, 0xFF, 0xFF, 0xFF, 0x98, 0x00, 0x00, 0x00, 0x98, 0xFF, 0xFF, 0xFF, 0x00, 0x00, 0x00, 0xFF,
  0xFF, 0xFF, 0x98, 0x00, 0x00, 0x00, 0x98, 0xFF, 0xFF, 0xFF, 0x00, 0x00, 0x00, 0xFF, 0xFF, 0xFF, 0x98, 0x00, 0x00, 0x00, 0x98, 0xFF, 0xFF, 0xFF,
  0x00, 0x00, 0x00, 0xFF, 0xFF, 0xFF, 0x98, 0x00, 0x00, 0x00, 0x98, 0xFF, 0xFF, 0xFF, 0x00, 0x00, 0x00, 0xFF, 0xFF, 0xFF, 0x98, 0x00, 0x00, 0x00,
  0x98, 0xFF, 0xFF, 0xFF, 0x00, 0x00, 0x00, 0xFF, 0xFF, 0xFF, 0x98, 0x00, 0x00, 0x00, 0x98, 0xFF, 0xFF, 0xFF, 0x00, 0x00, 0x00, 0xFF, 0xFF, 0xFF,
  0x98, 0x00, 0x00, 0x00, 0x98, 0xFF, 0xFF, 0xFF, 0x00, 0x00, 0x00, 0xFF, 0xFF, 0xFF, 0x98, 0x00, 0x00, 0x00, 0x98, 0xFF, 0xFF, 0xFF, 0x00, 0x00,
  0x00, 0xFF, 0xFF, 0xFF, 0x98, 0x00, 0x00, 0x00, 0x98, 0xFF, 0xFF, 0xFF, 0x00, 0x00, 0x00, 0xFF, 0xFF, 0xFF, 0x98, 0x00, 0x00, 0x00, 0x98, 0xFF,
  0xFF, 0xFF, 0x00, 0x00, 0x00, 0xF5, 0xFF, 0xFF, 0x9D, 0x00, 0x00, 0x00, 0x9D, 0xFF, 0xFF, 0xF4, 0x00, 0x00, 0x00, 0xE1, 0xFF, 0xFF, 0xB4, 0x00,
  0x00, 0x00, 0xB4, 0xFF, 0xFF, 0xE0, 0x00, 0x00, 0x00, 0xB0, 0xFF, 0xFF, 0xF4, 0x29, 0x00, 0x25, 0xF2, 0xFF, 0xFF, 0xAC, 0x00, 0x00, 0x00, 0x59,
  0xFF, 0xFF, 0xFF, 0xFC, 0xE4, 0xFB, 0xFF, 0xFF, 0xFF, 0x55, 0x00, 0x00, 0x00, 0x01, 0xB0, 0xFF, 0xFF, 0xFF, 0xFF, 0xFF, 0xFF, 0xFF, 0xAF, 0x01,
  0x00, 0x00, 0x00, 0x00, 0x03, 0x67, 0xC3, 0xE8, 0xFA, 0xE8, 0xC3, 0x67, 0x03, 0x00, 0x00, 0x00, 0x00, 0x00, 0x98, 0xFF, 0xFF, 0xFF, 0x00, 0x98,
  0xFF, 0xFF, 0xFF, 0x00, 0x00, 0x00, 0x00, 0x00, 0x98, 0xFF, 0xFF, 0xFF, 0x00, 0x98, 0xFF, 0xFF, 0xFF, 0x00, 0x00, 0x00, 0x00, 0x00, 0x98, 0xFF,
  0xFF, 0xFF, 0x00, 0x98, 0xFF, 0xFF, 0xFF, 0x00, 0x00, 0x00, 0x00, 0x00, 0x00, 0x00, 0x00, 0x00, 0x00, 0x00, 0x00, 0x00, 0x00, 0x00, 0x00, 0x00,
  0x00, 0x00, 0x00, 0x00, 0x00, 0x00, 0x00, 0x00, 0x00, 0x00, 0x00, 0x00, 0x00, 0x00, 0x00, 0x00, 0x00, 0x00, 0x00, 0x00, 0x00, 0x00, 0x00, 0x00,
  0x00, 0x00, 0x00, 0x00, 0x00, 0xFF, 0xFF, 0xFF, 0x98, 0x00, 0x00, 0x00, 0x98, 0xFF, 0xFF, 0xFF, 0x00, 0x00, 0x00, 0xFF, 0xFF, 0xFF, 0x98, 0x00,
  0x00, 0x00, 0x98, 0xFF, 0xFF, 0xFF, 0x00, 0x00, 0x00, 0xFF, 0xFF, 0xFF, 0x98, 0x00, 0x00, 0x00, 0x98, 0xFF, 0xFF, 0xFF, 0x00, 0x00, 0x00, 0xFF,
  0xFF, 0xFF, 0x98, 0x00, 0x00, 0x00, 0x98, 0xFF, 0xFF, 0xFF, 0x00, 0x00, 0x00, 0xFF, 0xFF, 0xFF, 0x98, 0x00, 0x00, 0x00, 0x98, 0xFF, 0xFF, 0xFF,
  0x00, 0x00, 0x00, 0xFF, 0xFF, 0xFF, 0x98, 0x00, 0x00, 0x00, 0x98, 0xFF, 0xFF, 0xFF, 0x00, 0x00, 0x00, 0xFF, 0xFF, 0xFF, 0x98, 0x00, 0x00, 0x00,
  0x98, 0xFF, 0xFF, 0xFF, 0x00, 0x00, 0x00, 0xFF, 0xFF, 0xFF, 0x98, 0x00, 0x00, 0x00, 0x98, 0xFF, 0xFF, 0xFF, 0x00, 0x00, 0x00, 0xFF, 0xFF, 0xFF,
  0x98, 0x00, 0x00, 0x00, 0x98, 0xFF, 0xFF, 0xFF, 0x00, 0x00, 0x00, 0xFF, 0xFF, 0xFF, 0x98, 0x00, 0x00, 0x00, 0x98, 0xFF, 0xFF, 0xFF, 0x00, 0x00,
  0x00, 0xFF, 0xFF, 0xFF, 0x98, 0x00, 0x00, 0x00, 0x98, 0xFF, 0xFF, 0xFF, 0x00, 0x00, 0x00, 0xFF, 0xFF, 0xFF, 0x98, 0x00, 0x00, 0x00, 0x98, 0xFF,
  0xFF, 0xFF, 0x00, 0x00, 0x00, 0xFF, 0xFF, 0xFF, 0x98, 0x00, 0x00, 0x00, 0x98, 0xFF, 0xFF, 0xFF, 0x00, 0x00, 0x00, 0xF5, 0xFF, 0xFF, 0x9D, 0x00,
  0x00, 0x00, 0x9D, 0xFF, 0xFF, 0xF4, 0x00, 0x00, 0x00, 0xE1, 0xFF, 0xFF, 0xB4, 0x00, 0x00, 0x00, 0xB4, 0xFF, 0xFF, 0xE0, 0x00, 0x00, 0x00, 0xB0,
  0xFF, 0xFF, 0xF4, 0x29, 0x00, 0x25, 0xF2, 0xFF, 0xFF, 0xAC, 0x00, 0x00, 0x00, 0x59, 0xFF, 0xFF, 0xFF, 0xFC, 0xE4, 0xFB, 0xFF, 0xFF, 0xFF, 0x55,
  0x00, 0x00, 0x00, 0x01, 0xB0, 0xFF, 0xFF, 0xFF, 0xFF, 0xFF, 0xFF, 0xFF, 0xAF, 0x01, 0x00, 0x00, 0x00, 0x00, 0x03, 0x67, 0xC3, 0xE8, 0xFA, 0xE8,
  0xC3, 0x67, 0x03, 0x00, 0x00, 0x00, 0x00, 0x00, 0x00, 0x00, 0x00, 0x01, 0xEE, 0xFF, 0xFF, 0x86, 0x00, 0x00, 0x00, 0x00, 0x00, 0x00, 0x27, 0xFF,
  0xFF, 0xE2, 0x0B, 0x00, 0x00, 0x00, 0x00, 0x00, 0x00, 0x5E, 0xFF, 0xFF, 0x53, 0x00, 0x00, 0x00, 0x00, 0x00, 0x00, 0x00, 0x95, 0xFF, 0xBA, 0x00,
  0x00, 0x00, 0x00, 0x00, 0x00, 0x00, 0x00, 0xCC, 0xF9, 0x26, 0x00, 0x00, 0x00, 0x00, 0x00, 0x00, 0x00, 0x00, 0x00, 0x00, 0x00, 0x00, 0x00, 0x00,
  0x00, 0x00, 0x09, 0x81, 0xD6, 0xF7, 0xF5, 0xC5, 0x47, 0x00, 0x00, 0x00, 0x01, 0xBD, 0xFF, 0xFF, 0xFF, 0xFF, 0xFF, 0xFD, 0x35, 0x00, 0x00, 0x44,
  0xFF, 0xFF, 0xFF, 0x98, 0xE9, 0xFF, 0xFF, 0xB4, 0x00, 0x00, 0x81, 0xFF, 0xFF, 0xFE, 0x06, 0xA1, 0xFF, 0xFF, 0xE6, 0x00, 0x00, 0x57, 0x98, 0x98,
  0x8E, 0x00, 0x98, 0xFF, 0xFF, 0xFF, 0x00, 0x00, 0x00, 0x00, 0x00, 0x0C, 0x68, 0xE0, 0xFF, 0xFF, 0xFF, 0x00, 0x00, 0x00, 0x03, 0x6A, 0xED, 0xFF,
  0xFF, 0xFF, 0xFF, 0xFF, 0x00, 0x00, 0x05, 0xB7, 0xFF, 0xFF, 0xB2, 0xA2, 0xFF, 0xFF, 0xFF, 0x00, 0x00, 0x78, 0xFF, 0xFF, 0xE9, 0x0A, 0x98, 0xFF,
  0xFF, 0xFF, 0x00, 0x00, 0xD9, 0xFF, 0xFF, 0xA7, 0x00, 0x98, 0xFF, 0xFF, 0xFF, 0x00, 0x00, 0xF8, 0xFF, 0xFF, 0xA5, 0x00, 0x9C, 0xFF, 0xFF, 0xFF,
  0x00, 0x00, 0xE1, 0xFF, 0xFF, 0xF2, 0x81, 0xF4, 0xFF, 0xFF, 0xFF, 0x00, 0x00, 0x7E, 0xFF, 0xFF, 0xFF, 0xFF, 0xA1, 0xFF, 0xFF, 0xFF, 0x06, 0x00,
  0x03, 0x8D, 0xEE, 0xEA, 0x76, 0x2E, 0xFF, 0xFF, 0xFF, 0x1E, 0x00, 0x00, 0x00, 0x00, 0x00, 0x65, 0xFF, 0xFF, 0xF8, 0x27, 0x00, 0x00, 0x00, 0x00,
  0x00, 0x00, 0xA5, 0xFF, 0xFF, 0x80, 0x00, 0x00, 0x00, 0x00, 0x00, 0x00, 0x00, 0xE5, 0xFF, 0xDA, 0x07, 0x00, 0x00, 0x00, 0x00, 0x00, 0x00, 0x27,
  0xFF, 0xFF, 0x43, 0x00, 0x00, 0x00, 0x00, 0x00, 0x00, 0x00, 0x68, 0xFF, 0xA3, 0x00, 0x00, 0x00, 0x00, 0x00, 0x00, 0x00, 0x00, 0x00, 0x00, 0x00,
  0x00, 0x00, 0x00, 0x00, 0x00, 0x00, 0x1B, 0x9A, 0xE2, 0xF9, 0xE8, 0xAD, 0x2D, 0x00, 0x00, 0x00, 0x1A, 0xE8, 0xFF, 0xFF, 0xFF, 0xFF, 0xFF, 0xF4,
  0x27, 0x00, 0x00, 0x99, 0xFF, 0xFF, 0xF1, 0x7E, 0xF0, 0xFF, 0xFF, 0xA2, 0x00, 0x00, 0xE0, 0xFF, 0xFF, 0xA3, 0x00, 0xA3, 0xFF, 0xFF, 0xE3, 0x00,
  0x00, 0xF9, 0xFF, 0xFF, 0x98, 0x00, 0x98, 0xFF, 0xFF, 0xFA, 0x00, 0x00, 0xFF, 0xFF, 0xFF, 0xEF, 0xD8, 0xEF, 0xFF, 0xFF, 0xFF, 0x00, 0x00, 0xFF,
  0xFF, 0xFF, 0xFF, 0xFF, 0xFF, 0xFF, 0xFF, 0xFF, 0x00, 0x00, 0xFF, 0xFF, 0xFF, 0x98, 0x00, 0x00, 0x00, 0x00, 0x00, 0x00, 0x00, 0xFF, 0xFF, 0xFF,
  0x98, 0x00, 0x47, 0x78, 0x78, 0x78, 0x00, 0x00, 0xF9, 0xFF, 0xFF, 0x99, 0x00, 0x98, 0xFF, 0xFF, 0xFF, 0x00, 0x00, 0xDF, 0xFF, 0xFF, 0xB2, 0x00,
  0xAC, 0xFF, 0xFF, 0xEE, 0x00, 0x00, 0x97, 0xFF, 0xFF, 0xFC, 0xAC, 0xFA, 0xFF, 0xFF, 0xB3, 0x00, 0x00, 0x1A, 0xE8, 0xFF, 0xFF, 0xFF, 0xFF, 0xFF,
  0xF8, 0x33, 0x00, 0x00, 0x00, 0x1C, 0x9C, 0xE3, 0xFA, 0xED, 0xB1, 0x32, 0x00, 0x00, 0x00, 0x00, 0x0C, 0xF9, 0xFF, 0xFF, 0x7C, 0x00, 0x00, 0x51,
  0xFF, 0xFF, 0xDE, 0x08, 0x00, 0x00, 0x9C, 0xFF, 0xFF, 0x4F, 0x00, 0x00, 0x01, 0xE6, 0xFF, 0xB9, 0x00, 0x00, 0x00, 0x32, 0xFF, 0xFA, 0x28, 0x00,
  0x00, 0x00, 0x00, 0x00, 0x00, 0x00, 0x00, 0x00, 0x00, 0xFF, 0xFF, 0xFF, 0x98, 0x00, 0x00, 0x00, 0xFF, 0xFF, 0xFF, 0x98, 0x00, 0x00, 0x00, 0xFF,
  0xFF, 0xFF, 0x98, 0x00, 0x00, 0x00, 0xFF, 0xFF, 0xFF, 0x98, 0x00, 0x00, 0x00, 0xFF, 0xFF, 0xFF, 0x98, 0x00, 0x00, 0x00, 0xFF, 0xFF, 0xFF, 0x98,
  0x00, 0x00, 0x00, 0xFF, 0xFF, 0xFF, 0x98, 0x00, 0x00, 0x00, 0xFF, 0xFF, 0xFF, 0x98, 0x00, 0x00, 0x00, 0xFF, 0xFF, 0xFF, 0x98, 0x00, 0x00, 0x00,
  0xFF, 0xFF, 0xFF, 0x98, 0x00, 0x00, 0x00, 0xFF, 0xFF, 0xFF, 0x98, 0x00, 0x00, 0x00, 0xFF, 0xFF, 0xFF, 0x98, 0x00, 0x00, 0x00, 0xFF, 0xFF, 0xFF,
  0x98, 0x00, 0x00, 0x00, 0xFF, 0xFF, 0xFF, 0x98, 0x00, 0x00, 0x00, 0x00, 0x00, 0x3F, 0x4C, 0x08, 0x00, 0x05, 0x38, 0x1F, 0x00, 0x00, 0x00, 0x00,
  0x89, 0xFF, 0xFF, 0xE0, 0x6B, 0x82, 0xFF, 0x86, 0x00, 0x00, 0x00, 0x00, 0xEA, 0xFF, 0xEF, 0xFE, 0xFF, 0xFF, 0xFF, 0x67, 0x00, 0x00, 0x00, 0x06,
  0xDB, 0xB4, 0x00, 0x2B, 0xAF, 0xF6, 0xC6, 0x0D, 0x00, 0x00, 0x00, 0x00, 0x00, 0x00, 0x00, 0x00, 0x00, 0x00, 0x00, 0x00, 0x00, 0x00, 0x00, 0x00,
  0x00, 0x00, 0x00, 0x00, 0x00, 0x00, 0x00, 0x00, 0x00, 0x00, 0x00, 0xFF, 0xFF, 0xFF, 0x98, 0x3A, 0xB3, 0xF1, 0xEE, 0x7C, 0x00, 0x00, 0x00, 0xFF,
  0xFF, 0xFF, 0xE5, 0xFD, 0xFF, 0xFF, 0xFF, 0xFF, 0x40, 0x00, 0x00, 0xFF, 0xFF, 0xFF, 0xF2, 0x8D, 0x93, 0xFF, 0xFF, 0xFF, 0x87, 0x00, 0x00, 0xFF,
  0xFF, 0xFF, 0x98, 0x00, 0x04, 0xFF, 0xFF, 0xFF, 0x97, 0x00, 0x00, 0xFF, 0xFF, 0xFF, 0x98, 0x00, 0x00, 0xFF, 0xFF, 0xFF, 0x98, 0x00, 0x00, 0xFF,
  0xFF, 0xFF, 0x98, 0x00, 0x00, 0xFF, 0xFF, 0xFF, 0x98, 0x00, 0x00, 0xFF, 0xFF, 0xFF, 0x98, 0x00, 0x00, 0xFF, 0xFF, 0xFF, 0x98, 0x00, 0x00, 0xFF,
  0xFF, 0xFF, 0x98, 0x00, 0x00, 0xFF, 0xFF, 0xFF, 0x98, 0x00, 0x00, 0xFF, 0xFF, 0xFF, 0x98, 0x00, 0x00, 0xFF, 0xFF, 0xFF, 0x98, 0x00, 0x00, 0xFF,
  0xFF, 0xFF, 0x98, 0x00, 0x00, 0xFF, 0xFF, 0xFF, 0x98, 0x00, 0x00, 0xFF, 0xFF, 0xFF, 0x98, 0x00, 0x00, 0xFF, 0xFF, 0xFF, 0x98, 0x00, 0x00, 0xFF,
  0xFF, 0xFF, 0x98, 0x00, 0x00, 0xFF, 0xFF, 0xFF, 0x98, 0x00, 0x00, 0xFF, 0xFF, 0xFF, 0x98, 0x00, 0x00, 0xFF, 0xFF, 0xFF, 0x98, 0x00, 0x00, 0xFF,
  0xFF, 0xFF, 0x98, 0x00, 0x00, 0xFF, 0xFF, 0xFF, 0x98, 0x00, 0x00, 0x00, 0x00, 0x00, 0x00, 0x0B, 0xF6, 0xFF, 0xFF, 0x9B, 0x00, 0x00, 0x00, 0x00,
  0x00, 0x00, 0x57, 0xFF, 0xFF, 0xEF, 0x15, 0x00, 0x00, 0x00, 0x00, 0x00, 0x00, 0xAB, 0xFF, 0xFF, 0x6D, 0x00, 0x00, 0x00, 0x00, 0x00, 0x00, 0x09,
  0xF4, 0xFF, 0xD2, 0x03, 0x00, 0x00, 0x00, 0x00, 0x00, 0x00, 0x52, 0xFF, 0xFF, 0x40, 0x00, 0x00, 0x00, 0x00, 0x00, 0x00, 0x00, 0x00, 0x00, 0x00,
  0x00, 0x00, 0x00, 0x00, 0x00, 0x00, 0x15, 0x90, 0xDC, 0xF7, 0xEE, 0xC2, 0x5C, 0x00, 0x00, 0x00, 0x19, 0xE5, 0xFF, 0xFF, 0xFF, 0xFF, 0xFF, 0xFF,
  0x91, 0x00, 0x00, 0x9A, 0xFF, 0xFF, 0xFB, 0x80, 0xB7, 0xFF, 0xFF, 0xFF, 0x2E, 0x00, 0xE3, 0xFF, 0xFF, 0xB3, 0x00, 0x1B, 0xFF, 0xFF, 0xFF, 0x79,
  0x00, 0xFC, 0xFF, 0xFF, 0x99, 0x00, 0x01, 0xFF, 0xFF, 0xFF, 0x93, 0x00, 0xFF, 0xFF, 0xFF, 0x98, 0x00, 0x00, 0xFF, 0xFF, 0xFF, 0x98, 0x00, 0xFF,
  0xFF, 0xFF, 0x98, 0x00, 0x00, 0xFF, 0xFF, 0xFF, 0x98, 0x00, 0xFF, 0xFF, 0xFF, 0x98, 0x00, 0x00, 0xFF, 0xFF, 0xFF, 0x98, 0x00, 0xFF, 0xFF, 0xFF,
  0x98, 0x00, 0x00, 0xFF, 0xFF, 0xFF, 0x98, 0x00, 0xFC, 0xFF, 0xFF, 0x99, 0x00, 0x01, 0xFF, 0xFF, 0xFF, 0x93, 0x00, 0xE3, 0xFF, 0xFF, 0xB1, 0x00,
  0x1A, 0xFF, 0xFF, 0xFF, 0x79, 0x00, 0x9B, 0xFF, 0xFF, 0xFA, 0x85, 0xB3, 0xFF, 0xFF, 0xFF, 0x30, 0x00, 0x1A, 0xE6, 0xFF, 0xFF, 0xFF, 0xFF, 0xFF,
  0xFF, 0x93, 0x00, 0x00, 0x00, 0x17, 0x94, 0xDD, 0xF8, 0xEF, 0xC4, 0x5F, 0x00, 0x00, 0x00, 0x00, 0x00, 0x00, 0x00, 0x02, 0xE8, 0xFF, 0xFF, 0xAC,
  0x00, 0x00, 0x00, 0x00, 0x00, 0x00, 0x00, 0x3F, 0xFF, 0xFF, 0xF7, 0x20, 0x00, 0x00, 0x00, 0x00, 0x00, 0x00, 0x00, 0x94, 0xFF, 0xFF, 0x81, 0x00,
  0x00, 0x00, 0x00, 0x00, 0x00, 0x00, 0x02, 0xE6, 0xFF, 0xE2, 0x0A, 0x00, 0x00, 0x00, 0x00, 0x00, 0x00, 0x00, 0x3E, 0xFF, 0xFF, 0x56, 0x00, 0x00,
  0x00, 0x00, 0x00, 0x00, 0x00, 0x00, 0x00, 0x00, 0x00, 0x00, 0x00, 0x00, 0x00, 0x00, 0x00, 0xFF, 0xFF, 0xFF, 0x98, 0x00, 0x00, 0xFF, 0xFF, 0xFF,
  0x98, 0x00, 0x00, 0xFF, 0xFF, 0xFF, 0x98, 0x00, 0x00, 0xFF, 0xFF, 0xFF, 0x98, 0x00, 0x00, 0xFF, 0xFF, 0xFF, 0x98, 0x00, 0x00, 0xFF, 0xFF, 0xFF,
  0x98, 0x00, 0x00, 0xFF, 0xFF, 0xFF, 0x98, 0x00, 0x00, 0xFF, 0xFF, 0xFF, 0x98, 0x00, 0x00, 0xFF, 0xFF, 0xFF, 0x98, 0x00, 0x00, 0xFF, 0xFF, 0xFF,
  0x98, 0x00, 0x00, 0xFF, 0xFF, 0xFF, 0x98, 0x00, 0x00, 0xFF, 0xFF, 0xFF, 0x98, 0x00, 0x00, 0xFF, 0xFF, 0xFF, 0x98, 0x00, 0x00, 0xFF, 0xFF, 0xFF,
  0x98, 0x00, 0x00, 0xFF, 0xFF, 0xFF, 0x98, 0x00, 0x00, 0xFF, 0xFF, 0xFF, 0x98, 0x00, 0x00, 0xFF, 0xFF, 0xFF, 0x98, 0x00, 0x00, 0xFF, 0xFF, 0xFF,
  0x98, 0x00, 0x00, 0xFF, 0xFF, 0xFF, 0x98, 0x00, 0x00, 0xFF, 0xFF, 0xFF, 0x98, 0x00, 0x00, 0xFF, 0xFF, 0xFF, 0x9E, 0x00, 0x00, 0xFF, 0xFF, 0xFF,
  0x98, 0x00, 0x00, 0xF0, 0xFF, 0xFF, 0xE1, 0x58, 0x95, 0xFF, 0xFF, 0xFF, 0x98, 0x00, 0x00, 0xAC, 0xFF, 0xFF, 0xFF, 0xFF, 0xEB, 0xFF, 0xFF, 0xFF,
  0x98, 0x00, 0x00, 0x1A, 0xBF, 0xF8, 0xE2, 0x8E, 0x10, 0xFF, 0xFF, 0xFF, 0x98, 0x00, 0x00, 0x00, 0xFF, 0xFF, 0xDC, 0x00, 0x98, 0xFF, 0xFF, 0xFF,
  0x00, 0x00, 0x00, 0x00, 0xFF, 0xFF, 0xDC, 0x00, 0x98, 0xFF, 0xFF, 0xFF, 0x00, 0x00, 0x00, 0x00, 0xFF, 0xFF, 0xDC, 0x00, 0x98, 0xFF, 0xFF, 0xFF,
  0x00, 0x00, 0x00, 0x00, 0x00, 0x00, 0x00, 0x00, 0x00, 0x00, 0x00, 0x00, 0x00, 0x00, 0x00, 0x00, 0x00, 0x00, 0x00, 0x00, 0x00, 0x00, 0x00, 0x00,
  0x00, 0x00, 0x00, 0xFF, 0xFF, 0xFF, 0xDC, 0x00, 0x98, 0xFF, 0xFF, 0xFF, 0x00, 0x00, 0x00, 0xFF, 0xFF, 0xFF, 0xDC, 0x00, 0x98, 0xFF, 0xFF, 0xFF,
  0x00, 0x00, 0x00, 0xFF, 0xFF, 0xFF, 0xDC, 0x00, 0x98, 0xFF, 0xFF, 0xFF, 0x00, 0x00, 0x00, 0xFF, 0xFF, 0xFF, 0xDC, 0x00, 0x98, 0xFF, 0xFF, 0xFF,
  0x00, 0x00, 0x00, 0xFF, 0xFF, 0xFF, 0xDC, 0x00, 0x98, 0xFF, 0xFF, 0xFF, 0x00, 0x00, 0x00, 0xFF, 0xFF, 0xFF, 0xDC, 0x00, 0x98, 0xFF, 0xFF, 0xFF,
  0x00, 0x00, 0x00, 0xFF, 0xFF, 0xFF, 0xDC, 0x00, 0x98, 0xFF, 0xFF, 0xFF, 0x00, 0x00, 0x00, 0xFF, 0xFF, 0xFF, 0xDC, 0x00, 0x98, 0xFF, 0xFF, 0xFF,
  0x00, 0x00, 0x00, 0xFF, 0xFF, 0xFF, 0xDC, 0x00, 0x98, 0xFF, 0xFF, 0xFF, 0x00, 0x00, 0x00, 0xFF, 0xFF, 0xFF, 0xDC, 0x00, 0x98, 0xFF, 0xFF, 0xFF,
  0x00, 0x00, 0x00, 0xFF, 0xFF, 0xFF, 0xDF, 0x00, 0x98, 0xFF, 0xFF, 0xFF, 0x00, 0x00, 0x00, 0xE8, 0xFF, 0xFF, 0xFB, 0x63, 0xDD, 0xFF, 0xFF, 0xFF,
  0x00, 0x00, 0x00, 0xB3, 0xFF, 0xFF, 0xFF, 0xFF, 0xED, 0xFF, 0xFF, 0xFF, 0x00, 0x00, 0x00, 0x24, 0xCE, 0xF7, 0xCA, 0x48, 0x98, 0xFF, 0xFF, 0xFF,
  0x00, 0x00,
};
